TDS_estimated,TDS_estimated_min,Turbidity_synthetic,Potable,Outbreak,Water_Quality_Score
3.779431582754925,2.900863675618084,21.890236944889537,1,0,0.3005086256619999
3.707528709365852,2.8432968041538027,37.96192281668589,1,0,0.3855067904147658
3.713355760241321,2.900863675618084,12.02663145141621,1,0,0.22287766766294373
3.671406270386683,2.9965639853595007,7.645563392897551,1,0,0.2023753342771748
3.648283886970039,2.966226552466967,32.076008026208186,1,0,0.35409784489539087
3.675522040198069,2.99061045405562,5.961951493697376,1,0,0.19353992973624876
3.711419298854736,3.139375858200595,42.467799630751706,1,0,0.4636621047663993
3.67346746379471,3.084980201987224,13.188860829316123,1,0,0.2559383356929369
3.732404785461451,3.488664610282048,18.710486967345457,1,0,0.3880237009071365
3.635310469770924,3.412940027689836,24.44811292231985,1,0,0.388495621624456
3.789810188572042,3.556369959487704,32.538666815050505,0,0,0.5060563158722667
3.839319399645877,3.409840748025332,18.16057498540729,1,0,0.3854281369618793
3.681646488848405,3.520805254748625,25.552056692980525,1,0,0.4334591788579519
3.768881893333044,3.466304257410829,14.004701085764845,1,0,0.35721776519322535
3.747246030209553,3.5464086689013925,31.660396210038577,1,0,0.4898274867600021
4.056700210050037,3.772417813929504,32.34643598804853,0,1,0.6110062398405957
4.773239140697911,4.222173249207457,7.972614260202175,0,1,0.5988673902784333
4.527434762366312,3.811735916457492,48.49004115091184,0,1,0.7894709244402497
4.2026703550740745,3.819972838390634,18.7117244497822,0,1,0.555109852655865
3.829719219639802,3.504936673236167,35.807342797695526,0,0,0.5255361543705102
3.867285013556724,3.561293060686524,10.510870470450374,1,0,0.38270148392847786
3.856554223248201,3.561293060686524,6.582551884554055,1,0,0.3575323790047717
3.8596385665672086,3.556369959487704,16.67067013759979,1,0,0.4214776362015626
3.671406270386683,2.927815026242165,19.04609223396329,1,0,0.26721199727334694
3.717211193587484,2.9473089190323787,29.608834000960226,1,0,0.3451313512663206
3.58299005375896,3.219480269691158,48.65908118136959,1,1,0.4969587331550522
3.7417208160369433,3.5155593237379508,47.31093431162705,0,1,0.582166640448849
3.899884652828887,3.42214881965918,31.941451078308884,1,0,0.492842535787321
4.105662053869821,3.510270037434019,8.990208986350808,1,0,0.41138377641445123
4.117081659353075,3.9631119932639183,7.048622116354379,1,1,0.4836138639819621
4.497481288985457,4.422880504295639,22.502681907958564,0,1,0.6727754181741913
4.65121627381003,4.441742380236569,42.30978128062535,0,1,0.823790047716428
4.700206624366762,4.524174993010086,17.667560773182917,0,1,0.6702322898641917
3.9631119932639183,3.756350024405616,11.373382088618182,1,1,0.4500026217817629
4.685137255854554,4.075639799264315,8.401015973129521,0,1,0.5789156310628704
3.551408694332941,2.9408767040861377,39.7580718243406,1,0,0.3876828692779613
3.538834616007311,2.87987818901137,5.277353101872455,1,0,0.15437051019873108
3.4490059070825607,2.886950084170784,36.83372397343156,1,0,0.3488018457343611
3.3513228562111674,2.737066316170276,39.70964707620493,1,0,0.33658434271931204
3.437208338001704,2.8357227512597207,21.13494044546743,1,0,0.23813643752294059
3.701648116691032,2.812447458990361,43.86272646777479,1,1,0.4190131613444497
4.0371830025661,2.1326108865121305,19.892977085283675,1,0,0.290519637145404
3.707528709365852,3.105299368908555,19.00626074222701,1,0,0.30239630853127786
3.867285013556724,3.1762205633663405,37.85693418975542,1,0,0.4756698652404174
3.8793324281139294,3.1487877925300003,44.9428922026569,0,1,0.5185622148812333
3.905637500552684,3.279336946818085,10.409597823104097,1,0,0.32048660269519164
3.671406270386683,3.079797987438347,39.2559339539862,1,0,0.4258297939279534
3.443134306265894,2.8507822696022447,39.71052514353649,1,0,0.36196319018404904
3.592401988088365,3.014099328839894,28.53833631423314,1,0,0.3291122646950868
3.945867426708109,3.2678051032963715,6.148117956158223,1,0,0.30415290231241154
3.561293060686524,3.2678051032963715,6.436977795716865,1,0,0.2304808347753133
3.6242947072870058,3.361454993949843,19.164451249077395,1,0,0.3378690157831263
3.6309268909897554,3.425189205424682,45.8495429452595,0,1,0.529521262650097
3.6265130803919567,3.443134306265894,23.49463169747165,1,0,0.3886004928949714
3.747246030209553,3.5285943975455893,15.298802073738129,1,0,0.37942425672487023
3.648283886970039,3.466304257410829,18.04469719136481,1,0,0.3641917046825022
3.660999537028744,3.454824128971361,46.86597963877028,0,1,0.5495254575009176
3.681646488848405,3.488664610282048,33.5352531411894,1,0,0.47716428084526247
3.689722305782301,3.460589933734476,41.17212737753879,0,0,0.5209218184678307
3.864237388750168,3.3647970380977803,45.18599639661443,0,1,0.5573383671543181
3.585356045363009,2.9724101754504786,41.3669350459766,1,0,0.4073200146819778
3.703614324074693,3.1534423585006115,19.314232272574603,1,0,0.3126999108594201
3.580615282945177,3.124993230455277,15.272375401141575,1,0,0.2620995228357192
3.726749373109132,3.2678051032963715,41.842741738127856,1,0,0.48665513082691
3.563740482407102,3.158063317203643,5.331047582288341,1,0,0.20457763095799908
3.613086014491672,3.286910999712168,23.791520087932263,1,0,0.3525247758376593
4.295513852835955,3.2639145138074874,10.408443836472646,1,0,0.38943946305909494
4.4323809261507,3.5337349874318376,47.44526226117501,0,1,0.715510460909234
4.262768095897399,3.75453955643731,28.37554604633937,0,1,0.6157254470137906
4.228256119166858,3.656788995525996,21.40442154244585,0,0,0.5446227256043207
3.327038100010129,3.1487877925300003,48.31850516530619,1,1,0.4491374338000105
4.048735662819263,2.5875528114141124,27.388364532588582,1,0,0.36324786324786323
3.0745734686292843,2.5875528114141124,17.81895636328279,1,0,0.14878611504378375
3.0639947153805096,2.7098281629422463,32.44579708780242,1,0,0.25378847464737037
3.864237388750168,2.6309592730709195,7.327311367102983,1,0,0.19739394892769127
4.62570399918634,3.728640068723488,45.88304629245653,0,1,0.7702794819359235
4.858791497529558,4.087602764392093,11.544050733205829,0,1,0.6195008127523464
4.850013102348458,4.396169248426053,49.36601014736026,0,1,0.886057364584972
4.293954777765312,3.749077218869414,35.27880323512534,0,1,0.6648838550679042
3.715286380106552,3.1806805117286405,15.720744802475672,1,0,0.29599916102983587
3.960489038772857,3.202525635805094,21.575283375478577,1,0,0.39350322479156835
3.594733502506606,2.9408767040861377,33.528096656306644,1,0,0.3525247758376593
3.488664610282048,3.095220420448946,9.092180555000798,1,0,0.20525929421634945
3.643988568833728,2.7281151213064425,19.441899636925843,1,0,0.24054847674479576
3.639664228057485,2.8654955612660524,6.856387889043715,1,0,0.17458444759058256
3.556369959487704,3.0693059491819144,35.49098620746763,1,0,0.38233443448167376
3.556369959487704,3.3844908996445024,28.05224265117629,1,0,0.3918252844633212
3.5464086689013925,3.219480269691158,34.03895931457913,1,0,0.39932358030517534
3.520805254748625,3.158063317203643,36.10581441300549,1,0,0.39879922395259815
3.531169853737413,3.1534423585006115,47.15770559127532,1,1,0.46832887630433645
3.5155593237379508,3.1487877925300003,20.35197502621758,1,0,0.29261706255571285
3.842487722948185,3.460589933734476,46.64492447947758,0,1,0.5858633527345184
3.895535825223876,3.406726386648581,16.633083162136028,1,0,0.3870798594724975
3.83132928338204,3.4342246496139848,41.7962705803311,0,0,0.5451995175921556
3.861175181951233,3.440178180917866,28.84361436665352,1,0,0.46924649992134654
3.789810188572042,3.440178180917866,9.223627325473853,1,0,0.3224267211997273
3.823238151596328,3.4490059070825607,45.54301754880266,0,1,0.5708405432331812
3.832935306809513,3.443134306265894,20.26972557427161,1,0,0.4067956583294006
4.109838251396171,3.4803707577108454,37.70487532978151,0,0,0.592889727859053
3.8456404386832608,3.4490059070825607,44.94888030129319,0,1,0.5732263646374075
4.075639799264315,3.51292014474028,33.89485331884338,0,0,0.5700540087043154
4.090826952571265,3.504936673236167,12.310050431185344,1,0,0.428163179696922
3.775934306292795,3.381250386392313,32.289654959308706,1,0,0.4527817104504221
3.772417813929504,3.341027728050128,9.591249487905014,1,0,0.2947931414189083
3.899884652828887,3.597056554058976,5.234042601597586,1,0,0.367626238791883
3.810075733944182,3.5993712039598966,29.71938225252799,0,0,0.501127366158041
3.832935306809513,3.654673291119917,34.34685277516168,0,0,0.5500760316711237
4.021845863085313,3.732404785461451,37.05760675324981,0,0,0.6283362172932725
4.088679299549203,3.789810188572042,19.673508056721023,0,1,0.5378585286560746
4.080015884689982,3.775934306292795,34.26812890716933,0,1,0.6296733259923445
4.053298962009402,3.446076840185017,34.61561540023546,0,0,0.5512820512820512
3.87783884517235,3.675522040198069,9.229623978515038,1,0,0.40084421372764933
4.078924665329287,3.4747812025308424,16.944058699422282,1,0,0.44842955272403134
4.087602764392093,3.2906646761617027,48.801543237320296,0,1,0.6130774474332756
3.9472105541685374,3.387715087823675,45.1670073534269,0,1,0.5808033139321482
3.908494648155044,3.347909514786936,40.78615420325784,0,0,0.5346337370877249
3.732404785461451,3.58299005375896,30.979057562159497,1,0,0.49045671438309474
3.85189965727759,3.3909231145907435,13.813762581463754,1,0,0.3547008547008547
3.977349182990203,3.3972913263367714,17.635723440730708,1,0,0.4099942320801217
4.215149859106992,3.3340711378185097,34.053718796376046,0,0,0.5472969430024645
4.140320202749295,3.412940027689836,47.36013199347458,0,1,0.6386398196214147
3.798332285196536,3.660999537028744,46.18295741733845,0,1,0.6179801793298726
3.868803400983048,3.428215215790088,5.7314625639203856,1,0,0.32040794924230503
4.051021379534525,3.454824128971361,24.307446067664905,1,0,0.48639295265062127
3.811735916457492,3.4035967960602984,48.395413436801206,0,1,0.5706045828745215
3.8911572448611778,3.4312269860540323,18.265184901297644,1,0,0.4044360547428032
3.87634176846632,3.2639145138074874,43.3134351983179,0,0,0.5295999161029835
3.834537310149108,3.231907844639704,12.64852435302651,1,0,0.3101043469141629
3.861175181951233,3.341027728050128,47.15383976700334,0,1,0.562424623774317
3.858098252947647,3.4312269860540323,30.65650181862987,1,0,0.4776624193802108
3.8748411816123975,3.4490059070825607,32.713688215766624,0,0,0.5006292276230927
3.865763015217545,3.457713524398258,11.323818081641564,1,0,0.3612028734728121
3.844066022145109,3.409840748025332,44.5102638714958,0,1,0.5597504063761732
3.832935306809513,3.3513228562111674,36.39263410526692,1,0,0.4893031304074249
3.826486889536718,3.409840748025332,21.18833605831852,1,0,0.40246971842063867
3.832935306809513,3.483147334733948,41.45230311886296,0,0,0.5576267631482356
3.9350197093872943,3.471968011188098,44.05419053184188,0,1,0.5956950343453411
4.403445812599044,3.483147334733948,28.03249194702011,0,0,0.5721776519322531
4.405416055304379,3.3513228562111674,40.95191666886505,0,0,0.6216768916155418
3.92814531461519,3.361454993949843,36.61976936905516,0,0,0.5152849876776258
3.819972838390634,3.510270037434019,45.06315170497729,0,1,0.5840805411357558
3.803391600081089,3.3972913263367714,21.904807370002985,1,0,0.3961512243720833
3.747246030209553,3.3091097568244168,31.023953190255845,1,0,0.42499082376382996
3.805069189508208,3.387715087823675,25.972558819764487,1,0,0.42074353730795444
3.774178475287514,3.419093921257479,17.916655447518036,1,0,0.3701955849195113
3.865763015217545,3.428215215790088,6.373955039724745,1,0,0.32261024592312937
3.883792376476231,3.5661785805937694,42.03101428635653,0,0,0.5965340045094646
3.8456404386832608,3.592401988088365,10.737806667331782,1,0,0.3845891667977557
3.839319399645877,3.597056554058976,39.65799594801469,0,0,0.5747207802422527
5.6172407329119975,3.543893930891864,33.03486558442315,0,1,0.699124324891196
5.712801174422101,3.815043417358895,7.356032686219917,0,1,0.5881967385034869
4.307087405113264,3.750903183018154,29.356035135458647,0,1,0.6272088511352315
4.126275752026376,3.810075733944182,37.71437636525028,0,1,0.6662996172198626
4.78130801548484,3.301795391497299,28.248957217281056,0,1,0.573908027895758
3.867285013556724,3.419093921257479,40.793852619656604,0,0,0.5438886267107126
5.261918546141839,3.561293060686524,24.757842242634105,0,1,0.643306591159352
4.395503621740987,3.608546988373597,6.183096699627389,1,0,0.46101410518588426
4.790355381305384,3.327038100010129,42.652445060883366,0,1,0.674899061402129
4.937393583232594,3.768881893333044,23.41143872128143,0,1,0.6642546274448115
4.676609481449432,3.9253747475178553,12.05136980330109,0,1,0.5859682240050338
4.770650290013874,3.952555052867688,29.74929078423414,0,1,0.7158250747207803
5.270461118245349,4.307087405113264,34.723635759493234,0,1,0.8085050600388023
4.584430330141851,0.443614195558365,48.00276599989792,0,1,0.5314875989722615
4.553972560758051,0.443614195558365,29.97378995794501,1,1,0.4113575585968224
5.253260405437974,4.165612247661876,23.89501676323401,0,1,0.7258927166902627
4.543489115873979,0.443614195558365,21.053203194850795,1,1,0.3524985580200304
5.237374316798998,4.116051892437427,5.653786147001753,0,1,0.6051334486917309
4.745712070152509,4.165612247661876,7.072051762666554,0,1,0.586125530910807
4.858468509887073,4.257005999097426,43.52991327601065,0,1,0.8432174505794138
4.793938817318855,4.278951006123751,26.34251241873368,0,1,0.7255256672434586
4.748787151143574,4.254520559080531,27.14519854687257,0,1,0.7228776676629437
4.605879405333984,4.009792776152135,12.81406682971264,0,1,0.5919721042420429
4.052161183931962,3.724853075425512,22.957668286506284,0,0,0.5397199937077238
4.129311330839824,3.556369959487704,33.581085032652815,0,0,0.5886948770384354
4.277351005290416,3.42214881965918,21.884337883587715,1,0,0.4980860993130931
3.9734976167018425,3.69372231880321,27.67516423953085,0,0,0.5465890619264853
4.290825187177028,4.109838251396171,34.64820465428832,0,1,0.7061244821981019
4.2186711884855415,3.691725437308014,8.202695190018309,1,0,0.4638194116721724
3.993776540909293,3.758155385264266,6.216403542120256,1,1,0.42735042735042733
3.975811336835765,3.531169853737413,47.33324063172764,0,1,0.6396098788736826
3.981177708863833,2.2699133996498007,22.493257126449866,1,0,0.30029888312096903
4.210098250798919,3.806742393075613,25.644351075021305,0,1,0.599470400083897
4.082192757537015,3.732404785461451,47.3816778488606,0,1,0.7044989775051125
4.075639799264315,3.689722305782301,48.2904742031626,0,1,0.6991767605264538
4.016690829126588,3.4490059070825607,13.813387094529554,1,0,0.4082900739342457
4.061656236224056,3.446076840185017,9.535750169902128,1,0,0.386974988201982
3.9882635859123328,3.6976974868625,9.277173344450258,1,0,0.4306014367364061
4.0129484813889205,3.703614324074693,8.216289508422179,1,0,0.43146662471815844
3.981177708863833,2.334756774139956,43.02031549074339,1,0,0.43809973257826024
3.984983468343978,3.675522040198069,41.66231358268157,0,0,0.6382465523569819
4.1264785725002655,3.7949370517695327,10.34616795280993,1,1,0.48248649782392117
4.130723021974666,3.798332285196536,33.33867404356892,0,1,0.6356247705940957
4.2045578643419255,3.803391600081089,38.111979791821845,0,1,0.6801164071102721
4.210098250798919,3.808411233656145,17.69902614483769,0,1,0.548135913166588
4.3004002608667,3.504936673236167,38.81236094707084,0,0,0.6352577211472917
4.303252762125574,3.4995584903264847,49.59048737160901,0,1,0.7023491164595459
3.8550064594950615,3.51292014474028,21.770744630464204,1,0,0.4436054742803209
3.8596385665672086,3.5337349874318376,20.372083180085948,1,0,0.44137695978186775
4.015847693594841,3.669338417214557,43.64580157968953,0,0,0.6563368465208956
4.023038780485674,3.608546988373597,38.8195536030572,0,0,0.6138639819621415
3.945867426708109,3.608546988373597,9.676187638770443,1,0,0.4052488070892979
4.026604249317325,3.368121720899127,27.769634931602667,1,0,0.47920927062031354
4.027788338461748,3.800023171252753,19.43830182654312,0,1,0.5257196790939123
3.9445214745821695,3.800023171252753,22.51450303652732,0,1,0.5283414608567983
3.894079624368111,3.7653263286324985,45.74574371474736,0,1,0.6615017565937812
3.914170960309142,3.772417813929504,19.40630074118792,1,1,0.4961721986261863
3.905637500552684,3.51292014474028,47.799718017390944,0,1,0.6223847726915211
3.7229511423764494,3.327038100010129,33.4493699553244,1,0,0.4406690787058885
3.732404785461451,3.129823442061922,18.206751817632405,1,0,0.30651250589900897
3.717211193587484,3.0693059491819144,35.291297873692685,1,0,0.40490797546012275
3.823238151596328,3.1152220482915727,40.65124594975043,1,0,0.46979707409155264
3.687712884979313,3.271672184548188,9.122507438473535,1,0,0.2655864925803576
3.7229511423764494,3.3779933819075314,7.610602892551153,1,0,0.2826805096743747
3.832935306809513,3.425189205424682,24.90289768884293,1,0,0.4318598919825914
3.793232656621063,3.3779933819075314,20.795616189140805,1,0,0.38254417702270466
3.736147486186202,3.354718089638171,11.463076852701567,1,0,0.3043102092181847
4.046441753553462,3.520805254748625,32.823904719420696,0,0,0.5587803471239055
4.283727147692767,3.531169853737413,8.814833880156144,1,0,0.44412983063289807
4.105662053869821,3.51292014474028,8.308078082978906,1,0,0.40847359865764776
3.819972838390634,3.58299005375896,36.78400772336722,0,0,0.5482145666194747
4.048735662819263,3.5337349874318376,8.857643562311903,1,0,0.4059566881652772
3.9027675405863937,3.457713524398258,21.856651110432875,1,0,0.43975145508887836
3.796636919966727,3.551408694332941,41.611944115800426,0,0,0.5674060091238006
4.117081659353075,3.330564279729149,49.40106506712005,0,1,0.6291227518221384
3.839319399645877,3.585356045363009,21.934887208106264,1,0,0.45632111583031826
3.941821048634837,3.60626534602832,39.993622512987216,0,0,0.6032719836400818
3.51292014474028,3.171729316864807,24.12182992189066,1,0,0.3213255728593152
3.603975540365674,3.330564279729149,10.021640792041154,1,0,0.267395521996749
3.526008535441905,3.2906646761617027,5.527439028772828,1,0,0.22599758796077818
4.096164764997646,3.4747812025308424,7.538514383303358,1,0,0.3916679775575482
3.864237388750168,3.425189205424682,10.313768132195705,1,0,0.3433223218499292
3.896988720285981,3.279336946818085,38.59475338191756,0,0,0.5051911278905145
3.8911572448611778,3.451921629665512,48.312351485068376,0,1,0.6053694090503906
3.813391803539061,3.446076840185017,17.890166970643723,1,0,0.3865555031199203
3.839319399645877,3.3647970380977803,15.098793923193874,1,0,0.3526558649258036
4.073440484385223,3.663094465249524,5.586458797818325,1,0,0.4190918147973362
4.056700210050037,3.5686074260136422,6.978347042341162,1,0,0.40440983692517446
4.347818324851207,3.726749373109132,28.78972221424849,0,0,0.6239578417492528
3.818333913039163,3.471968011188098,8.341993419063064,1,0,0.3334906402391065
3.818333913039163,3.457713524398258,48.63858772524178,0,1,0.5917099260657542
3.9267615302923127,3.622068618086158,33.35025910795337,0,0,0.5596193172880289
3.9027675405863937,3.3779933819075314,25.478840047597643,1,0,0.4396203660007341
3.941821048634837,3.412940027689836,31.329666072678503,1,0,0.49585758481464
4.359196402304828,3.563740482407102,7.057334852618109,1,0,0.4512348592103193
3.75453955643731,2.651606224890581,47.80194208936796,1,1,0.43513711918619896
3.669338417214557,3.1851095951491675,25.527308639005884,1,0,0.3541764983482775
3.68569713528146,3.235997315422917,17.489086810345768,1,0,0.3127785643123066
3.5076089109388744,2.796446625578894,25.87882243653644,1,0,0.27208851135231504
3.781173080428116,2.796446625578894,31.26746431445633,1,0,0.34756960830580463
3.215283533341617,2.796446625578894,48.87947581664879,1,1,0.3836977609983745
3.344477871176449,2.7631923926632385,36.435206755229096,1,0,0.31849404855539826
3.223649665544723,2.812447458990361,18.954976633315752,1,0,0.19188820722563052
3.275516039946724,2.959982600501933,35.81822930885648,1,0,0.3289549577893136
3.409840748025332,2.87987818901137,46.019770512299786,1,1,0.4011588275391957
3.454824128971361,2.598683526749708,47.76606843082104,1,1,0.38637197839651827
3.7653263286324985,2.788293649081339,32.619432032273664,1,0,0.35320643909600963
3.4968523552163906,2.609623964099661,47.00306672644827,1,1,0.3873420376487861
3.2678051032963715,2.927815026242165,7.0357017761167295,1,0,0.13533637460017828
3.880822533560069,2.953677130778406,21.972307645819736,1,0,0.334146085679828
3.361454993949843,2.886950084170784,49.43248201527024,1,1,0.41804310209218193
3.538834616007311,2.959982600501933,31.749361288329744,1,0,0.3352210162026113
3.821607577465896,3.1487877925300003,48.678330382234975,0,1,0.5261653819936029
3.483147334733948,2.966226552466967,42.741116985304686,1,0,0.40249593623826757
3.738010660718975,2.907708660652802,23.677097590690863,1,0,0.30659115935189557
3.721043540368042,2.934379186349166,7.569074045415476,1,0,0.2013004037543915
3.223649665544723,2.7631923926632385,41.61277280628477,1,0,0.335850243825704
4.011008351066472,3.090120791873473,49.870936080421934,0,1,0.5673797913061717
2.966226552466967,2.6716078527332074,39.63245757506135,1,0,0.2920402705678779
3.0024626446266525,2.820300318249122,43.24155911484055,1,0,0.3343820460384877
3.0083074341071465,2.17676632426378,25.27837160124206,1,0,0.17191023019243878
3.347909514786936,2.6616851733501905,47.95259040490552,1,1,0.3803156625242515
3.440178180917866,2.6616851733501905,15.31203394804183,1,0,0.1805358921923339
3.409840748025332,2.681379034896912,32.82798359890903,1,0,0.29295789418488805
3.446076840185017,2.6716078527332074,10.13323457734152,1,0,0.14658381836295944
3.4312269860540323,2.6716078527332074,28.440346537746187,1,0,0.26577001730375965
3.9644194503069903,2.7458940423349705,28.44114159919025,1,0,0.36775732788002724
2.780035469986358,2.310987464092303,29.851402019425155,1,0,0.19479838498243407
3.3234923845697346,2.4775686469810494,44.46282184195714,1,1,0.3420900844213728
2.9144812106243463,2.464094465094437,11.0315241459719,1,0,0.0845262440354465
3.756350024405616,3.014099328839894,39.004477503296506,1,0,0.4253316553930051
3.193876855538391,2.6716078527332074,36.69039137753008,1,0,0.2910702113156101
3.3941151411578083,2.9408767040861377,11.137210064104304,1,0,0.1797493576634681
3.090120791873473,2.780035469986358,20.794669315393296,1,0,0.1890566829217136
3.42214881965918,2.7190369549115903,22.665953072368296,1,0,0.23187037910964292
3.939109180170508,2.7004849313127086,45.70085941529064,1,1,0.4702689948088721
3.090120791873473,2.4775686469810494,28.15374283687434,1,0,0.20945414503696713
3.3909231145907435,3.3909231145907435,22.86551968616798,1,0,0.34051701536364115
3.541369272785613,3.454824128971361,43.839992925208506,0,1,0.5153112054952546
3.211059095561552,3.0693059491819144,11.648059918022804,1,0,0.1814797336269729
4.136338852429229,3.4859119178664386,27.155915051546646,0,0,0.5286298568507157
3.654673291119917,3.079797987438347,25.696926019494992,1,0,0.33459178857951866
3.330564279729149,2.4071680740438794,27.1787635133804,1,0,0.22549944942582978
2.5163684049435684,2.503694723474013,33.50908139272945,1,0,0.2233758061978921
2.87987818901137,2.8280579889898227,8.41756134389124,1,0,0.10012584552461852
2.9965639853595007,2.966226552466967,10.76661461450634,1,0,0.13937391851502282
2.796446625578894,2.7546016596506684,11.265144489398692,1,0,0.10557915159142152
2.8432968041538027,2.804497046191284,13.194432144781269,1,0,0.12689423732368518
2.7546016596506684,2.7546016596506684,45.36853420097932,1,1,0.32911226469508675
3.053238159658026,3.0255282039758984,35.045359569510424,1,0,0.3133291384825127
2.9408767040861377,2.9144812106243463,13.654207742005248,1,0,0.14849771904986628
3.0422977223080734,2.7281151213064425,12.610553385786345,1,0,0.12453463373708773
3.1201262868487367,2.1093355942427707,12.96823942352646,1,0,0.09802842011430968
3.058639035591379,2.237764839338547,10.442707758793802,1,0,0.07739499764039641
3.3127358288472504,2.87987818901137,14.297084626461295,1,0,0.18071941691573593
3.105299368908555,2.1326108865121305,27.675216014724963,1,0,0.1930942268365581
3.0024626446266525,2.155069331191344,6.793048291453958,1,0,0.05136070473493787
3.189508237893336,2.2568707357543434,33.25812523815008,1,0,0.24117770436788843
2.886950084170784,2.5409868246733582,44.33762321134724,1,1,0.30842640658591575
3.1762205633663405,2.820300318249122,7.757302438264685,1,0,0.11619736773111007
3.014099328839894,2.1093355942427707,41.30161088099359,1,0,0.27607361963190186
3.0693059491819144,2.4071680740438794,13.309871442272724,1,0,0.10623459703214304
3.079797987438347,2.421881365707687,21.68616695475878,1,0,0.1632583503749148
3.129823442061922,2.503694723474013,32.83301106443554,1,0,0.24555607991190812
3.354718089638171,2.310987464092303,25.83913776876801,1,0,0.2160348172618111
3.305463023311049,2.9408767040861377,6.659088339929373,1,0,0.1402391064967752
2.99061045405562,2.5646932385487817,37.12750351407815,1,0,0.2678674427140684
3.1487877925300003,2.780035469986358,28.04224001967141,1,0,0.24041738765665147
3.6976974868625,2.651606224890581,9.839284466133863,1,0,0.17712757590058203
4.08327842361585,2.2568707357543434,28.9776777362346,1,0,0.36164857637250275
3.749077218869414,3.139375858200595,17.1300900673315,1,0,0.3039693775890095
4.310138662382687,3.235997315422917,5.917085958636966,1,0,0.36065229930260606
3.915582206746463,3.079797987438347,14.527983742893952,1,0,0.31550521734570813
3.105299368908555,2.737066316170276,10.416949469895078,1,0,0.11488647684966703
3.058639035591379,2.7458940423349705,31.73243169855715,1,0,0.2520318808662367
2.7190369549115903,2.237764839338547,40.52625856491797,1,0,0.26015940433118345
2.7098281629422463,2.2568707357543434,8.92596762826927,1,0,0.053327041057102405
2.966226552466967,2.6616851733501905,31.429961734555388,1,0,0.23603901211263176
3.454824128971361,2.780035469986358,24.429087255420367,1,0,0.25439148445283416
3.014099328839894,2.6309592730709195,17.78085942200149,1,0,0.14776362015625819
4.0395102778578655,3.8361353134762046,34.08933250820294,0,1,0.6304598605212103
3.899884652828887,3.669338417214557,21.062825622188576,1,0,0.4828535472707252
4.343498848387252,3.660999537028744,32.27017081402705,0,0,0.6320329295789419
3.868803400983048,3.69372231880321,9.586125087493643,1,0,0.4043311834722878
3.8867485018242593,3.660999537028744,16.074343058170744,1,0,0.44465418698547526
4.1741393908288975,3.671406270386683,13.40741635204656,1,0,0.4861832101095905
6.221328600274604,3.3647970380977803,12.857602512103623,0,1,0.5238319962246343
4.350681864303955,3.660999537028744,8.633338376676143,1,0,0.47892087462639615
4.100403191084361,3.74356785916599,23.508138698691017,0,0,0.5566567038959677
4.762445049419275,3.667263861103088,10.060698251842949,0,1,0.5384877562791673
4.015847693594841,3.381250386392313,48.66092694534471,0,1,0.6156730113785328
4.229120400189496,3.597056554058976,41.77915021378882,0,0,0.6672172408368727
3.819972838390634,3.5022532311497443,12.715483421939815,1,0,0.3695663572964187
4.477876152432985,1.6415675887753836,46.84685066355323,0,1,0.5273189659692726
3.8793324281139294,3.603975540365674,30.7334323459178,0,0,0.5264275601698915
4.2204246142398585,3.622068618086158,39.63507603404068,0,0,0.6563630643385244
4.402787714854681,3.9862470422983582,19.584296701444888,0,1,0.6090399035184312
3.818333913039163,3.518187664187649,27.851723053821782,1,0,0.47310051911278905
5.149586624688242,4.011008351066472,10.1991015212974,0,1,0.6167217240836873
3.9113390972817146,2.5163684049435684,18.01110909361436,1,0,0.2681558387079859
3.806742393075613,3.4803707577108454,11.964637951566496,1,0,0.35506790414765876
5.2612301889902415,3.68569713528146,28.96925102038567,0,1,0.6946935137119187
3.916990348128608,3.491405513828929,20.1524575286486,1,0,0.440197157988569
5.049972822180183,3.6198347589247057,7.901866393960632,0,1,0.538540191914425
4.346381736144759,3.5337349874318376,19.541123258862864,0,0,0.5239106496775209
5.1754994689945,3.551408694332941,16.494100634139254,0,1,0.5834513135126631
4.404759981438622,3.8823091776663983,39.236490151916136,0,1,0.7264957264957265
5.14979158866117,4.6583225230852365,26.24213743351255,0,1,0.7628860573645849
3.9267615302923127,3.639664228057485,20.73557238728397,1,0,0.48083477531330293
3.806742393075613,3.419093921257479,42.414609438960746,0,0,0.5386712810025694
3.717211193587484,3.520805254748625,10.620542944448074,1,0,0.33975669865240415
3.7863693200687583,3.3941151411578083,47.23218271016182,0,1,0.5546903675738032
3.717211193587484,3.504936673236167,8.019881051238386,1,0,0.31930680090189295
3.745409587055664,3.483147334733948,30.88282002880733,1,0,0.46804048031041895
3.829719219639802,3.483147334733948,11.32021345327284,1,0,0.35774212154580254
4.162744431063453,3.37142922180053,14.080041980796253,1,0,0.4159718944995019
3.813391803539061,3.286910999712168,12.423023832509688,1,0,0.313093178123853
4.308614852139012,3.248111241749649,34.95641180590701,0,0,0.5509412196528761
4.159863706019747,3.235997315422917,21.183862132483902,1,0,0.43610717843846675
4.150166550806561,3.3647970380977803,22.69392007080961,1,0,0.46845996539248075
3.984983468343978,3.597056554058976,24.77609205885725,0,0,0.5114571863038121
4.104613732587109,3.5734376376202874,25.83296075274221,0,0,0.5377274395679303
3.952555052867688,3.561293060686524,38.662292408111696,0,0,0.5876199465156521
3.9445214745821695,3.54891356446692,15.485055193829476,1,0,0.4316501494415605
3.736147486186202,3.330564279729149,22.29541289835112,1,0,0.37184730743012945
3.993776540909293,3.4035967960602984,45.81617566404486,0,1,0.5990771328194642
3.732404785461451,3.526008535441905,10.295490171033435,1,0,0.34156572806879554
3.901327719956624,3.580615282945177,33.25992815379411,0,0,0.5445965077866919
3.711419298854736,3.3127358288472504,11.29671287396477,1,0,0.2892873997168476
4.040670749617341,3.656788995525996,32.92482942308718,0,0,0.5876723821509097
5.717376253476034,3.643988568833728,45.27025330698322,0,1,0.8016359918200409
3.8867485018242593,3.538834616007311,11.837485440773705,1,0,0.39161554192229037
4.044139592797718,3.615343512423172,16.21209751821804,1,0,0.4711341827906245
3.9253747475178553,3.578231667526948,6.5313298688887205,1,0,0.37551780189816997
4.275746994425738,3.683675016695624,39.34812913869308,0,0,0.675239893031304
3.861175181951233,3.3844908996445024,20.4253888754438,1,0,0.39932358030517534
3.770652295568493,3.327038100010129,10.010344935753505,1,0,0.2939803890724136
3.9363857718056185,3.585356045363009,10.75262856531802,1,0,0.40461957946620525
4.338422334518513,3.3513228562111674,40.88479551123135,0,0,0.6125530910806986
4.257832338786143,3.381250386392313,15.34706508889362,1,0,0.44087882124691946
4.404103234331223,3.368121720899127,37.42988094821008,0,0,0.6027476272875045
4.262768095897399,3.3941151411578083,36.25081508543916,0,0,0.5830318284306014
4.065682813644523,3.681646488848405,16.34501255340822,1,0,0.4884641602433013
4.0395102778578655,3.65255056943928,13.208594209858484,1,0,0.4574484819883593
4.307851584308533,3.8166907799158056,31.2698988485832,0,1,0.6516700749829584
4.402128939706448,3.770652295568493,25.83196179802004,0,1,0.6217293272507997
4.026604249317325,3.687712884979313,11.924418295550362,1,0,0.45280792826805105
6.834956328454248,4.592313416719502,27.80678317976141,0,1,0.7941639137958156
4.082192757537015,3.6309268909897554,5.85056005098549,1,0,0.41694195375176973
4.306322312374209,3.681646488848405,46.96965916814209,0,1,0.7257878454197472
4.411940066945687,3.6996758501070905,36.38998719427564,0,0,0.6783598133291385
4.339876880599156,3.69372231880321,36.832358550760254,0,0,0.6698914582350165
4.0701272759503215,3.5993712039598966,30.957670282096714,0,0,0.5677206229353469
5.57994468291133,4.32220026790258,24.12697338957572,0,1,0.7435373079544859
3.9253747475178553,3.592401988088365,47.08284769728229,0,1,0.6401342352262597
3.865763015217545,3.667263861103088,25.29214922768121,0,0,0.5018352472340203
4.075639799264315,3.9253747475178553,49.35204441759152,0,1,0.7459231293587122
4.197246593799852,3.319926915738084,10.648470658699448,1,0,0.3869225525667243
4.718959558342432,4.142301628480577,44.16982005088485,0,1,0.8237900477164279
4.948716302262008,3.9975083299082,31.6271401203747,0,1,0.7477321587751035
3.789810188572042,3.7599556677453,7.4769770862071185,1,1,0.3851659587855907
3.8596385665672086,3.713355760241321,41.12858396625681,0,0,0.6148602590320382
4.027788338461748,3.791523710345301,20.023500118309347,0,1,0.5283938964920559
3.8377293367161736,3.58299005375896,29.218103701053032,0,0,0.5013371086990719
4.765440958927437,3.85189965727759,20.602103596459727,0,1,0.6450107493052278
4.084362251139903,3.687712884979313,38.20602638380926,0,0,0.6376697603691469
4.878191740683278,3.813391803539061,15.12928789940676,0,1,0.6136018037858529
3.65255056943928,3.603975540365674,11.345008540971042,1,0,0.3534423994546694
3.819972838390634,3.587713322429438,27.44255261166077,1,0,0.4869173090031986
3.8550064594950615,3.494134729052262,46.182035856284266,0,1,0.5960620837921451
3.8823091776663983,3.531169853737413,31.151022216988963,0,0,0.5146557600545331
4.001218485226168,3.622068618086158,5.61580012646053,1,0,0.3983535210529076
3.818333913039163,2.1326108865121305,13.048315382998904,1,0,0.19519165224686696
3.354718089638171,2.907708660652802,11.70373221937276,1,0,0.1740338734203765
3.826486889536718,3.344477871176449,8.878880326091027,1,0,0.30462482302973104
3.406726386648581,3.3647970380977803,27.61905860339311,1,0,0.3662366944575533
3.412940027689836,3.158063317203643,8.04403718356534,1,0,0.20130040375439148
3.563740482407102,3.189508237893336,14.47775601356815,1,0,0.26687116564417174
3.637491051096756,3.211059095561552,14.238220070465005,1,0,0.27971789628231347
3.4342246496139848,3.171729316864807,6.660946892555917,1,0,0.1990456714383095
3.491405513828929,3.347909514786936,30.420145151877804,1,0,0.3908552252110535
3.5661785805937694,3.374719717480798,39.914907840608485,1,0,0.46940380682711974
3.483147334733948,3.171729316864807,28.61291453561358,1,0,0.3456032719836401
3.451921629665512,3.283135177550767,23.05365608503443,1,0,0.3269099680142625
3.4312269860540323,3.275516039946724,11.99205343399084,1,0,0.2501179801793299
3.4968523552163906,3.235997315422917,43.813437206428965,1,1,0.45925751140475074
6.799846700899258,4.355662434186871,21.81732945531349,0,1,0.7438257039484033
3.3972913263367714,3.158063317203643,33.9938653362982,1,0,0.3696450107493052
3.779431582754925,3.2639145138074874,6.148287685297669,1,0,0.2627287504588118
6.373740519676885,3.3163414721869344,37.26074840041227,0,1,0.6759477741072834
3.4035967960602984,3.1534423585006115,6.226874700048453,1,0,0.1892664254627445
3.428215215790088,3.301795391497299,15.421399775733054,1,0,0.27746316396623144
3.839319399645877,3.437208338001704,5.8909712599312165,1,0,0.3150857322636464
3.839319399645877,3.437208338001704,41.003078741640806,0,0,0.5425515180116407
3.991276537730371,3.617593075371937,34.38308138679119,0,0,0.5805673535734885
3.839319399645877,3.437208338001704,9.48419883127412,1,0,0.3350637092968381
3.839319399645877,3.437208338001704,37.53486485400675,0,0,0.5201615017565938
4.044139592797718,3.520805254748625,42.375956561892,0,0,0.6226993865030674
3.839319399645877,3.437208338001704,35.071701147499205,0,0,0.5041161973677312
3.839319399645877,3.437208338001704,18.22606105671205,1,0,0.39290021498610456
4.082192757537015,3.531169853737413,5.588577181036739,1,0,0.3940013633265167
3.839319399645877,3.437208338001704,14.355900137621711,1,0,0.36778354569765614
3.85189965727759,3.298106620478579,13.187052754929656,1,0,0.33168161082271513
3.839319399645877,3.437208338001704,23.99837729484093,1,0,0.4313879712652719
3.839319399645877,3.437208338001704,41.79808373812493,0,0,0.54831943788999
3.6418300507673984,3.551408694332941,16.68788225662928,1,0,0.3765140789680667
3.4312269860540323,3.37142922180053,31.57247028515006,1,0,0.3961774421897121
3.443134306265894,3.374719717480798,33.100797446261474,1,0,0.40981070735671965
3.839319399645877,3.437208338001704,29.85886742877921,1,0,0.46851240102773845
3.839319399645877,3.437208338001704,18.28737333119708,1,0,0.39316239316239315
3.279336946818085,2.9144812106243463,39.36685552032951,1,0,0.34607519270095954
3.347909514786936,2.9473089190323787,44.09737767087031,1,1,0.39164175973991927
3.42214881965918,3.053238159658026,45.28222244743449,1,1,0.42577735829269575
3.894079624368111,3.058639035591379,24.13548267387253,1,0,0.36898956530858373
4.009792776152135,3.0745734686292843,17.11219958193521,1,0,0.3522888154789996
3.42214881965918,3.1487877925300003,33.51534519255973,1,0,0.3671543180745635
3.939109180170508,3.193876855538391,11.303912146882864,1,0,0.31870379109642916
3.446076840185017,3.202525635805094,49.316213819283305,1,1,0.481752398930313
3.752723952382782,3.275516039946724,12.735786805440044,1,0,0.30153112054952547
3.865763015217545,3.305463023311049,5.862925069748594,1,0,0.2909391222274658
3.189508237893336,2.959982600501933,10.31718677053569,1,0,0.1505951444601751
3.779431582754925,3.260000128516328,17.353429709376034,1,0,0.33325467988044677
3.466304257410829,3.1806805117286405,34.34267885130131,1,0,0.38393372135703424
3.9027675405863937,3.2906646761617027,14.289386370858846,1,0,0.3493262020869383
3.6265130803919567,3.1440991268710734,11.192492646868915,1,0,0.24387813958366103
3.635310469770924,2.959982600501933,44.346771311364165,1,1,0.4320696345236222
3.4803707577108454,3.235997315422917,32.04640446146336,1,0,0.3789261181899219
3.9987474396853946,3.578231667526948,12.928272562331085,1,0,0.4330134759582613
3.679611510981282,3.271672184548188,23.858771629531763,1,0,0.36151748728435845
3.409840748025332,3.1851095951491675,28.35289820240049,1,0,0.3377903623302396
3.9552106583376463,3.298106620478579,12.511942378282583,1,0,0.35068952860363906
3.870318194589618,3.2906646761617027,8.74928396246442,1,0,0.30596193172880287
3.912756595092629,3.2906646761617027,16.055942125472278,1,0,0.362539982171884
4.007354677965467,3.271672184548188,18.005471221923,1,0,0.39431597713806305
3.992527760025285,3.271672184548188,37.368928400268366,0,0,0.5182213832520581
4.6525547197492285,3.2520987935900565,30.510357318816272,0,1,0.5641812175554507
4.829725615197456,3.29439646516061,34.910448747210125,0,1,0.6229091290440983
6.877400299994279,3.344477871176449,37.98052668470328,0,1,0.6930942268365582
3.8166907799158056,3.248111241749649,6.4132508853556365,1,0,0.2692569870483981
3.603975540365674,3.235997315422917,31.78036025525088,1,0,0.39234964081589846
3.677570041945698,3.223649665544723,27.358430437864897,1,0,0.37423312883435583
3.829719219639802,3.301795391497299,20.07049885959664,1,0,0.3708510303602328
6.800157750454603,3.381250386392313,9.802030878707958,0,1,0.5128729484557705
3.469142399534263,3.2560616545487258,37.78568332849867,1,0,0.4209532798489854
3.669338417214557,3.1982158552090336,35.994063125832064,1,0,0.42603953646898435
6.645422369760281,3.400451826586744,16.14252430440975,0,1,0.557705416601122
3.705574509374242,3.202525635805094,40.99945704894557,1,0,0.4642388967542342
3.732404785461451,3.248111241749649,17.268560973003805,1,0,0.3217712757590058
3.689722305782301,3.167206329842028,21.24720448648884,1,0,0.3267526611084893
4.248683385066573,3.337558884869751,46.284923886240456,0,1,0.6311939594148183
3.543893930891864,3.1152220482915727,47.77648689345539,1,1,0.46701798542289347
3.3779933819075314,3.124993230455277,13.34928717587682,1,0,0.22534214252005666
3.715286380106552,3.3163414721869344,44.3097668659149,0,1,0.5085994441822662
3.6976974868625,3.1487877925300003,41.31961146975996,1,0,0.45566567038959677
3.728640068723488,3.3972913263367714,36.184108852629485,1,0,0.4760893503224792
3.298106620478579,2.9724101754504786,16.251202155791557,1,0,0.2050757694929474
3.37142922180053,3.058639035591379,14.987723409718075,1,0,0.222641707304284
3.510270037434019,2.978534624100815,47.48405427344378,1,1,0.4356352577211473
6.235761589828731,3.3127358288472504,36.80857904239392,0,1,0.6713334382046039
6.833334431995761,3.031167006972477,13.16470012772424,1,1,0.47081956897907823
3.271672184548188,2.804497046191284,46.19808399260105,1,1,0.37357768339363434
3.7829098521859374,2.788293649081339,36.39516047100307,1,0,0.38317340464579724
3.2520987935900565,2.907708660652802,46.62940856541995,1,1,0.3869749882019821
3.3647970380977803,2.966226552466967,47.50794835602085,1,1,0.41686330029888313
0.0,0.0,43.791919294519104,1,1,0.25027528708510305
3.7305251952705336,3.301795391497299,19.39044419655719,1,0,0.34505269781343406
3.6198347589247057,2.99061045405562,6.686927546515459,1,0,0.1875884851344974
3.6309268909897554,3.0745734686292843,15.354775373423951,1,0,0.2610770279481936
3.8823091776663983,2.893944689311386,8.48992615636339,1,0,0.23745477426459025
3.829719219639802,3.215283533341617,20.322129901909776,1,0,0.3568769335640501
3.8456404386832608,3.0255282039758984,7.953160268683281,1,0,0.2449006344711866
3.518187664187649,2.953677130778406,29.304927281733413,1,0,0.3156625242514813
3.526008535441905,2.9473089190323787,19.36593161529891,1,0,0.2516910492370615
3.206806588221604,2.9965639853595007,44.88874821192148,1,1,0.38456294898012694
3.193876855538391,3.0477913182705643,15.483955694828223,1,0,0.20114309684861834
3.4747812025308424,3.014099328839894,44.15518839103196,1,1,0.4177022704630066
3.1487877925300003,2.984601020231723,44.378230378695385,1,1,0.3754915840805411
3.488664610282048,3.095220420448946,47.28591330113963,1,1,0.452807928268051
3.4859119178664386,3.0477913182705643,49.91926047897238,1,1,0.4604635310156782
4.211609047862368,3.139375858200595,39.54040076062444,0,0,0.5463793193854544
3.412940027689836,3.0745734686292843,26.615819298806016,1,0,0.30716795133973046
3.283135177550767,3.105299368908555,44.347778928938986,1,1,0.41138377641445123
3.51292014474028,3.158063317203643,39.586979437352106,1,0,0.41969482460280005
6.578697499123415,3.275516039946724,24.009588410896765,0,1,0.583870798594725
3.5464086689013925,3.090120791873473,15.74888942309859,1,0,0.25523045461695765
3.469142399534263,3.0255282039758984,20.96796182348241,1,0,0.26826070997850143
3.409840748025332,2.984601020231723,18.3418310728054,1,0,0.23569818048345656
3.563740482407102,3.219480269691158,6.894830514284179,1,0,0.2242409941796445
4.032502908584476,3.671406270386683,49.46475750218146,0,1,0.6959257511404751
3.984983468343978,3.675522040198069,22.321782954044043,0,0,0.5111950081275235
4.304789377509598,3.68569713528146,14.862318782065042,0,0,0.5187195217870065
3.3513228562111674,3.090120791873473,40.3885221000563,1,0,0.39271669026270256
3.784641923608493,2.9965639853595007,23.82440639034789,1,0,0.32764406690787057
3.648283886970039,2.927815026242165,47.52999313713585,1,1,0.44790519637145404
3.283135177550767,3.031167006972477,32.60899646472445,1,0,0.319673850348697
3.440178180917866,3.058639035591379,49.6105580954863,1,1,0.45603271983640087
0.0,0.0,47.422929836080655,1,1,0.2715641549997378
6.960269507760428,6.279664097299213,32.38384027165073,0,1,0.83524723402024
6.960269507760428,6.279664097299213,15.39242835408347,0,1,0.7245556079911908
4.012221621572008,3.580615282945177,14.929359724422524,1,0,0.44926852288815483
3.709476960489838,3.3091097568244168,40.09428912632554,1,0,0.47821299355041685
4.143290045665456,3.337558884869751,7.643073178159743,1,0,0.36379843741806933
3.9987474396853946,3.538834616007311,44.80746329402505,0,1,0.6339468302658485
4.120161055831296,3.1982158552090336,49.77801678342587,0,1,0.607361963190184
3.9363857718056185,3.283135177550767,22.86073804209361,1,0,0.41138377641445123
3.896988720285981,3.244098689420949,36.3269251185317,1,0,0.4842430916050548
4.433637060018123,3.279336946818085,41.72244150494846,0,0,0.617901525876986
3.8550064594950615,3.3513228562111674,15.092493065706416,1,0,0.3549630328771433
3.425189205424682,3.0198392776288605,31.70216611804966,1,0,0.3302920664883855
3.341027728050128,2.934379186349166,9.146223893622238,1,0,0.1596665093597609
4.269290445341359,3.1487877925300003,16.95753128465139,1,0,0.40855225211053425
3.639664228057485,2.966226552466967,45.028446099829935,1,1,0.43760159404331184
5.638980503103832,3.51292014474028,43.841391230568505,0,1,0.762702532641183
6.960269507760428,3.842487722948185,34.524230286353735,0,1,0.7847517172670547
4.3994870370901085,3.717211193587484,8.93237404217508,1,0,0.49947564364742286
4.347100433581318,3.648283886970039,21.78227502341422,0,0,0.5625032772272037
4.002450439408303,3.721043540368042,37.57375229652391,0,0,0.6255571286246133
4.078924665329287,3.701648116691032,8.6560608227774,1,0,0.44530963242619687
4.094034979338334,3.713355760241321,35.749761188699416,0,0,0.6301190288920351
4.784942323944899,3.60626534602832,43.32800360793123,0,1,0.7490692674741753
4.58393439830766,3.483147334733948,26.65355156391842,0,1,0.5854438676524566
4.565309411133484,3.510270037434019,42.12652203313287,0,1,0.6934350584657333
3.813391803539061,3.656788995525996,35.53230044150288,0,0,0.5534581301452467
4.193605047702138,3.779431582754925,17.053118429082375,0,1,0.5366262912275183
3.981177708863833,3.713355760241321,40.9103851099768,0,0,0.6403439777672907
4.230845468619366,3.92398495326921,43.31287168664179,0,1,0.7348329925017042
4.290040392474152,3.9799040766027054,36.91224216205376,0,1,0.7079335116144932
4.152117771830151,3.715286380106552,36.414456020975486,0,0,0.6452991452991452
4.413884372238536,4.0395102778578655,32.87073606180397,0,1,0.7032667400765561
4.0049072562448895,3.3844908996445024,12.172507795141614,1,0,0.3760945938860049
4.073440484385223,3.425189205424682,44.23415011920315,0,1,0.6122122594515234
4.027788338461748,3.65255056943928,42.166944380908205,0,0,0.646478947092444
3.781173080428116,3.454824128971361,20.108461775699045,1,0,0.3970426301714645
3.8456404386832608,3.504936673236167,12.265651392828486,1,0,0.3737874259346652
4.061207270930302,3.454824128971361,42.46664732459951,0,0,0.6080436264485344
3.865763015217545,3.494134729052262,5.298460441249357,1,0,0.3349326202086938
3.8166907799158056,3.428215215790088,32.79916016929898,1,0,0.47973362697289074
4.026604249317325,3.635310469770924,33.44206997778508,0,0,0.5848932934822505
3.8456404386832608,3.5734376376202874,33.55102253560784,0,0,0.5320381731424676
3.806742393075613,3.4803707577108454,40.09711525913208,0,0,0.5404803104189607
4.096164764997646,3.3340711378185097,39.2684267834717,0,0,0.5622410990509149
4.224787275986481,3.3091097568244168,48.34908354542571,0,1,0.6346022757065702
4.189023782614028,3.374719717480798,33.50702807002813,0,0,0.5487389229720517
4.188103581161467,3.381250386392313,9.65218985941818,1,0,0.39221855172775416
4.192691414427779,3.358095406182711,35.9577017020895,0,0,0.5619527030569976
4.178828056487824,3.57583914137616,18.572953806535256,0,0,0.5027528708510304
4.3244367291184345,3.189508237893336,8.055952659300667,1,0,0.36615804100466676
4.349967179695907,3.523412182996712,20.591747184119576,0,0,0.5289706884798909
4.319206110394675,3.750903183018154,7.09603499254875,1,1,0.4852393686749516
3.839319399645877,3.437208338001704,48.84420192843972,0,1,0.591945886424414
3.839319399645877,3.437208338001704,38.73932685468522,0,0,0.5273451837869015
4.427964940173102,3.9709169680439618,39.12293251684668,0,1,0.7392113680457238
4.802810597863193,4.53013861091691,6.011102204705959,0,1,0.6084893293482251
3.9862470422983582,3.747246030209553,27.01965391111597,0,1,0.5568926642546274
3.829719219639802,3.683675016695624,35.76536876893974,0,0,0.5644171779141104
3.939109180170508,3.689722305782301,17.352477805398408,1,0,0.4708982224319647
3.768881893333044,3.451921629665512,24.1951708444476,1,0,0.4202978344082639
4.057829954385761,3.425189205424682,12.395323973574603,1,0,0.3999528079282681
4.794653103107286,4.027788338461748,36.22628529725728,0,1,0.7712757590058205
4.735223216268767,3.828105095202868,8.73937021365131,0,1,0.559252267841225
4.861691074601086,3.811735916457492,34.46628967668565,0,1,0.7392113680457238
4.892442087396202,3.821607577465896,47.796250721142286,0,1,0.8276965025431283
4.698549665512423,3.660999537028744,24.49940230957784,0,1,0.6257668711656442
3.87634176846632,3.446076840185017,23.9124807096873,1,0,0.4430549001101148
4.382043609334643,3.637491051096756,22.903764138076088,0,0,0.5727544439200881
4.756410826756992,3.4342246496139848,49.29846376518624,0,1,0.7386083582402602
4.210720775686465,3.701648116691032,45.24414691192595,0,1,0.7078286403439779
4.262768095897399,3.646139831363459,14.5910388548809,0,0,0.5033558806564942
4.680887572245416,3.6996758501070905,34.34225744573864,0,1,0.6969482460280005
4.613504216294528,3.713355760241321,43.9179528017808,0,1,0.7542079597294321
4.855229636577741,3.7653263286324985,48.57771194598431,0,1,0.8203555136070474
4.835444444313775,3.779431582754925,44.12559446737552,0,1,0.795029101777568
4.728133913011866,3.6976974868625,39.73142549128237,0,1,0.7369042000943842
4.375205937457323,4.2026703550740745,39.27347802112853,0,1,0.7527921975774737
4.594269109608768,3.939109180170508,10.907513835924345,0,1,0.5696607414398825
4.636762589655684,3.9113390972817146,46.4667457627986,0,1,0.8037858528656074
4.729320930353687,3.4312269860540323,40.86695083128235,0,1,0.6813224267211998
3.932278805840413,3.613086014491672,10.283791157682456,1,0,0.40587803471239053
3.1201262868487367,2.796446625578894,35.86386401264433,1,0,0.2923811021970531
4.505943289738212,3.728640068723488,14.045763673006766,0,0,0.548345655707619
4.790355381305384,3.750903183018154,7.917280666750298,0,1,0.5472445073672068
4.989477103562319,3.750903183018154,17.144497228293066,0,1,0.6222536836033769
4.722964577670113,4.193605047702138,18.987788037952367,0,1,0.6619998951287295
4.6413145291858005,3.454824128971361,5.52628678379368,1,1,0.4500288395993917
4.646734462777506,3.437208338001704,22.68451152153387,0,1,0.5542708824917414
4.790355381305384,4.237699617129046,32.01489633940313,0,1,0.7577473651093283
4.8101690145376805,3.808411233656145,36.31555821673111,0,1,0.7464999213465471
4.722964577670113,4.722964577670113,40.09516568328803,0,1,0.8257301662209637
4.364111401776333,3.37142922180053,26.62739189648256,0,0,0.5264013423522625
4.089754026921824,3.327038100010129,15.93237778695401,1,0,0.4059304703476483
4.190860225767919,3.344477871176449,11.433207135762157,1,0,0.3964396203660008
4.116051892437427,3.4634534731872257,32.84592186702915,0,0,0.55660426826071
4.046441753553462,3.5734376376202874,30.18458612856078,0,0,0.553956268680195
3.466304257410829,2.8654955612660524,19.708704331715392,1,0,0.23430863614912698
4.227390669406849,3.139375858200595,8.968814831691866,1,0,0.3477269152115778
3.996266816424791,2.8507822696022447,6.497280102018146,1,0,0.24673588170520686
4.021845863085313,3.248111241749649,22.866885052135466,1,0,0.42354884379424257
4.197246593799852,3.1201262868487367,30.56827671670268,1,0,0.4811493891248492
3.880822533560069,3.1851095951491675,41.03416893568836,0,0,0.5003146138115463
4.057829954385761,3.42214881965918,12.540959386805882,1,0,0.40003146138115464
4.040670749617341,3.368121720899127,33.66790758749696,0,0,0.5220229668082429
3.9267615302923127,3.536289881044342,6.458139339481274,1,0,0.36686592208064606
4.494064910766182,3.608546988373597,7.363033972984287,1,0,0.4793665775260867
4.415177301971193,3.732404785461451,36.946178206350055,0,0,0.6895286036390331
4.864897494133589,3.608546988373597,37.172915195382274,0,1,0.7177651932253158
4.588384010669184,3.952555052867688,20.312645969660338,0,1,0.6326883750196634
4.392834170529891,3.732404785461451,8.644475899141401,1,0,0.49960673273556705
4.627560418181948,3.69372231880321,29.6794778750196,0,1,0.6567301137853284
4.073440484385223,3.800023171252753,25.38053855770812,0,1,0.5729641864611189
4.655666917615277,3.92814531461519,28.7221801134622,0,1,0.692936919930785
4.040670749617341,3.867285013556724,8.675787820381121,1,1,0.4675947774107283
4.629873395039903,4.20983126894147,16.127032247154354,0,1,0.6330292066488385
4.529058441884128,4.116051892437427,44.2401888262493,0,1,0.799171516962928
4.350681864303955,3.536289881044342,48.9285937759751,0,1,0.7161659063499554
4.283727147692767,3.425189205424682,13.229134735326856,1,0,0.4429500288395994
4.143290045665456,3.9350197093872943,34.662491591067166,0,1,0.665486864873368
6.679732472547085,4.231706262293178,30.0394005469198,0,1,0.7864034397776729
4.372450281962148,3.084980201987224,15.324027565030349,1,0,0.3999790257458969
4.431751933471078,3.0693059491819144,48.89451311778378,0,1,0.6236170101200776
4.499748784714318,2.907708660652802,14.010018853883617,1,0,0.3780347123905406
3.856554223248201,2.99061045405562,8.250110534431261,1,0,0.24414031775994963
4.115020465945048,3.687712884979313,16.6147670123546,0,0,0.5011011483404122
4.745712070152509,3.327038100010129,44.10677209369144,0,1,0.67901525876986
4.282139057547881,3.663094465249524,38.4400136702608,0,0,0.6658539143201719
4.987895554157814,3.531169853737413,20.58558169057644,0,1,0.5993393109957528
4.736397169517526,3.580615282945177,49.44613009872938,0,1,0.7755230454616958
4.808075228591687,3.563740482407102,44.0442404744837,0,1,0.7468669707933512
4.665787444765822,4.123225706539648,24.771532844393423,0,1,0.6890829007393425
4.855229636577741,4.116051892437427,26.942509068019724,0,1,0.7232447171097478
4.183482622458435,3.870318194589618,45.549226502197655,0,1,0.7347019034135598
4.222173249207457,3.862708116815844,17.482260932692785,0,1,0.555843951549473
4.471993758080635,3.896988720285981,46.065771352694064,0,1,0.7802160348172618
4.195428410758826,3.892620102640926,33.05999291726154,0,1,0.6582507472078024
4.421603058761741,4.246165349031479,37.99590340947757,0,1,0.7554664149756173
4.175079875935688,3.3941151411578083,37.25007624453001,0,0,0.5755597504063762
3.608546988373597,3.3941151411578083,13.094311761658512,1,0,0.3031828430601437
3.8361353134762046,3.3941151411578083,48.719721752665926,0,1,0.5777882649048293
4.559150582530949,3.732404785461451,43.469772890390985,0,1,0.7494887525562373
4.553972560758051,3.732404785461451,16.165052059719745,0,1,0.5690577316344188
4.062329094179847,3.0255282039758984,25.05965005027052,1,0,0.40488175764249384
4.006132137001551,3.193876855538391,21.189256017605416,1,0,0.4004771642808452
3.768881893333044,2.9408767040861377,12.37331366754906,1,0,0.24123014000314613
5.08014833616647,3.327038100010129,48.63666806637439,0,1,0.7308478842221174
5.056881506427274,3.2678051032963715,34.56959438057667,0,1,0.6297257616276021
3.803391600081089,2.953677130778406,39.81126829371551,1,0,0.4303130407424886
4.211609047862368,3.219480269691158,48.66105886991768,0,1,0.6192910702113156
3.750903183018154,2.953677130778406,15.625027642425897,1,0,0.2618635624770594
4.739517224447662,4.203569863303665,12.66374050475934,0,1,0.6232237428556446
5.010199269860855,4.063448954483071,20.20667164775333,0,1,0.6836033768549106
4.618224001696938,4.4576514211849005,24.40142474701356,0,1,0.7015363641130512
3.561293060686524,3.0693059491819144,32.796694805160804,1,0,0.36413926904724453
3.69372231880321,2.921182842539415,12.523077243945387,1,0,0.22652194431335537
3.425189205424682,2.820300318249122,6.675437374337992,1,0,0.14068480939646583
3.454824128971361,2.9408767040861377,34.88760140500018,1,0,0.3443448167374548
3.750903183018154,2.953677130778406,43.0178901110255,1,0,0.44213727649310464
3.732404785461451,3.014099328839894,31.37335379667851,1,0,0.36938283257301663
3.483147334733948,2.9408767040861377,14.266752776894666,1,0,0.21176131298830683
3.327038100010129,2.8432968041538027,17.140631819716724,1,0,0.19776099837449532
4.3177037622869605,3.656788995525996,28.94306861926045,0,0,0.6058151119500813
4.671437736134912,4.375205937457323,6.77616361868556,0,1,0.5899533322846205
4.6049198849143735,3.803391600081089,25.39196046913698,0,1,0.648550154685124
4.844423547168455,4.373829592840856,19.251597326465312,0,1,0.68937129673326
4.58393439830766,4.2528582204836125,6.877578612284096,0,1,0.571836820303078
4.25617859109595,4.082192757537015,49.43943270848449,0,1,0.7922500131089087
4.064566858697433,3.770652295568493,5.260986168435922,1,1,0.4385454354779508
4.03601618364673,3.7671065801281,33.795426524525176,0,1,0.6159614073724503
4.905181844543115,4.595731967388516,25.488584426308712,0,1,0.7455036442766505
5.1048012439972,3.993776540909293,27.0321382064764,0,1,0.7256829741492319
4.636762589655684,3.608546988373597,11.285696268236077,0,1,0.5203188086623669
4.439259350933792,3.387715087823675,18.88812997825761,1,0,0.48980126894237325
4.319955964024685,2.804497046191284,14.112497330099773,1,0,0.3427717476797232
4.0723379862658975,2.7190369549115903,48.64986602934564,0,1,0.5177494625347386
5.222365859570271,3.9900228644597577,35.29026958008541,0,1,0.783571915473756
3.637491051096756,2.7004849313127086,44.07284525472593,1,1,0.3980913428766189
3.842487722948185,3.244098689420949,36.20037232728628,1,0,0.46995438099732584
3.1806805117286405,2.033954451422685,47.52937181321363,1,1,0.3271459283729223
4.049879541586685,3.37142922180053,27.3978864493584,1,0,0.4818310523831996
3.810075733944182,2.7098281629422463,44.12246496503453,1,1,0.4303130407424886
4.972131868504532,3.622068618086158,6.413705683126388,0,1,0.5269519165224688
4.308614852139012,3.471968011188098,36.05785215263656,0,0,0.6110586754758534
4.949837634130115,3.536289881044342,14.737995618868664,0,1,0.560353416181637
4.151142904924217,3.428215215790088,22.750931865958115,1,0,0.48636673483299253
4.152117771830151,3.701648116691032,9.824000875663154,1,0,0.4652613916417598
4.060083477840852,3.717211193587484,49.9755751087041,0,1,0.7139636096691312
4.057829954385761,3.7305251952705336,48.98934992307627,0,1,0.7107650359184102
4.026604249317325,2.7458940423349705,44.2154088323238,1,1,0.48581616066278643
4.197246593799852,3.488664610282048,30.546726278682293,0,0,0.5611923863457605
4.166565337934816,3.526008535441905,44.55003902911918,0,1,0.6597713806302764
4.198153751995675,3.488664610282048,19.744518867109853,1,0,0.4917151696292801
3.930903939575908,2.984601020231723,41.38303208375037,1,0,0.47682344921608727
3.933650724908096,3.3091097568244168,40.91874852485928,0,0,0.5336112422001992
4.161785629385999,3.510270037434019,41.80754257106761,0,0,0.6370929683813119
4.146246171013484,3.368121720899127,29.50224817647864,0,0,0.5119291070211315
4.095100758102533,3.358095406182711,19.62136931460484,1,0,0.43754915840805414
4.186259199481539,3.368121720899127,22.85688518233593,1,0,0.4766399244926853
4.856203020795793,4.120161055831296,22.50690403042148,0,1,0.695558701693671
4.850667499133489,4.117081659353075,15.707591092691231,0,1,0.6493366892139898
4.6106555469030015,3.7863693200687583,15.230508038761151,0,1,0.5800429972209112
4.513741471508687,2.9144812106243463,32.18534810036831,1,0,0.49923968328876306
3.9631119932639183,3.105299368908555,32.895434358470574,1,0,0.449792879240732
4.215149859106992,3.510270037434019,22.12675091517889,0,0,0.5154422945833989
4.880692965166324,3.541369272785613,28.38206772732164,0,1,0.6457710660164647
4.702684046815159,3.613086014491672,6.169940768439485,1,1,0.49926590110639185
4.661406866404244,4.063448954483071,22.12739359785708,0,1,0.6657228252320276
4.763944757193978,3.5993712039598966,31.133177145779,0,1,0.663782706727492
4.664913724493604,3.9862470422983582,32.39141031994904,0,1,0.7246866970793352
2.927815026242165,2.5163684049435684,41.60538355755688,1,0,0.29109642913323897
3.158063317203643,2.5163684049435684,47.999142114477344,1,1,0.3462062817891039
3.67346746379471,3.058639035591379,13.810287175511224,1,0,0.25407687064128787
3.713355760241321,3.1487877925300003,34.1697092060753,1,0,0.4110167269676472
3.713355760241321,3.158063317203643,15.991127436602088,1,0,0.2931938545435478
3.85189965727759,3.1002797353334985,7.748026101144238,1,0,0.2606837606837607
3.9253747475178553,3.202525635805094,20.827002073372217,1,0,0.3812857217765193
4.278951006123751,3.139375858200595,26.87521650691262,1,0,0.4730480834775314
4.229120400189496,3.0477913182705643,17.83227625088096,1,0,0.3896492056001258
3.681646488848405,3.167206329842028,41.15601541468181,1,0,0.4556918882072256
3.724853075425512,3.139375858200595,19.031580498718185,1,0,0.3117822872424099
3.721043540368042,2.796446625578894,37.2369247978125,1,0,0.37753657385559225
3.717211193587484,3.11027993879147,23.61424033214577,1,0,0.3357191547375596
3.227792074828318,2.5163684049435684,13.173705797171136,1,0,0.12668449478265428
2.8432968041538027,2.376686122690757,13.179657600007603,1,0,0.09157883697760999
3.724853075425512,3.202525635805094,36.91106278586629,1,0,0.4414556132347543
4.173197521637566,3.0477913182705643,30.53975675503153,1,0,0.4626920455141314
3.867285013556724,3.090120791873473,48.3504094740204,0,1,0.5253788474647371
4.171309614663856,3.058639035591379,41.29261639253751,0,0,0.5365476377746317
4.718557674498769,3.8377293367161736,6.983439591291148,0,1,0.5489224476954538
4.294734790049554,3.808411233656145,47.83898803144045,0,1,0.7554926327932462
4.151142904924217,3.789810188572042,41.90020334807373,0,1,0.6948508206176918
4.701859304432985,3.858098252947647,15.273559787736756,0,1,0.6018300036704944
4.57945363321391,3.808411233656145,32.51296735648874,0,1,0.6926485239368675
4.141311682420866,3.772417813929504,42.83103139175619,0,1,0.6964763253106812
3.7417208160369433,3.7417208160369433,20.912825103634525,1,0,0.46117141209165746
4.734439382735394,3.775934306292795,40.13665871114691,0,1,0.7567773058570605
3.967026378555077,3.721043540368042,42.0344541414138,0,0,0.6475276597975984
4.408686374121833,3.772417813929504,35.04395732047967,0,1,0.6840752975722301
4.100403191084361,3.58299005375896,33.09219390676102,0,0,0.5857584814640029
7.208444203998028,4.199964219963981,31.409492053316413,0,1,0.8026847045251954
7.213354651227433,3.381250386392313,38.22155513561181,0,1,0.7092968381311939
4.110878056661453,3.687712884979313,14.757225712744813,1,0,0.48867390278433226
5.161568570719452,3.715286380106552,6.096872171284994,0,1,0.5520685858109171
4.569382615017548,3.732404785461451,32.34421232052844,0,1,0.6764721304598605
4.6480823046235145,3.703614324074693,15.455788957642287,0,1,0.5701588799748308
4.43614195558365,3.864237388750168,31.77347236642507,0,1,0.6784909024172828
4.917083628722107,3.883792376476231,49.45705726640596,0,1,0.8495359446279691
4.448521451803254,3.894079624368111,36.29949113927451,0,1,0.715484243091605
4.395503621740987,3.721043540368042,24.300524707431705,0,0,0.6008075087829688
3.6309268909897554,3.337558884869751,36.19561859003051,1,0,0.44690891930155735
3.536289881044342,3.2520987935900565,10.781424644432,1,0,0.24988201982067013
4.178828056487824,3.758155385264266,37.61941656555627,0,1,0.6655130826909967
4.182554413448742,3.758155385264266,17.340551753514045,0,1,0.532536311677416
4.184409487211309,3.058639035591379,8.892037839632597,1,0,0.3263856116616853
4.823614162922349,3.933650724908096,13.649627808812498,0,1,0.614519427402863
4.782764216340606,4.349967179695907,15.216516736499122,0,1,0.6550783912747103
3.090120791873473,2.464094465094437,8.140112498095313,1,0,0.07815531435163336
3.57583914137616,2.8581811959389336,8.071184822926934,1,0,0.17159561638089246
4.165612247661876,3.0024626446266525,15.539538488423084,1,0,0.35598552776466885
3.635310469770924,2.9408767040861377,44.62722035340797,1,1,0.4311257930889833
3.819972838390634,2.99061045405562,28.995489856084827,1,0,0.36775732788002724
3.6309268909897554,2.9144812106243463,20.009394669506868,1,0,0.2647213045986052
4.101458426278079,3.275516039946724,49.76341631417303,0,1,0.6187929316763673
3.864237388750168,2.360882850632919,30.12848785184888,1,0,0.3271459283729222
3.6198347589247057,2.7098281629422463,25.93642960618961,1,0,0.27759425305437574
3.750903183018154,2.7546016596506684,30.33927631178384,1,0,0.33202244245189033
3.648283886970039,3.158063317203643,12.913805743345796,1,0,0.2633317602642756
4.58393439830766,3.5464086689013925,14.066577979201758,0,1,0.5197682344921609
3.6309268909897554,3.1626511504699546,9.366792873536184,1,0,0.23734990299407477
3.8596385665672086,3.592401988088365,39.04076480488201,0,0,0.5761103245765823
3.808411233656145,3.660999537028744,34.95132160758964,0,0,0.5486078338839074
5.354625812981591,4.126275752026376,46.73556608205852,0,1,0.8727387132295107
5.075562146709737,4.726150645233264,22.97695218089699,0,1,0.7407844371034554
3.158063317203643,3.095220420448946,49.69103287464503,1,1,0.4290283676786744
4.372450281962148,3.079797987438347,29.33488834977936,1,0,0.49001101148340415
3.58299005375896,3.2678051032963715,28.4654519904197,1,0,0.37491479209270623
3.756350024405616,3.134617471968584,9.038970045845408,1,0,0.2517172670546904
4.270910699371298,3.0255282039758984,10.782387374390066,1,0,0.345236222536836
5.032736809887137,4.556566808331287,40.2269332004588,0,1,0.8473074301295161
4.801399351425872,3.823238151596328,6.6417715265306425,0,1,0.5539824864978239
4.100403191084361,3.752723952382782,16.854832690732145,0,1,0.5146033244192754
3.726749373109132,3.227792074828318,8.978841674168843,1,0,0.2620733050180903
4.082192757537015,3.7398684269000704,29.933572923339128,0,0,0.5934665198468879
5.000957232001786,2.1326108865121305,22.88653267613383,1,1,0.42986733784279796
4.027788338461748,3.8166907799158056,32.04751547708039,0,1,0.6109013685700803
3.976067901280972,3.7671065801281,46.39239840017368,0,1,0.6836820303077973
4.11810977202397,3.69372231880321,49.68217328143543,0,1,0.7177914110429447
4.096164764997646,3.5661785805937694,14.42109185936711,1,0,0.45978186775732793
4.7526103405296265,3.5710270886311823,10.275338104220806,0,1,0.5191914425043259
4.910565053851207,3.713355760241321,22.171161706607663,0,1,0.6438047296943002
4.845413493228167,3.8911572448611778,44.10160147291792,0,1,0.8116511981542657
4.138332623512076,3.7671065801281,40.563978270028095,0,1,0.6790676944051176
3.683675016695624,3.298106620478579,8.656212217473756,1,0,0.26634680929159454
4.3682944232033964,3.615343512423172,12.838960684053406,1,0,0.49965916837082486
4.841444488259667,2.8357227512597207,20.621721320496786,1,1,0.4523884431859892
3.953884232992384,0.7031118647475901,33.876263409864904,1,0,0.3456294898012689
4.95984218001564,3.823238151596328,11.00636483127278,0,1,0.5921818467830737
4.248683385066573,3.510270037434019,46.5447672919226,0,1,0.6783335955115096
4.550845518706449,3.1002797353334985,32.31618751134501,0,1,0.5354989250694773
3.870318194589618,3.167206329842028,12.887189133015765,1,0,0.31039274290808033
3.779431582754925,2.771669337783252,22.94536835464281,1,0,0.29135860730952756
4.2660375793807415,3.0083074341071465,21.54195725945604,1,0,0.4114624298673379
3.67346746379471,2.8280579889898227,6.166501102381035,1,0,0.17217240836872738
4.527434762366312,4.175079875935688,48.3650596127504,0,1,0.8266477898379737
3.965724241788493,2.780035469986358,48.47914892510106,0,1,0.501887682869278
3.856554223248201,3.319926915738084,19.05124562422367,1,0,0.3756226731686854
3.952555052867688,3.613086014491672,24.78220244329784,0,0,0.5080226521944313
4.042985399518262,3.715286380106552,33.845918553235535,0,0,0.607938755178019
4.179761681744567,3.864237388750168,32.908634826516675,0,1,0.6508311048188349
4.091898082528404,3.0745734686292843,11.843628755004543,1,0,0.3330449373394159
4.753372245381514,3.327038100010129,40.156127398807385,0,1,0.6541607676577001
4.753372245381514,3.327038100010129,7.664660497145407,1,1,0.4418488804991872
3.451921629665512,2.804497046191284,7.624117316235263,1,0,0.14708195689790782
3.279336946818085,2.8432968041538027,49.27339515838061,1,1,0.3991138377641445
3.488664610282048,2.7190369549115903,11.405456304347672,1,0,0.16514603324419275
3.660999537028744,2.953677130778406,18.651080927215087,1,0,0.26634680929159454
3.67346746379471,2.907708660652802,36.14954864517286,1,0,0.3776414451261077
3.839319399645877,3.158063317203643,27.96226214240617,1,0,0.39801268942373236
3.908494648155044,3.171729316864807,41.652707946588514,0,0,0.5085470085470085
4.013432596389312,3.223649665544723,18.80645257425877,1,0,0.3906979183052803
3.761750900338969,3.3941151411578083,28.73289407155401,1,0,0.4304441298306329
3.5900619489183745,3.387715087823675,10.91379659387783,1,0,0.28386031146767343
3.650420783779969,3.327038100010129,25.24741373758093,1,0,0.3758324157097163
3.504936673236167,2.9724101754504786,21.5636857750492,1,0,0.2669236012794295
3.687712884979313,3.053238159658026,42.26625889254736,1,0,0.4428975932043417
3.683675016695624,3.03675656215248,39.61912656979208,1,0,0.4211368045723874
3.5734376376202874,3.361454993949843,23.74413045117029,1,0,0.36149126946672955
3.648283886970039,3.440178180917866,5.873131180468416,1,0,0.27916732211210743
3.677570041945698,3.488664610282048,39.218084345958566,0,0,0.5136857008022652
3.791523710345301,3.543893930891864,29.097115345369264,1,0,0.48088721094856063
4.792865891669414,4.106708660807889,5.556995321366695,0,1,0.579361333962561
4.559150582530949,3.747246030209553,48.95086225485804,0,1,0.7855120339782916
3.9786279046943136,3.563740482407102,48.200358891572336,0,1,0.6537937182108962
4.405416055304379,4.207155306854814,9.96226883579147,0,1,0.5638141681086467
3.867285013556724,3.0255282039758984,25.47963375011993,1,0,0.36576477374023386
3.37142922180053,2.7190369549115903,9.430176839657411,1,0,0.13861360180378585
3.227792074828318,2.8432968041538027,11.762669775066325,1,0,0.14847150123223743
3.9709169680439618,3.416024371008844,38.19997076712105,0,0,0.5491846258717424
3.523412182996712,3.0198392776288605,21.92887185681779,1,0,0.27998007445860207
3.3909231145907435,3.0198392776288605,25.70172388570773,1,0,0.2884222117350952
3.3513228562111674,2.966226552466967,45.17582735201267,1,1,0.4016307482565151
3.5337349874318376,3.090120791873473,40.42179802531609,1,0,0.4156834985055844
3.347909514786936,2.99061045405562,35.98071233052165,1,0,0.3449216087252897
3.469142399534263,3.0422977223080734,16.4893490245598,1,0,0.24067956583294006
3.738010660718975,3.1201262868487367,6.762893662704959,1,0,0.23260447800325101
3.637491051096756,3.358095406182711,25.7896640548094,1,0,0.3833044937339416
3.808411233656145,3.406726386648581,34.70501626385173,1,0,0.4837711708877353
4.017051833178653,3.656788995525996,33.67479772784544,0,0,0.5891143621204971
4.100403191084361,3.4775820822747137,8.020598644305727,1,0,0.3960463531015678
3.796636919966727,3.400451826586744,11.785602719490456,1,0,0.32806355198993237
3.553894134349836,3.327038100010129,28.07416101171585,1,0,0.37994861307744743
3.907067668745592,3.4490059070825607,6.878593408551895,1,0,0.3400713124639505
4.121184237504063,3.4968523552163906,37.23752319111359,0,0,0.5954066383514237
4.3765793285423005,3.437208338001704,8.207082686460769,1,0,0.4257511404750669
3.982448811565676,3.42214881965918,48.07193381637308,0,1,0.6155419222903885
3.888221459896758,3.443134306265894,20.907843342700744,1,0,0.42548896229877825
4.0371830025661,3.5155593237379508,20.767919519252853,1,0,0.47760998374495306
3.8550064594950615,3.689722305782301,34.76881679927264,0,0,0.5670127418593677
3.9631119932639183,3.7417208160369433,12.838819619828438,1,0,0.45763200671176124
4.082192757537015,3.779431582754925,34.74482555201803,0,1,0.6343925331655393
3.965724241788493,3.683675016695624,16.927919894022217,1,0,0.47213045986052116
4.069019050565184,3.758155385264266,8.737107445639882,1,1,0.45548214566619466
4.11810977202397,3.5076089109388744,18.326692440103702,1,0,0.4735462220124797
3.5900619489183745,3.206806588221604,33.12357246811288,1,0,0.39552199674899063
3.818333913039163,3.469142399534263,14.260561737570384,1,0,0.37116564417177916
3.905637500552684,3.428215215790088,32.705837949177536,0,0,0.5012846730638142
3.709476960489838,3.3234923845697346,33.995362844804745,1,0,0.4409050390645483
3.9363857718056185,3.440178180917866,6.925928508866392,1,0,0.34463321273137226
3.772417813929504,3.305463023311049,40.953185095131474,1,0,0.4944680404803104
3.279336946818085,2.934379186349166,49.118402546493314,1,1,0.41049237061507
3.406726386648581,3.1002797353334985,31.23450442572116,1,0,0.3400713124639505
3.491405513828929,3.058639035591379,41.55256079434968,1,0,0.4119867862199151
6.329565620460454,3.189508237893336,10.785719450243615,1,1,0.4769545383042315
6.859371332476225,3.617593075371937,46.77917103355932,0,1,0.81684232604478
3.3941151411578083,2.921182842539415,21.76218125959355,1,0,0.24799433695139217
3.446076840185017,2.5875528114141124,24.79434690524702,1,0,0.23690420009438418
3.5022532311497443,2.5875528114141124,47.446842366789134,1,1,0.3891248492475486
3.139375858200595,2.651606224890581,10.473761274427044,1,0,0.110193487494101
4.268478777509043,3.6265130803919567,44.93918680689817,0,1,0.6996486812437733
3.425189205424682,3.2520987935900565,17.89375324223775,1,0,0.2843584500026218
3.919797370172292,3.504936673236167,43.79483148314073,0,1,0.598736301190289
3.85189965727759,2.978534624100815,46.36141008477152,1,1,0.489276912589796
3.457713524398258,3.358095406182711,38.99281093006497,1,0,0.4460699491374338
3.847210991618664,3.4082854617192253,42.91796145345745,0,0,0.5495778931361753
3.939109180170508,3.095220420448946,39.96598202367248,1,0,0.48998479366577524
3.899884652828887,3.206806588221604,13.005550047300655,1,0,0.3244454931571496
4.709651774939107,3.4775820822747137,49.35428599231472,0,1,0.7462901788055163
4.559150582530949,3.2560616545487258,6.950332266496951,1,1,0.40165696607414403
4.95984218001564,3.709476960489838,10.963802263249177,0,1,0.5704734937863772
4.839783443984417,3.8823091776663983,41.81067333132025,0,1,0.7955534581301452
4.893054527634326,3.967026378555077,27.80450724040837,0,1,0.716637827067275
4.893054527634326,4.095100758102533,38.00260147661511,0,1,0.797493576634681
4.908178104697397,3.768881893333044,31.590597311701448,0,1,0.7145141838393373
4.925866932176936,3.615343512423172,18.41751254085269,0,1,0.5996014891720413
0.443614195558365,0.443614195558365,36.0037127766819,1,0,0.2005400870431545
7.029403876227922,4.498048916517123,33.68661323589388,0,1,0.8352472340202403
3.510270037434019,3.466304257410829,12.21942548668588,1,0,0.3060668029993183
3.856554223248201,3.400451826586744,5.429436196386768,1,0,0.3069319909810707
3.912756595092629,3.337558884869751,37.72958428936743,0,0,0.5138954433432961
4.295513852835955,3.1440991268710734,9.480260725380884,1,0,0.3617534476430182
3.967026378555077,3.504936673236167,41.01128773890956,0,0,0.5917623617010119
4.076736629010066,3.798332285196536,30.00870810464488,0,1,0.6032719836400818
4.246165349031479,3.558836243849938,32.727329102836904,0,0,0.60078129096534
4.262768095897399,3.3941151411578083,21.025716816985582,1,0,0.4829322007236117
4.699378681172381,4.400809351610091,29.940438895284693,0,1,0.7435897435897436
4.080015884689982,2.978534624100815,39.24602491015489,1,0,0.49307849614598087
4.38611141963909,4.073440484385223,38.5669012458774,0,1,0.7394211105867546
3.991276537730371,3.1201262868487367,48.12799213825158,0,1,0.5570761889780295
3.608546988373597,3.1002797353334985,19.71729543046988,1,0,0.290519637145404
4.587397877962524,4.402787714854681,18.79240515550492,0,1,0.6574904304965655
3.793232656621063,3.014099328839894,49.84901603061476,0,1,0.5006030098054638
4.714120215814061,4.5317554538821,25.221517685024747,0,1,0.721881390593047
4.868724112409466,3.504936673236167,44.907683813424185,0,1,0.7431178228724241
4.716947610756532,3.613086014491672,22.63811957406569,0,1,0.6061297257616276
4.340602915844347,3.983717394736231,36.30295628440015,0,1,0.7115253526296471
4.340602915844347,3.983717394736231,32.89695072566968,0,1,0.687667138587384
4.651662733542121,4.080015884689982,40.74320551840713,0,1,0.787714330659116
4.651662733542121,4.080015884689982,31.49147524935485,0,1,0.7257354097844896
4.246165349031479,3.713355760241321,33.907402456591775,0,0,0.6417335221016204
4.246165349031479,3.713355760241321,31.123111998279995,0,0,0.621860416338944
4.53818228613119,3.69372231880321,30.25709161911216,0,0,0.6494415604845053
4.406071457307381,4.148209362736916,35.4765255657357,0,1,0.729589428975932
4.388135670140535,4.157935993718953,17.17813669323404,0,1,0.6071784384667821
4.689358907045947,3.713355760241321,27.42511924113161,0,1,0.6551308269099679
3.85189965727759,3.361454993949843,7.647666340631408,1,0,0.3086885847622044
4.3244367291184345,4.117081659353075,40.35096718428294,0,1,0.7487546536626292
4.128301070172273,3.2906646761617027,40.50902783425104,0,0,0.5675633160295738
4.121184237504063,3.826486889536718,24.81503169828549,0,1,0.5835037491479209
4.422880504295639,3.705574509374242,19.78787007035039,0,0,0.5714959886739028
4.420963378548568,3.683675016695624,8.99677250922084,1,0,0.49517592155628964
3.219480269691158,2.6716078527332074,31.94382276168257,1,0,0.2608672854071627
4.122205786005069,2.927815026242165,49.96410286441736,0,1,0.5614021288867915
3.5710270886311823,2.8432968041538027,33.93047686117708,1,0,0.338839075035394
3.69372231880321,3.3779933819075314,33.65700120103554,1,0,0.44840333490640233
3.7305251952705336,2.893944689311386,10.340420196739196,1,0,0.21315085732263647
4.15600245750508,3.4490059070825607,42.807054960517824,0,0,0.6250065544544072
4.466652976044038,3.4747812025308424,30.76050582287262,0,0,0.594960935451733
3.779431582754925,2.927815026242165,13.31512183169951,1,0,0.2474961984164438
4.313175441508592,2.8654955612660524,20.05413790338584,1,0,0.38810235436002305
3.1762205633663405,2.464094465094437,6.115045907637126,1,0,0.07469456242462377
3.615343512423172,2.812447458990361,17.306916775841014,1,0,0.2310838445807771
4.250356588633978,3.8823091776663983,18.48263303376746,0,1,0.5692674741754497
4.26030497547417,3.880822533560069,16.6866588395304,0,1,0.5590687431178228
4.200867536980562,3.709476960489838,44.30822978569738,0,1,0.7024802055476901
4.104613732587109,3.538834616007311,13.407509210600043,1,0,0.44814115673011373
4.375205937457323,4.2026703550740745,25.63954078597272,0,1,0.6629699543809974
3.793232656621063,3.526008535441905,11.009656161659036,1,0,0.358214042263122
3.717211193587484,3.327038100010129,37.77572332334661,1,0,0.46819778721619204
3.717211193587484,3.344477871176449,24.68539897921669,1,0,0.3857427507734256
5.237374316798998,4.098287486678282,39.456403070160746,0,1,0.8219548004824079
5.191825893343824,5.007389446948027,32.46715907478524,0,1,0.8074563473336479
4.297845367254196,3.8793324281139294,38.840113788055625,0,1,0.7093492737664517
3.7863693200687583,3.6996758501070905,48.050268953930654,0,1,0.6348644538828588
4.221299528935239,3.538834616007311,7.579374413461184,1,0,0.4295789418488805
3.9253747475178553,3.758155385264266,16.786450611526266,1,1,0.4780294688270148
3.9445214745821695,3.721043540368042,45.79129952688872,0,1,0.6647527659797599
3.905637500552684,3.763541111296448,17.267397019103935,1,1,0.47797703319175716
4.393502577901351,3.75453955643731,25.27241770861696,0,1,0.6133396256095643
4.001218485226168,3.124993230455277,7.960985879127233,1,0,0.29995805149179383
3.842487722948185,3.42214881965918,6.515019449898523,1,0,0.3146138115463269
4.096164764997646,3.3091097568244168,45.7953891203271,0,1,0.5987625190079178
3.8550064594950615,3.428215215790088,28.974778464419728,1,0,0.46549735200041953
3.7671065801281,3.3234923845697346,20.66434736282349,1,0,0.36406061559435793
6.057638468304088,4.031327517987803,6.022262834275435,0,1,0.6101410518588433
4.138332623512076,1.1467260603059553,48.3759311622925,1,1,0.4742278852708301
4.053298962009402,3.777685333376874,47.1591289595678,0,1,0.7064128781920193
4.045291708320373,3.711419298854736,23.8562234998836,0,0,0.5414503696712286
4.3806819066932885,3.896988720285981,37.92993092822716,0,1,0.7169000052435636
4.785304622284605,3.772417813929504,16.5751570574333,0,1,0.6075192700959572
4.812255972908687,3.5686074260136422,13.941598613130587,0,1,0.5507839127471029
4.084362251139903,3.821607577465896,25.916662119737666,0,1,0.5837397095065807
4.046441753553462,4.013432596389312,32.397869843112446,0,1,0.6404226312201772
5.052124888471014,3.793232656621063,10.141951498634542,0,1,0.5859157883697761
4.458858968712949,4.151142904924217,15.15045209729323,0,1,0.6021970531172985
3.538834616007311,2.812447458990361,43.297583349155865,1,0,0.39276912589796026
3.244098689420949,2.8581811959389336,28.556314227314665,1,0,0.2619946515652037
3.419093921257479,2.6309592730709195,43.73099990062756,1,0,0.36112422001992556
3.993776540909293,3.4490059070825607,8.073345637561557,1,0,0.3672591893450789
3.4312269860540323,3.0198392776288605,29.462023962536783,1,0,0.3167898904095223
4.144276938690618,3.03675656215248,25.64361602523976,1,0,0.4253054375753762
4.020650718013444,3.0198392776288605,12.497877526685016,1,0,0.3130669603062241
3.563740482407102,3.1440991268710734,43.27273393650153,1,0,0.44769545383042314
3.6309268909897554,3.1534423585006115,25.818251150804542,1,0,0.344108856378795
3.5661785805937694,3.193876855538391,34.31325709629146,1,0,0.3982224319647633
3.5686074260136422,3.368121720899127,7.820578972267387,1,0,0.2582717214619055
3.541369272785613,3.2560616545487258,41.304426155391376,1,0,0.4533060668029993
3.494134729052262,3.227792074828318,7.365519609573723,1,0,0.2198364008179959
3.457713524398258,3.189508237893336,14.070312563703682,1,0,0.2510093859787111
3.510270037434019,3.202525635805094,12.423377344934591,1,0,0.24896439620365998
3.523412182996712,3.193876855538391,39.072117860639096,1,0,0.42433537832310836
3.810075733944182,3.2639145138074874,14.253103327575,1,0,0.3202768601541608
3.648283886970039,3.1440991268710734,44.61294464522321,1,1,0.46864349011588274
3.8733370681116273,3.11027993879147,15.763307532953334,1,0,0.31909705836086205
3.896988720285981,3.6309268909897554,49.35461976546038,0,1,0.6582769650254313
4.310138662382687,3.713355760241321,6.22534436344776,1,0,0.4718682816842326
3.768881893333044,2.7004849313127086,25.911179392264216,1,0,0.3010854176498348
3.9253747475178553,3.6242947072870058,29.261121914352504,0,0,0.5315662524251481
3.67346746379471,3.466304257410829,9.7704431015041,1,0,0.3125950395889046
3.5993712039598966,2.812447458990361,42.00833495521447,1,0,0.39208746263960986
3.2560616545487258,2.959982600501933,39.93393724613448,1,0,0.353127785643123
3.823238151596328,2.9965639853595007,14.189498798864454,1,0,0.27316344187509833
3.810075733944182,3.231907844639704,17.951416467631013,1,0,0.3382098474123014
3.669338417214557,3.211059095561552,31.01498644108815,1,0,0.39368674951497035
3.622068618086158,3.053238159658026,40.92047950494243,1,0,0.4222641707304284
4.2528582204836125,3.0639947153805096,46.201722040315175,0,1,0.581039274290808
4.1741393908288975,3.808411233656145,12.137014826802575,0,1,0.5047716428084527
3.9431726858848495,2.8581811959389336,40.70925122965093,1,0,0.45773687798227675
4.37794977874476,1.1467260603059553,43.61273706156101,1,0,0.48038907241361234
4.37794977874476,1.1467260603059553,17.503760008140045,1,0,0.30887210948560645
3.469142399534263,2.921182842539415,11.33902697340038,1,0,0.18698547532903362
4.267666078987138,3.260000128516328,13.32827026131482,1,0,0.40530124272455553
4.781672376439742,3.457713524398258,34.4504379831175,0,1,0.6541345498400714
4.763944757193978,3.471968011188098,24.84386628458213,0,1,0.5929945991295684
4.688095333091568,3.37142922180053,8.797252345107989,1,1,0.4500026217817629
6.52556446671082,3.457713524398258,41.19512668856902,0,1,0.739185150228095
4.749936507932574,2.8727272766285696,48.54054106793316,0,1,0.6273399402233758
3.801709601741076,3.368121720899127,49.31035673536887,0,1,0.5660689004247287
4.261127069357279,3.556369959487704,33.56727884539374,0,0,0.6093020816947198
4.304789377509598,3.724853075425512,44.70515165438454,0,1,0.7236379843741808
6.208525069489116,4.264404925434114,12.301286001249906,0,1,0.667925121912852
3.7229511423764494,3.1626511504699546,30.20864059398392,1,0,0.38886267107126
5.654441558419888,3.677570041945698,37.42125212793916,0,1,0.756855959309947
3.9404665507747554,3.772417813929504,8.602120683458281,1,1,0.4316763672591893
3.984983468343978,3.715286380106552,13.467735698088635,1,0,0.46156467935609036
4.481379810818318,3.961801859746015,41.88209314592861,0,1,0.7625190079177809
4.006132137001551,3.683675016695624,36.97351921895597,0,0,0.6138901997797702
3.7671065801281,3.3163414721869344,26.23350738961507,1,0,0.39895653085837135
4.0395102778578655,3.717211193587484,25.681387170496446,0,0,0.5533794766923602
4.435516650209041,3.526008535441905,27.27629725976058,0,0,0.5837659273242095
4.302483068707487,4.2026703550740745,20.091838194813857,0,1,0.6178490902417283
4.6106555469030015,4.28610191850655,37.07871392516557,0,1,0.7748413822033453
3.466304257410829,3.095220420448946,9.537001300141888,1,0,0.20436788841696818
3.488664610282048,3.1806805117286405,11.400878048135109,1,0,0.2351213884956216
4.319206110394675,3.4995584903264847,25.29813740364593,0,0,0.5477426459021552
3.761750900338969,3.677570041945698,34.32499910565292,0,0,0.5382255781028786
4.939104814198611,3.440178180917866,20.898432574037813,0,1,0.5732263646374075
5.9677764596183,4.466056795283647,26.26635332692324,0,1,0.7702270463006659
4.789276426287264,4.498048916517123,33.54244339081062,0,1,0.7841487074615908
4.674028832791552,4.086524415358545,35.44318574881237,0,1,0.7566986524041738
4.574437933561251,3.770652295568493,35.887909541973286,0,1,0.7097163232132558
4.090826952571265,3.3513228562111674,12.904671403348685,1,0,0.3913009281107441
7.029403876227922,4.498048916517123,15.28191906736162,0,1,0.7137014314928426
4.627560418181948,3.561293060686524,17.597173729253996,0,1,0.5515180116407111
3.752723952382782,3.5710270886311823,36.2560143256567,0,0,0.5290231241151487
4.4292297627191575,3.806742393075613,18.74839895935989,0,1,0.5843689371296733
3.648283886970039,2.953677130778406,6.50460978289067,1,0,0.18672329715274502
3.69372231880321,3.211059095561552,34.42698394840518,1,0,0.4210843689371297
3.3909231145907435,2.9408767040861377,44.230178369417615,1,1,0.3980651250589901
3.892620102640926,1.1467260603059553,40.50601578243067,1,0,0.3748361386398196
5.189133581681118,4.950117660387043,16.759984152459833,0,1,0.70478737349903
4.705151916196977,1.77445678223346,35.209323618850256,1,1,0.4821456661947459
4.347100433581318,3.67346746379471,10.013960068089808,1,0,0.48862146714907445
4.205365095897334,3.665182558455806,25.75248026035338,0,0,0.5717057312149337
3.5285943975455893,2.6716078527332074,29.612592700909683,1,0,0.2851974201667453
3.1487877925300003,2.9144812106243463,48.95950113950615,1,1,0.39355566042682605
4.107753558999176,2.2934521206119105,24.01640554412752,1,0,0.3367940852603429
3.9267615302923127,3.65255056943928,38.331736111382256,0,0,0.5978186775732788
4.175079875935688,3.815043417358895,17.637516280386834,0,1,0.543442923811022
4.247005795639454,3.1762205633663405,18.18850083233537,1,0,0.4187247653505322
5.303534867924001,4.914128868164406,38.97097417341934,0,1,0.853914320171989
3.7863693200687583,3.0024626446266525,5.846750557991148,1,0,0.21336059986366737
4.520898535342123,3.406726386648581,37.71397213097229,0,0,0.6276283362172933
7.041461220949805,2.87987818901137,42.34258312466325,0,1,0.6460332441927533
4.910267171602404,3.8867485018242593,44.279450778427815,0,1,0.8176550783912747
3.8852721459215935,3.244098689420949,36.68687659304232,1,0,0.4836138639819621
4.705562304155893,4.078924665329287,9.355433623593465,0,1,0.5872004614335903
5.862867117710623,3.679611510981282,5.585664875384745,0,1,0.5534843479628756
3.999984155046069,3.5285943975455893,18.58087093876246,1,0,0.45899533322846203
3.991276537730371,2.3921085557013555,18.38767194801752,1,0,0.2811336584342719
3.899884652828887,3.4035967960602984,38.44557145799391,0,0,0.5306224109905092
3.9683258713873215,3.563740482407102,45.66409539145938,0,1,0.6365686120287347
4.208940524190863,3.3127358288472504,35.07617908825078,0,0,0.549079754601227
4.945904346947557,3.747246030209553,45.16277866968987,0,1,0.8023963085312779
4.914128868164406,3.663094465249524,8.565382136989001,0,1,0.5432331812699911
3.789810188572042,2.7631923926632385,40.75733647880937,1,0,0.4093387866394001
3.5337349874318376,2.8581811959389336,31.26148370254471,1,0,0.31699963295055317
3.305463023311049,1.4736544595161891,43.52356041712726,1,0,0.3148235540873578
4.060083477840852,3.74356785916599,7.897595376595624,1,0,0.44614860259032046
3.726749373109132,3.079797987438347,31.95831613272189,1,0,0.3859524933144565
4.063448954483071,2.691003276410218,9.260540038535124,1,0,0.2571181374862357
3.92398495326921,2.8432968041538027,35.146552921438165,1,0,0.41479209270620315
3.4490059070825607,2.804497046191284,44.57377097489924,1,1,0.3886267107126003
4.848374176996988,3.8733370681116273,28.305954560389576,0,1,0.7050495516753186
4.93453132443682,3.8852721459215935,19.28404172442368,0,1,0.6546326883750196
4.283727147692767,3.541369272785613,39.85036926527976,0,0,0.6503067484662576
4.082192757537015,3.4995584903264847,45.18164767480342,0,1,0.6402391064967752
4.557601570076507,3.460589933734476,32.34780352529566,0,1,0.6133134077919353
4.175079875935688,3.387715087823675,31.65570782504627,0,0,0.5346337370877249
4.123225706539648,3.4775820822747137,15.705631991853048,1,0,0.44976666142310306
3.381250386392313,3.090120791873473,9.703117417127356,1,0,0.1945624246237743
4.084362251139903,3.491405513828929,26.97165728940655,0,0,0.5201352839389649
3.960489038772857,3.354718089638171,47.79768608603108,0,1,0.5912117875308059
3.988766730592335,3.681646488848405,38.48192000009462,0,0,0.6187667138587384
4.126275752026376,3.387715087823675,33.53760827076962,0,0,0.5410046667715379
6.940898298074567,3.4035967960602984,16.47273699307092,0,1,0.5664359498715327
3.592401988088365,3.2560616545487258,26.26384086173408,1,0,0.3606785171202349
4.0371830025661,3.687712884979313,11.312259890082116,1,0,0.45036967122856697
3.952555052867688,3.553894134349836,48.73206776341905,0,1,0.6501756593781134
3.9295261134248034,3.585356045363009,26.6995533258736,0,0,0.5083897016412354
3.57583914137616,3.347909514786936,32.49513997869327,1,0,0.41529023124115144
3.580615282945177,3.381250386392313,14.333162508210853,1,0,0.30467725866498874
3.6309268909897554,3.4490059070825607,5.248039237641332,1,0,0.2749462534738608
3.585356045363009,3.354718089638171,14.859413001173964,1,0,0.30305175397199935
3.613086014491672,3.454824128971361,9.873402262610986,1,0,0.3002726653033401
4.541371661502421,3.387715087823675,41.14233443607156,0,1,0.6470295212626501
4.290040392474152,3.633122433451701,28.08263845710177,0,0,0.5933092129411148
4.415177301971193,3.899884652828887,46.94644629246286,0,1,0.7784332232184994
6.73919188681484,6.520770616350794,8.96075980240018,0,1,0.677520843165015
4.599132354894288,4.165612247661876,10.13860497570424,0,1,0.5859682240050338
4.819507196957144,3.656788995525996,27.875670459796023,0,1,0.6606890042472865
4.494064910766182,4.013432596389312,27.24115608009235,0,1,0.6730375963504797
4.3177037622869605,3.75453955643731,49.682435065635,0,1,0.7614965130302553
3.993776540909293,2.737066316170276,17.378677135121638,1,0,0.3023438728960201
3.6418300507673984,2.8357227512597207,23.99723672328141,1,0,0.282811598762519
3.3972913263367714,2.503694723474013,45.866752884142656,1,1,0.36222536836033764
3.6957129891484217,2.796446625578894,32.367168161800606,1,0,0.34033349064023916
4.8021053636320525,3.608546988373597,42.116430302006215,0,1,0.7442976246657228
3.840905521895137,3.526008535441905,41.95398282897192,0,0,0.5756121860416338
3.789810188572042,3.37142922180053,33.63999959214918,1,0,0.4642388967542342
3.894079624368111,3.443134306265894,16.594642854245194,1,0,0.3976718577945572
3.823238151596328,3.3972913263367714,32.19704535024011,1,0,0.4681715693985633
3.810075733944182,3.4490059070825607,10.166568265106068,1,0,0.33417230349745686
3.952555052867688,3.425189205424682,25.545229926858763,1,0,0.4648943421949557
4.6503224189161285,3.518187664187649,10.465607444844329,1,1,0.49653924807299044
4.238551247327898,3.5661785805937694,38.80602184762959,0,0,0.641602433013476
4.452798317361249,3.504936673236167,8.623897883799009,1,0,0.45700277908866865
3.821607577465896,3.301795391497299,47.40320724577965,0,1,0.5450946463216403
3.732404785461451,3.406726386648581,35.55365636932299,1,0,0.4752765979759845
3.847210991618664,3.4082854617192253,31.715125372409727,1,0,0.4744900634471187
3.847210991618664,3.4082854617192253,33.659458164261565,1,0,0.4891720413192806
3.847210991618664,3.4082854617192253,32.599419103838315,1,0,0.48093964658381844
3.4968523552163906,3.416024371008844,37.58300324579764,1,0,0.45760578889413245
3.454824128971361,3.3647970380977803,45.6126943458299,1,1,0.48987992239525985
3.457713524398258,2.1326108865121305,29.033450959201968,1,0,0.24282942687850664
3.957855290199989,3.5661785805937694,5.543500988181601,1,0,0.3759897226154895
4.053298962009402,3.504936673236167,18.29653089740749,1,0,0.46004404593361653
3.847210991618664,3.4082854617192253,30.97567763745229,1,0,0.46966598500340834
3.847210991618664,3.4082854617192253,10.556640432248637,1,0,0.3356929369199308
3.9709169680439618,3.65255056943928,20.4714857665132,1,0,0.49111215982381634
6.580453269917001,3.3844908996445024,34.40876878659222,0,1,0.6730900319857375
4.152117771830151,3.69372231880321,36.18002844478608,0,0,0.6383252058098684
5.117858480296069,1.77445678223346,35.297591626529226,0,1,0.5137643542551519
4.03834769806497,3.409840748025332,18.815969409063307,1,0,0.43421949556918876
4.392834170529891,4.122205786005069,25.123949762480283,0,1,0.6577788264904829
4.482543447502515,3.67346746379471,42.047447419447614,0,0,0.7180535892192333
4.339876880599156,3.69372231880321,46.267289840798185,0,1,0.72940590425253
3.561293060686524,2.927815026242165,19.36974062801311,1,0,0.2527397619422159
4.310138662382687,2.771669337783252,21.728666184746093,1,0,0.38810235436002305
4.499748784714318,2.984601020231723,36.78234031542562,0,0,0.5388023700907136
7.044440395420472,3.031167006972477,21.866634283357808,0,1,0.5345813014524671
7.039859511624743,4.0049072562448895,24.38385865821451,0,1,0.73976194221593
4.797502300912612,4.074541086548121,45.07096006240861,0,1,0.8316816108227151
4.589368626248003,3.87634176846632,11.951856516558768,0,1,0.5681663258350375
4.672302601131391,3.889691035743382,34.0917653864369,0,1,0.7269152115777883
6.25244271482052,4.113987374518142,20.33167124092804,0,1,0.7107650359184102
6.426314744015466,4.112952612772922,23.45330008605665,0,1,0.7323685176445913
5.020314059610759,3.779431582754925,35.5008408089059,0,1,0.7505112474437627
3.715286380106552,2.0600805279156487,21.414813101280803,1,0,0.22838340936500448
3.4312269860540323,2.436263993453005,49.47719630314524,1,1,0.3845105133448692
4.132332579566184,3.361454993949843,35.97814872618145,0,0,0.5524880708929789
3.437208338001704,3.058639035591379,26.852482979104263,1,0,0.30824288186251375
4.46486276508656,3.796636919966727,27.7885223602296,0,1,0.6457972838340936
4.400809351610091,3.888221459896758,22.291018224529164,0,1,0.6155681401080174
3.92814531461519,3.724853075425512,6.408251275102639,1,0,0.4063237376120812
3.171729316864807,2.6716078527332074,12.201862806129077,1,0,0.12723506895286035
2.788293649081339,2.5163684049435684,39.04239759569418,1,0,0.26781500707881073
3.235997315422917,1.406223729495181,18.04514140640844,1,0,0.13334382046038487
3.471968011188098,2.6203805198221444,10.259442404977904,1,0,0.14501074930522784
2.7458940423349705,2.4071680740438794,19.15289690549069,1,0,0.128991662733994
3.374719717480798,2.5409868246733582,32.16032849785083,1,0,0.27248177861674794
3.406726386648581,3.0024626446266525,49.29041752862159,1,1,0.43849299984269313
3.406726386648581,2.8432968041538027,48.26436542582655,1,1,0.4096009648156887
3.361454993949843,2.8654955612660524,22.359477672476228,1,0,0.23981437785118764
3.354718089638171,1.5346529745909572,29.368513462289123,1,0,0.22859315190603535
3.3163414721869344,2.8280579889898227,29.934981622461287,1,0,0.2767552828902522
5.049253855618895,4.084362251139903,39.327674670064646,0,1,0.8133029206648837
6.95036215140012,4.903678437697212,24.84087401979311,0,1,0.78186775732788
4.077831582228389,3.235997315422917,16.678006811548947,1,0,0.39098631429919767
3.793232656621063,3.428215215790088,7.607131047521217,1,0,0.3102092181846783
3.949888382342986,3.260000128516328,17.19931855393453,1,0,0.37349902994074774
4.018253711466141,3.3941151411578083,30.110851653761888,1,0,0.4993707723769074
4.434264203625386,3.416024371008844,31.12721439421672,0,0,0.5767919878349327
3.6996758501070905,3.5900619489183745,25.00513735405383,1,0,0.44811493891248494
3.728640068723488,3.5155593237379508,27.015383316009142,1,0,0.4489539090766084
3.810075733944182,3.736147486186202,49.75671815962138,0,1,0.6597451628126474
3.834537310149108,3.6016775127620075,33.07510110452488,0,0,0.5310681138901998
4.062329094179847,3.689722305782301,32.93789955243246,0,0,0.5982643804729694
4.81156107598917,4.303252762125574,22.78309706641968,0,1,0.7061769178333596
4.753752857941052,3.271672184548188,26.42538573358641,0,1,0.55453306066803
4.069019050565184,3.660999537028744,15.28796464208854,1,0,0.47810812227990146
4.032502908584476,3.65255056943928,45.95457793914979,0,1,0.6701536364113051
4.168467270983877,3.60626534602832,29.038662674128883,0,0,0.5743275129778197
7.029403876227922,4.498048916517123,10.934923598176551,0,1,0.6841801688427456
0.443614195558365,0.443614195558365,10.620459859749882,1,0,0.03190708405432332
4.025417965381759,3.337558884869751,17.44484713313204,1,0,0.40558963871847303
4.498616041055784,4.013432596389312,47.48858798149101,0,1,0.8041529023124115
4.290825187177028,3.981177708863833,25.86249468144794,0,1,0.6356247705940957
4.352108843713408,3.993776540909293,26.79091714688862,0,1,0.6505951444601752
4.137336514361575,3.553894134349836,31.508447157239072,0,0,0.5740128991662733
3.8596385665672086,3.1440991268710734,17.86810367546389,1,0,0.33640081799591
4.0371830025661,3.531169853737413,39.29652395963587,0,0,0.6027738451051334
4.03834769806497,3.635310469770924,28.02727761372241,0,0,0.5506528236589586
4.073440484385223,3.648283886970039,31.01281508536436,0,0,0.5782864034397777
4.188103581161467,3.4995584903264847,49.15034051008985,0,1,0.6832363274081065
6.586994841637416,4.08327842361585,42.28871090118043,0,1,0.8557233495883803
4.737178610396051,3.671406270386683,30.854092476293285,0,1,0.6726705469036758
4.375205937457323,3.808411233656145,14.026133732995108,0,1,0.546064705573908
4.4177553517815,3.858098252947647,43.44768907752067,0,1,0.7533689895653085
4.422880504295639,3.8550064594950615,43.15309875188908,0,1,0.7520580986838655
4.82122163677156,3.865763015217545,7.853185507164551,0,1,0.5692936919930784
4.587891134248983,3.871829411348453,25.19777557853335,0,1,0.6552094803628545
4.494064910766182,3.167206329842028,33.23829523486295,0,0,0.5476115568140107
4.532831084387392,3.832935306809513,5.881838758295163,0,1,0.5189554821456662
4.511523098403735,3.732404785461451,35.980097000705555,0,0,0.694641078076661
4.325180482833748,3.69372231880321,36.16977398114909,0,0,0.6643857165329558
4.753372245381514,3.775934306292795,18.489852560950705,0,1,0.6172460804362645
4.76282030595304,3.800023171252753,41.21295117738593,0,1,0.7710660164647894
4.903076084711571,3.842487722948185,14.528667778869144,0,1,0.6163022390016254
4.203569863303665,3.603975540365674,5.440791926885306,1,0,0.4288972785905301
4.261948108597528,3.75453955643731,35.49226738022099,0,1,0.6632845681925437
4.1589005756649176,3.749077218869414,18.258468193744,0,1,0.5326674007655603
4.216912945621452,3.635310469770924,38.23930348676498,0,0,0.6495988673902785
3.945867426708109,3.520805254748625,38.32706262086392,0,0,0.5745372555188507
4.067908902845371,3.681646488848405,38.93553557987297,0,0,0.6370143149284254
4.134338850801623,3.51292014474028,34.66599703380422,0,0,0.5860730952755493
3.7829098521859374,2.7004849313127086,43.08967687598886,1,0,0.4167322112107388
3.92814531461519,3.580615282945177,9.006366857593761,1,0,0.3912484924754864
4.065682813644523,3.454824128971361,8.510789467193119,1,0,0.38534948350899273
4.159863706019747,3.85189965727759,23.322537930202035,0,1,0.5840018876828693
4.412588825237428,3.7417208160369433,20.70182191833006,0,0,0.5841854124062713
4.257005999097426,3.829719219639802,41.41092758653303,0,1,0.7144093125688218
4.190860225767919,3.460589933734476,8.294268929939886,1,0,0.40886686592208066
4.190860225767919,3.4995584903264847,28.528501349000955,0,0,0.5495516753185464
3.361454993949843,2.651606224890581,8.475621646887335,1,0,0.12487546536626291
3.3909231145907435,2.8507822696022447,40.77717626088147,1,0,0.36277594253054374
3.608546988373597,1.9782671701493224,7.262801212863457,1,0,0.11881914949399612
3.084980201987224,2.490764990790801,23.1384073717484,1,0,0.17773058570604583
3.0693059491819144,2.576225082070496,15.465919425324628,1,0,0.13161344449688006
2.87987818901137,2.6716078527332074,41.18348408440252,1,0,0.29801793298725815
2.812447458990361,1.9484943601429907,23.2551051495956,1,0,0.1461643332808977
3.58299005375896,2.503694723474013,19.48437724598781,1,0,0.2127313722405747
3.11027993879147,2.788293649081339,15.191225499572548,1,0,0.15353154003460753
2.771669337783252,2.006716298194656,49.070877015965074,1,1,0.31262125740653346
3.129823442061922,2.886950084170784,21.121909327396075,1,0,0.20782864034397774
3.1002797353334985,2.8507822696022447,10.55898144832411,1,0,0.12896544491636516
3.079797987438347,2.796446625578894,27.65261684940453,1,0,0.23362697289077658
4.915312409879418,4.42669761302631,31.39462555915097,0,1,0.7759687483613864
4.833095817824839,4.420323058335074,8.262902824563787,0,1,0.6190288920350271
5.379435120789748,3.5900619489183745,15.925332232857697,0,1,0.593833569293692
4.695639624772875,3.6976974868625,42.05181674153622,0,1,0.7496198416443814
4.494064910766182,4.057829954385761,29.885920305961715,0,1,0.6940118504535682
8.414741167019997,3.803391600081089,11.494661631978405,0,1,0.6315872266792512
4.124244004288283,3.828105095202868,17.233907051297287,0,1,0.5345288658172094
4.180693947022304,3.995022889891306,17.79792913600958,0,1,0.5679303654763778
4.346381736144759,3.9747840492957778,33.33245783776656,0,1,0.6907870588852184
4.176956710125306,3.8550064594950615,38.70230099863413,0,1,0.6873525247758376
3.867285013556724,3.1851095951491675,5.025828005803483,1,0,0.26514078968066696
3.952555052867688,3.446076840185017,7.119251637554274,1,0,0.35097792459755645
3.789810188572042,3.358095406182711,36.81631775317463,1,0,0.48204079492423046
3.981177708863833,3.4342246496139848,42.77038423392949,0,0,0.5869645010749305
4.051021379534525,3.504936673236167,16.137088295802158,1,0,0.44541450369671226
3.883792376476231,3.3647970380977803,19.23611402661872,1,0,0.39206124482198107
3.896988720285981,3.446076840185017,21.221063541890068,1,0,0.43015573383671546
4.181624856277341,3.883792376476231,42.935138631633336,0,1,0.7204918462587173
3.139375858200595,2.8507822696022447,40.52996044872053,1,0,0.33081642284096274
4.722964577670113,4.2916090207104025,24.56476017330501,0,1,0.7066226207330502
4.785304622284605,4.467248601959528,22.02544651737043,0,1,0.7067537098211946
3.7305251952705336,2.966226552466967,9.043658030484048,1,0,0.2167426983377904
3.4747812025308424,3.223649665544723,27.2351017683856,1,0,0.3453410938073515
3.57583914137616,3.193876855538391,33.49720334106906,1,0,0.39394892769125894
3.4775820822747137,3.223649665544723,5.202153064963985,1,0,0.20499711604006085
6.620179319844473,3.2560616545487258,37.1311881878845,0,1,0.6667715379371821
3.412940027689836,3.202525635805094,48.49811149415979,1,1,0.4719993707723769
3.7229511423764494,3.1626511504699546,47.81092708753776,0,1,0.5025431283099995
3.457713524398258,3.193876855538391,18.415992605941582,1,0,0.2805044308111793
3.819972838390634,3.2560616545487258,40.206680175821184,1,0,0.4919511299879398
3.701648116691032,3.0198392776288605,7.181698358988491,1,0,0.20903465995490536
3.538834616007311,3.134617471968584,48.07370006575617,1,1,0.471789628231346
3.592401988088365,3.171729316864807,24.489253530601925,1,0,0.33351685805673537
3.301795391497299,3.0745734686292843,14.4118965366081,1,0,0.21215458025273973
3.57583914137616,3.1002797353334985,21.64346865072729,1,0,0.2991190813276703
3.466304257410829,3.0477913182705643,39.55498059416171,1,0,0.39258560117455826
3.29439646516061,3.03675656215248,42.02610874122951,1,0,0.38563787950291023
3.354718089638171,3.058639035591379,14.56178481761884,1,0,0.21779141104294478
5.57331794937068,3.2639145138074874,26.30173512079135,0,1,0.5859420061874049
3.74356785916599,2.934379186349166,14.733704960052426,1,0,0.2523727124954119
4.3177037622869605,3.669338417214557,32.36159574437973,0,0,0.6312201772324472
4.266852347154693,4.110878056661453,11.174845170717688,0,1,0.5469298935556605
3.965724241788493,3.6976974868625,38.24940252604022,0,0,0.6159876251900792
4.081105246655121,3.5710270886311823,34.03359288920581,0,0,0.5860468774579205
4.092967422793888,3.57583914137616,37.10246356402044,0,0,0.610009962770699
3.613086014491672,3.347909514786936,45.07005947456205,0,1,0.5026742173981438
3.5155593237379508,3.483147334733948,21.552411706064586,1,0,0.3737874259346652
3.520805254748625,3.483147334733948,10.03621204743538,1,0,0.29749357663468096
3.504936673236167,3.483147334733948,17.070953505588392,1,0,0.3421949556918882
3.810075733944182,3.6976974868625,5.675646259830199,1,0,0.36765245660951185
3.85189965727759,3.69372231880321,20.181294085558243,1,0,0.4711341827906246
5.589190846488773,4.701859304432985,10.619697233546685,0,1,0.6692097949766662
5.589190846488773,4.701859304432985,27.20150282568196,0,1,0.7791148864768497
5.589190846488773,4.701859304432985,28.925458573642604,0,1,0.7892873997168476
3.899884652828887,3.330564279729149,5.464671126650653,1,0,0.30124272455560797
3.981177708863833,3.327038100010129,48.3781294373798,0,1,0.594384143463898
3.930903939575908,3.4490059070825607,35.50166110432986,0,0,0.5324838760421583
3.5155593237379508,3.031167006972477,39.85678453009558,1,0,0.3985894814115673
3.728640068723488,3.053238159658026,28.49471418692732,1,0,0.35745372555188504
4.903377332069451,3.3163414721869344,10.650590672277913,1,1,0.47150123223742857
3.789810188572042,3.298106620478579,39.687709191862,1,0,0.48859524933144566
4.131327080537679,3.5155593237379508,10.42029740592521,1,0,0.42538409102826275
4.175079875935688,3.585356045363009,5.802102220281387,1,0,0.4226312201772324
4.187182054724355,3.5900619489183745,39.81307227660716,0,0,0.6462429867337843
3.223649665544723,2.237764839338547,20.676285265109907,1,0,0.1613968853232657
3.305463023311049,3.0198392776288605,5.070822952778427,1,0,0.14453882858790837
3.305463023311049,3.0198392776288605,34.12284501082237,1,0,0.33141943264642654
3.834537310149108,3.139375858200595,43.11864197199813,1,0,0.49373394158670236
3.805069189508208,3.556369959487704,45.46502845188491,0,1,0.5943054900110115
3.750903183018154,3.231907844639704,40.134104538196674,1,0,0.4719469351371192
4.082192757537015,3.084980201987224,22.92260378689649,1,0,0.4065859157883698
4.405416055304379,3.11027993879147,7.966323370293693,1,0,0.36122909129044095
3.719130235505088,3.466304257410829,16.115167030673845,1,0,0.3622778039955954
5.696525827145746,3.7417208160369433,38.66198899609747,0,1,0.7785380944890147
6.379166580156804,4.316951263669991,7.664099232015017,0,1,0.6441193435058465
4.064566858697433,3.494134729052262,47.454508913183815,0,1,0.6479471448796602
3.981177708863833,3.412940027689836,49.63143237965208,0,1,0.6238005348434796
3.9113390972817146,3.412940027689836,48.32753293090743,0,1,0.5987100833726601
3.939109180170508,3.440178180917866,21.46451168598015,1,0,0.439279534371559
4.3177037622869605,3.4490059070825607,13.8185682402639,1,0,0.45828745215248273
4.210720775686465,3.734278871720067,33.04151315217478,0,0,0.6350217607886318
4.137336514361575,3.443134306265894,31.02950831576252,0,0,0.5410046667715379
3.847210991618664,3.4035967960602984,41.525036166401904,0,0,0.5386974988201982
3.908494648155044,3.5464086689013925,22.49380512223741,1,0,0.46845996539248075
3.945867426708109,3.713355760241321,16.709344892841987,1,0,0.4740181427297992
3.961801859746015,3.3909231145907435,46.29837215384789,0,1,0.5908709559016307
3.669338417214557,3.158063317203643,26.18213435782905,1,0,0.3537570132662157
3.732404785461451,3.095220420448946,36.84978243822882,1,0,0.4233915368884695
3.889691035743382,3.1534423585006115,11.628942006206982,1,0,0.30278957579571075
3.800023171252753,3.387715087823675,33.40849225420949,1,0,0.46769964868124375
4.594269109608768,3.3091097568244168,11.086378362016513,1,1,0.43990876199465156
3.888221459896758,3.330564279729149,28.844092924524645,1,0,0.44759058255990775
3.717211193587484,3.0083074341071465,27.552423625044167,1,0,0.34051701536364115
3.977349182990203,3.400451826586744,8.441690738753852,1,0,0.35029626133920616
3.260000128516328,2.8581811959389336,41.32843216514559,1,0,0.34872319228147447
4.223917119496216,2.8654955612660524,29.61425318066652,1,0,0.43678884169681714
3.460589933734476,2.7546016596506684,6.981233339130874,1,0,0.13919039379162076
3.8456404386832608,3.1626511504699546,25.057418264234663,1,0,0.3822557810287872
3.211059095561552,2.5409868246733582,7.276146378957753,1,0,0.08958628283781657
3.298106620478579,2.450330493753021,49.17982251002236,1,1,0.36516176393477
3.818333913039163,3.171729316864807,43.42956097153871,1,0,0.497745267683918
4.558118324242651,2.552949789801136,48.237190004713824,0,1,0.5689528603639032
3.8248645819506777,2.87987818901137,47.85239195711176,1,1,0.4760631325048503
3.635310469770924,2.978534624100815,37.06319387937752,1,0,0.3871322951077552
3.646139831363459,2.966226552466967,30.63875333685508,1,0,0.3432961040323004
3.483147334733948,2.6616851733501905,24.68548945685361,1,0,0.24699805988149545
4.738738635543852,3.0639947153805096,8.318161511941796,1,1,0.3953909076608462
3.460589933734476,2.99061045405562,49.15958150049492,1,1,0.44271406848093964
3.3941151411578083,3.014099328839894,40.69759536340331,1,0,0.38563787950291023
3.4634534731872257,3.014099328839894,47.49982552684802,1,1,0.43542551518011635
3.219480269691158,2.503694723474013,28.497147977738155,1,0,0.22479156834985056
3.327038100010129,2.503694723474013,39.08433819133019,1,0,0.30931781238529704
3.3127358288472504,2.641366006428859,26.484301205274978,1,0,0.2342037648786115
4.332570865185602,3.5076089109388744,16.158069318659145,1,0,0.49189869435268213
4.250356588633978,3.561293060686524,35.003936876378525,0,0,0.6181899218709034
4.545599587695775,3.665182558455806,30.463914130058026,0,1,0.6452729274815164
4.535512278086769,3.648283886970039,27.4508538424648,0,0,0.6215458025273977
4.1393271847067865,3.5285943975455893,5.421509721260479,1,0,0.4018929264328037
4.151142904924217,3.6016775127620075,46.68822577934191,0,1,0.6849142677363537
4.4923498583776285,3.298106620478579,33.55634242428851,0,0,0.573908027895758
4.295513852835955,3.592401988088365,19.5115773001164,0,0,0.5296785695558702
4.415177301971193,3.74356785916599,37.80297694938579,0,0,0.6968433747574853
4.35139575171763,4.255350112015857,24.29286023624556,0,1,0.6566514603324419
4.154063062081605,3.5155593237379508,26.667574523726145,0,0,0.5372030832153531
3.922592134438749,3.330564279729149,10.34394983980805,1,0,0.3331760264275602
4.051021379534525,3.244098689420949,22.93989854599733,1,0,0.42850401132609717
4.017051833178653,3.227792074828318,49.69827980419299,0,1,0.5925488962298778
3.9987474396853946,3.330564279729149,39.260220863880605,0,0,0.5424204289234964
4.588876507807762,3.768881893333044,22.695230668495142,0,1,0.6234072675790467
4.055568467933723,4.055568467933723,46.3677550067746,0,1,0.7363536259241781
4.149188704932607,4.11810977202397,30.98533400252905,0,1,0.6594829846363589
4.22304577831329,3.5022532311497443,40.45030876696443,0,0,0.6336584342719312
4.178828056487824,3.5155593237379508,30.398315674863024,0,0,0.5647055739080279
4.903076084711571,4.130319999291323,34.560185258460415,0,1,0.7784856588537569
5.806959690817936,3.775934306292795,13.675004331695735,0,1,0.6229091290440983
4.3492516961110494,3.260000128516328,9.60317111561293,1,0,0.3910387499344554
4.066796826110305,3.717211193587484,14.939958435848336,1,0,0.48814954643175507
4.054434720958758,3.734278871720067,6.627951075481126,1,0,0.43663153479104405
3.202525635805094,2.609623964099661,44.01371240696157,1,1,0.3331235907923024
5.086966582471616,3.770652295568493,47.80024960756887,0,1,0.8296628388652928
4.132332579566184,3.4490059070825607,24.671609739499942,0,0,0.5015206334224739
4.182554413448742,2.820300318249122,28.28316356487177,1,0,0.4172827853809449
4.178828056487824,3.901327719956624,17.727076337596085,0,1,0.5569713177075141
4.154063062081605,3.471968011188098,45.27356001440773,0,1,0.6471868281684232
4.196338147941147,3.4634534731872257,45.18272169307256,0,1,0.6512768077185255
3.770652295568493,3.031167006972477,40.134408599572005,1,0,0.43862408893083743
4.11810977202397,3.058639035591379,27.39772229814708,1,0,0.43600230716795135
4.151142904924217,3.29439646516061,31.608590413746345,0,0,0.5117980179329872
5.519636442934935,3.933650724908096,19.96760601663044,0,1,0.6814797336269729
4.714120215814061,3.69372231880321,14.321765901595072,0,1,0.5674846625766872
5.620391993317725,3.9377489246106254,8.158217445441464,0,1,0.6076241413664726
4.590351729359901,3.9552106583376463,27.830213162401417,0,1,0.681846783073777
4.820536411866702,4.104613732587109,41.52982743855108,0,1,0.8154789995280792
4.2359929494510205,4.2359929494510205,19.97797810221292,0,1,0.6095904776886372
4.090826952571265,3.244098689420949,39.7273073400784,0,0,0.5465366262912276
3.819972838390634,3.37142922180053,11.855236861890882,1,0,0.32764406690787057
3.0639947153805096,2.328055142224887,29.26790981333677,1,0,0.20512820512820515
4.087602764392093,3.667263861103088,24.136804101625984,0,0,0.5420533794766924
4.124244004288283,3.772417813929504,10.785579070966964,1,1,0.4822505374652613
4.797502300912612,4.027788338461748,5.02050831919773,0,1,0.5698180483456557
4.923536478987448,3.732404785461451,28.51564809445032,0,1,0.6891877720098578
4.726547790762608,3.715286380106552,48.79920525560352,0,1,0.798411200251691
4.636762589655684,3.949888382342986,18.70303547633494,0,1,0.6274448114938913
4.65920528184588,3.9786279046943136,15.368818463677236,0,1,0.6125006554454407
4.689358907045947,3.74356785916599,37.86585458952205,0,1,0.7306381416810864
3.585356045363009,3.0693059491819144,15.11697935040196,1,0,0.2514813066960306
3.9113390972817146,2.966226552466967,38.418519506705806,1,0,0.4504483246814535
3.9862470422983582,3.0024626446266525,24.030389439878707,1,0,0.37795605893765405
5.056881506427274,3.1851095951491675,19.67431744744072,0,1,0.5161239578417492
4.569382615017548,3.014099328839894,41.763374629822735,0,1,0.5848408578469928
4.003680026722155,3.167206329842028,21.72845616660966,1,0,0.39832730323527876
3.0693059491819144,2.6203805198221444,41.33143670381027,1,0,0.3049132190236485
3.0693059491819144,2.6203805198221444,38.95324004939068,1,0,0.28892035027004354
4.144276938690618,2.812447458990361,31.60609679105893,1,0,0.430234387289602
3.9734976167018425,3.3340711378185097,8.552147307963583,1,0,0.33537832310838445
3.74356785916599,3.058639035591379,36.92570106782556,1,0,0.4186723297152745
3.933650724908096,2.978534624100815,40.15139086636258,1,0,0.4684599653924808
3.991276537730371,3.608546988373597,47.85167354762686,0,1,0.664333280897698
4.121184237504063,4.015847693594841,16.96446733364981,0,1,0.5541922290388548
4.515400219737441,4.37931730063259,18.377455159541213,0,1,0.6450894027581144
4.914128868164406,3.1152220482915727,39.16027548007157,0,1,0.6238267526611084
4.254520559080531,3.69372231880321,28.145101742615388,0,0,0.5998374495307011
3.387715087823675,1.5903402558643205,21.64923949602668,1,0,0.1836820303077972
3.643988568833728,2.651606224890581,42.26319062447258,1,0,0.3835666719102302
4.234281718485003,3.5661785805937694,37.164248970343664,0,0,0.6309579990561586
4.411940066945687,3.193876855538391,46.47539858330408,0,1,0.6279167322112108
4.508739274962798,3.03675656215248,37.84299917071958,0,0,0.5561847831786482
3.867285013556724,3.090120791873473,17.364433252512608,1,0,0.32502228514498455
3.2560616545487258,2.6203805198221444,13.797071679926258,1,0,0.14126160138430077
3.301795391497299,2.5875528114141124,20.134779350962823,1,0,0.18677573278800272
4.056700210050037,3.6198347589247057,43.57261942790465,0,0,0.6542656389282157
3.813391803539061,3.5661785805937694,37.738988310564224,0,0,0.5489748833307115
3.803391600081089,3.454824128971361,47.63795468360515,0,1,0.5797808190446228
3.9113390972817146,3.510270037434019,22.129673809021043,1,0,0.4571600859944418
4.146246171013484,3.6309268909897554,40.40970620515954,0,0,0.6518535997063605
4.354243364869336,3.8361353134762046,22.29707371614177,0,1,0.603612815269257
5.29215245408426,4.482543447502515,42.75548400440206,0,1,0.8702742383723979
4.246165349031479,3.425189205424682,36.707688804497,0,0,0.5917361438833831
4.278951006123751,3.211059095561552,24.704814163546352,1,0,0.4726810340307273
3.8823091776663983,3.585356045363009,36.75091889280294,0,0,0.5649415342666876
4.452798317361249,3.483147334733948,29.632424353968023,0,0,0.5887735304913219
4.282139057547881,3.215283533341617,7.34670852408403,1,0,0.36115043783755435
4.061207270930302,3.031167006972477,37.36546124705105,1,0,0.4866289130092811
4.225656251001175,3.2678051032963715,13.100307932985926,1,0,0.3989040952231136
4.42669761302631,3.3779933819075314,29.88937263970956,0,0,0.5574956740600913
4.257005999097426,3.543893930891864,10.9640119784259,1,0,0.4565046405537203
4.0993462131397385,3.3909231145907435,12.089993644962446,1,0,0.3958890461957947
4.0993462131397385,3.3909231145907435,18.08777121652103,1,0,0.43610717843846675
3.834537310149108,3.834537310149108,35.30218378481873,0,1,0.5918410151538986
3.834537310149108,3.834537310149108,16.295016476153343,1,1,0.466362539982172
3.832935306809513,2.87987818901137,30.76049109102644,1,0,0.3669970111687903
4.199964219963981,3.4747812025308424,45.77442830170907,0,1,0.6576215195847098
4.103563691334334,3.520805254748625,35.33302347267746,0,0,0.5876199465156521
5.015276646748879,4.789636280106135,29.713065505569148,0,1,0.780897698075612
5.09371295555207,4.801752454883105,18.82292567151443,0,1,0.7141209165749043
5.147327678014488,4.44298029164766,32.97535485357372,0,1,0.7983063289811755
4.84210770075425,4.603477901578112,37.99104492825115,0,1,0.8230821666404489
4.164657735926408,3.5686074260136422,8.108534928859235,1,0,0.4308373970950658
4.107753558999176,3.4747812025308424,17.87690160357068,1,0,0.4611451942740286
3.908494648155044,3.374719717480798,35.857968776095184,0,0,0.5092286718053589
3.815043417358895,3.3779933819075314,7.560619776892384,1,0,0.3006134969325153
3.8377293367161736,3.469142399534263,47.52481425047258,0,1,0.5918410151538986
3.8248645819506777,3.4747812025308424,35.24074562617679,0,0,0.5125583346442242
4.025417965381759,3.454824128971361,13.971485939695503,1,0,0.41321902364847146
3.880822533560069,3.425189205424682,38.79622502860049,0,0,0.5351580934403021
3.8823091776663983,3.3909231145907435,17.51410248614467,1,0,0.3864506318494049
3.633122433451701,3.1440991268710734,24.47646973841049,1,0,0.3337266005977662
4.027788338461748,3.4634534731872257,8.058506778935135,1,0,0.37848041529023124
3.810075733944182,3.3647970380977803,13.108394202061216,1,0,0.331891353363746
3.914170960309142,3.406726386648581,10.114455345965844,1,0,0.3467306381416811
3.839319399645877,3.337558884869751,38.2318744123936,1,0,0.49937077237690736
4.021845863085313,3.5022532311497443,24.03672532814035,1,0,0.49140055581773373
3.610820525400393,3.231907844639704,22.90209957643307,1,0,0.3355880656494154
3.736147486186202,3.235997315422917,14.25802931732362,1,0,0.30063971475014417
3.862708116815844,3.400451826586744,17.09512282810505,1,0,0.38120706832363277
3.8793324281139294,3.5710270886311823,34.59159563914209,0,0,0.5469561113732894
3.916990348128608,3.726749373109132,32.16668930346685,0,0,0.5705259294216349
3.858098252947647,3.158063317203643,8.437969466094595,1,0,0.2767552828902522
3.853454943583697,3.451921629665512,18.38163332365661,1,0,0.4037806093020817
4.997326752250275,3.409840748025332,31.98817218900475,0,1,0.6390855225211053
3.8503405822069454,3.4747812025308424,34.19301279413721,0,0,0.513528393896492
4.470810763289093,3.561293060686524,5.7231248006563415,1,0,0.4575795710765036
3.594733502506606,3.1982158552090336,16.314488399561988,1,0,0.2846206281789104
3.847210991618664,3.4082854617192253,36.8218124169415,0,0,0.5100414241518536
3.847210991618664,3.4082854617192253,19.091262384486846,1,0,0.39305752189187776
3.847210991618664,3.4082854617192253,31.92839324803588,1,0,0.4763777463163967
3.847210991618664,3.4082854617192253,47.60709222130058,0,1,0.5773687798227676
3.847210991618664,3.4082854617192253,12.003633564087105,1,0,0.3458654501599287
3.847210991618664,3.4082854617192253,38.17805591054983,0,0,0.5182213832520581
5.027796607819913,3.5686074260136422,14.148011158586108,0,1,0.5666456924125636
4.1589005756649176,3.711419298854736,36.579566925905326,0,0,0.6461643332808976
3.8852721459215935,3.319926915738084,23.367424222440192,1,0,0.41007288553300825
4.020650718013444,3.561293060686524,31.241848885044167,0,0,0.5523569818048345
4.03834769806497,3.7863693200687583,25.30011152730981,0,1,0.5643647422788527
4.237699617129046,3.981177708863833,22.992177563379823,0,1,0.6084893293482251
4.614450962029304,3.768881893333044,13.515357618636685,0,1,0.5658067222484401
4.409989836894186,3.5710270886311823,48.96980642514545,0,1,0.7316082009333543
3.826486889536718,3.622068618086158,5.390988388939015,1,0,0.3555136070473494
4.409338437346858,4.184409487211309,9.201145536100888,0,1,0.5594095747469982
7.029403876227922,4.498048916517123,46.18519896026438,0,1,0.9150542708824917
7.029403876227922,4.498048916517123,16.672559860739558,0,1,0.7229825389334592
4.57945363321391,3.8823091776663983,37.5555664343815,0,1,0.7373761208117037
4.617282825056732,3.92398495326921,31.55374693844518,0,1,0.704970898222432
3.732404785461451,3.648283886970039,33.705004354012175,0,0,0.5234649467778302
4.027788338461748,3.471968011188098,37.13605360764452,0,0,0.5714173352210162
4.027788338461748,3.471968011188098,14.00250777721868,1,0,0.4189869435268208
4.047589735924039,3.65255056943928,38.24309814632879,0,0,0.6233023963085313
3.993776540909293,3.3909231145907435,16.185494632460976,1,0,0.4028367678674427
4.040670749617341,3.488664610282048,17.196287836889283,1,0,0.44690891930155735
3.813391803539061,3.248111241749649,7.831184508471082,1,0,0.27623092653767506
4.098287486678282,3.2520987935900565,37.99787197572923,0,0,0.5392480729904042
3.806742393075613,3.504936673236167,35.28231422709456,0,0,0.5153898589481412
3.803391600081089,3.400451826586744,47.84897308593118,0,1,0.5642860888259661
4.052161183931962,3.283135177550767,41.26241296260277,0,0,0.5566829217135966
4.097227005905399,1.8132565401959784,46.99427218645458,1,1,0.47511929107021134
7.029403876227922,4.498048916517123,14.056047014881493,0,1,0.7055739080278958
7.029403876227922,4.498048916517123,38.481538408909046,0,1,0.8660269519165226
3.8911572448611778,3.504936673236167,28.46786992392669,1,0,0.49129568454721834
3.999984155046069,3.669338417214557,21.73691274779924,0,0,0.5094646321640187
2.780035469986358,2.328055142224887,31.315166758052943,1,0,0.20465628441088565
2.5409868246733582,2.328055142224887,17.10777038570944,1,0,0.10597241885585444
2.959982600501933,2.6616851733501905,45.31030120213818,1,1,0.3279062450841592
3.058639035591379,2.576225082070496,40.44631299032135,1,0,0.2939803890724136
2.9408767040861377,2.5163684049435684,33.36842953121341,1,0,0.23721881390593047
3.1982158552090336,2.691003276410218,36.75941297640847,1,0,0.293534686172723
3.231907844639704,2.788293649081339,24.93553366580855,1,0,0.22919616171149912
3.286910999712168,2.7631923926632385,47.13473179774889,1,1,0.37633055424466466
3.639664228057485,3.014099328839894,42.124087444093895,1,0,0.4272193382622831
4.176956710125306,3.275516039946724,24.977290763043683,1,0,0.4709768758848514
3.74356785916599,3.0255282039758984,18.565889844193315,1,0,0.291647003303445
3.775934306292795,3.014099328839894,7.546466932757273,1,0,0.2223270934927377
3.842487722948185,2.9408767040861377,46.72402802009584,1,1,0.4822243196476325
3.894079624368111,2.8727272766285696,39.41578568041415,1,0,0.439830108541765
4.134338850801623,2.812447458990361,34.49357621636972,1,0,0.44918986943526823
3.3941151411578083,2.609623964099661,12.182598100248,1,0,0.1488123328614126
2.7458940423349705,2.1977518108704936,8.177235215751184,1,0,0.04894866551308269
3.69372231880321,3.11027993879147,34.922439527416024,1,0,0.4063237376120812
4.334038755737345,3.058639035591379,41.665349838121095,0,0,0.5633422473913271
3.870318194589618,3.1487877925300003,9.98062632785008,1,0,0.28642965759530176
4.335503287268873,2.978534624100815,18.95214628113893,1,0,0.39987415447538144
4.230845468619366,3.1762205633663405,28.197913141246392,1,0,0.481752398930313
3.0477913182705643,2.651606224890581,21.07065163796491,1,0,0.17364060615594357
3.3340711378185097,2.8280579889898227,42.311317490822354,1,0,0.363274081065492
3.4342246496139848,2.9144812106243463,18.88219397361837,1,0,0.2328404383619108
3.0422977223080734,2.796446625578894,47.88661624602676,1,1,0.36141261601384295
3.9363857718056185,3.29439646516061,20.969026406560165,1,0,0.4017356195270305
3.992527760025285,3.6242947072870058,47.385423860650015,0,1,0.6648314194326465
4.028970240921374,3.6016775127620075,9.631381321034896,1,0,0.42142520056630484
4.3244367291184345,3.8733370681116273,29.92346118417888,0,1,0.6530858371349169
3.969622731000271,3.215283533341617,13.757929842926105,1,0,0.3464684599653925
3.592401988088365,3.2560616545487258,35.49243627197421,1,0,0.4216087252897069
3.592401988088365,3.2560616545487258,43.67127652129131,1,0,0.474988201982067
3.4747812025308424,3.129823442061922,24.785692220113216,1,0,0.31288343558282206
3.83132928338204,3.171729316864807,12.24225284953432,1,0,0.29560589376540297
3.531169853737413,3.1982158552090336,13.090901047007865,1,0,0.2554926327932463
3.454824128971361,3.167206329842028,15.3359784246101,1,0,0.25528289025221534
3.763541111296448,3.219480269691158,12.437877031261047,1,0,0.290336112422002
3.679611510981282,3.1851095951491675,37.37023231671656,1,0,0.4339048817576425
3.466304257410829,3.189508237893336,28.17759407173953,1,0,0.344108856378795
3.761750900338969,3.279336946818085,8.76066477204822,1,0,0.2771485501546851
3.865763015217545,3.428215215790088,12.493106327225329,1,0,0.36036390330868856
3.861175181951233,3.406726386648581,15.88283691313896,1,0,0.3748885742750773
4.20983126894147,3.592401988088365,9.74990783739731,1,0,0.45141838393372136
3.991276537730371,3.3513228562111674,28.389362775357053,1,0,0.4724975093073252
4.864577574106932,3.2678051032963715,16.04366256315021,1,1,0.4966965549787636
4.855554262504052,3.2678051032963715,22.60785098249288,0,1,0.5392742908080331
6.781382060900146,3.283135177550767,14.94501850925355,0,1,0.5280792826805096
3.85189965727759,3.358095406182711,32.75497226550158,1,0,0.4712652718787688
4.270101085095083,3.219480269691158,23.72819601518574,1,0,0.46678202506423366
3.721043540368042,3.337558884869751,29.366639629061552,1,0,0.41476587488857425
4.006132137001551,3.2678051032963715,36.60345261299619,0,0,0.5155733836715432
6.639853831476167,3.286910999712168,27.532427258805413,0,1,0.6083582402600808
3.9862470422983582,3.2520987935900565,44.19888340019387,0,1,0.5572597137014315
4.051021379534525,3.171729316864807,28.967357650344685,1,0,0.4540663835142363
5.71762946811831,3.1851095951491675,32.26040630460248,0,1,0.6121860416338945
4.100403191084361,3.0745734686292843,20.180152996942297,1,0,0.3903308688584762
3.7949370517695327,3.1806805117286405,36.15114125398463,1,0,0.44601751350217606
3.681646488848405,3.105299368908555,22.666647372462872,1,0,0.32255781028787167
4.2204246142398585,3.3513228562111674,14.215668782865336,1,0,0.4209008442137277
3.387715087823675,2.978534624100815,23.86783874334402,1,0,0.2693618583189135
3.679611510981282,3.219480269691158,40.67665573189319,1,0,0.4614860259032038
3.279336946818085,3.0639947153805096,26.35986247444164,1,0,0.2848565885375702
3.3972913263367714,3.0422977223080734,33.302585370269306,1,0,0.3431125793088983
4.102511924458347,3.635310469770924,16.39766663902451,1,0,0.487966021708353
4.088679299549203,3.6418300507673984,37.57686608646523,0,0,0.6258979602537885
4.164657735926408,3.8248645819506777,42.65950465832373,0,1,0.707959729432122
3.374719717480798,3.084980201987224,42.96604813559352,1,0,0.41285197420166747
4.066796826110305,3.658897728899982,20.04546887651876,0,0,0.5085470085470085
3.847210991618664,3.244098689420949,25.31529249465977,1,0,0.3994284515756908
4.011008351066472,3.520805254748625,43.50923043062685,0,0,0.6232761784909023
3.981177708863833,3.7949370517695327,25.986952766976984,0,1,0.5587279114886478
3.705574509374242,3.240060821137259,22.481949732944173,1,0,0.34919511299879397
3.87783884517235,3.425189205424682,45.587721629628206,0,1,0.5784699281631797
3.991276537730371,3.2678051032963715,8.048830023926781,1,0,0.3246552356981805
3.683675016695624,2.681379034896912,22.54317896734032,1,0,0.2627287504588118
3.231907844639704,2.780035469986358,48.56511285294737,1,1,0.381154632688375
3.283135177550767,3.0024626446266525,34.17674331654133,1,0,0.3246028000629228
3.4342246496139848,2.9473089190323787,21.923706578240733,1,0,0.257799800744586
3.3779933819075314,3.0745734686292843,24.539935227923937,1,0,0.2901001520633422
3.5337349874318376,2.9473089190323787,30.169016841951183,1,0,0.3228462062817891
3.592401988088365,2.934379186349166,14.917601772356244,1,0,0.22880289444706622
3.639664228057485,3.079797987438347,21.766498266327687,1,0,0.30609302081694717
3.60626534602832,3.058639035591379,21.647580647065062,1,0,0.29463583451313513
3.344477871176449,3.189508237893336,37.54516302303622,1,0,0.391300928110744
3.736147486186202,3.460589933734476,36.89476696480214,0,0,0.5018352472340202
4.044139592797718,3.504936673236167,14.821792417410622,1,0,0.43592365371506475
3.976067901280972,3.5285943975455893,26.77973283548912,0,0,0.5065020187719574
3.800023171252753,3.079797987438347,41.2316258522867,1,0,0.4616695506266059
3.341027728050128,3.129823442061922,29.681082892853485,1,0,0.3274605421844686
3.219480269691158,3.079797987438347,39.51196977275482,1,0,0.36775732788002724
2.9408767040861377,2.376686122690757,40.2103069242812,1,0,0.2733731844161292
3.327038100010129,2.7631923926632385,41.15232756383308,1,0,0.3460227570657019
4.65121627381003,4.391495257907668,11.345820304332904,0,1,0.6158041004666771
4.7124989356563445,4.302483068707487,32.95629900088531,0,1,0.7602118399664413
4.550322856366255,3.608546988373597,12.653517273368395,0,1,0.5196371454040166
3.732404785461451,3.558836243849938,45.0964204821091,0,1,0.5788107597923549
4.954303417622635,4.415177301971193,45.90787105060098,0,1,0.8727387132295109
3.909918452969194,3.400451826586744,31.89756482615555,1,0,0.48786115043783757
3.815043417358895,3.4775820822747137,45.03283830628769,0,1,0.5739342457133868
5.136958040925064,3.4968523552163906,33.46564773802236,0,1,0.6789890409522311
6.330861757807924,3.358095406182711,26.37180901601962,0,1,0.6118189921870903
3.483147334733948,3.1626511504699546,17.19946623533477,1,0,0.27006973939489276
4.074541086548121,3.51292014474028,19.132046412410546,1,0,0.4725237271249541
3.909918452969194,3.374719717480798,14.687679988140708,1,0,0.3699858423784805
3.92814531461519,3.425189205424682,45.87265116451471,0,1,0.5909496093545173
3.8596385665672086,3.406726386648581,13.459387964926291,1,0,0.35826647789837973
3.8248645819506777,3.454824128971361,36.34166806556771,0,0,0.5150752451365949
3.805069189508208,3.37142922180053,42.0074874374002,0,0,0.5230716795133973
3.813391803539061,3.451921629665512,40.841235642338816,0,0,0.5390121126317445
3.952555052867688,3.469142399534263,36.166588706066335,0,0,0.5486078338839074
3.558836243849938,3.2520987935900565,47.28072909384087,1,1,0.48974883330711555
3.368121720899127,2.812447458990361,19.61210849546466,1,0,0.2158512925384091
3.671406270386683,3.344477871176449,13.617199419945456,1,0,0.3053327041057103
3.9786279046943136,3.750903183018154,14.865887486762476,1,1,0.47661370667505637
4.090826952571265,3.5734376376202874,16.935656215652358,1,0,0.4762466572282524
3.8793324281139294,3.419093921257479,41.70246996988048,0,0,0.5529075559750406
3.899884652828887,3.454824128971361,39.245630849174695,0,0,0.5519112789051439
3.912756595092629,3.437208338001704,9.004670780686304,1,0,0.35006030098054636
3.9472105541685374,3.466304257410829,21.59269023662496,1,0,0.4500550574170206
3.717211193587484,3.457713524398258,6.411358180530967,1,0,0.29848985370457765
3.806742393075613,3.305463023311049,6.548906511870382,1,0,0.278118609406953
3.761750900338969,3.319926915738084,15.973816380828207,1,0,0.33141943264642654
4.148209362736916,3.4747812025308424,6.781731655672178,1,0,0.39612500655445443
4.111916175299449,3.4342246496139848,19.57315224322385,1,0,0.4601489172041319
4.151142904924217,3.736147486186202,44.97882178045612,0,1,0.704210581511195
4.069019050565184,3.709476960489838,45.58377415157939,0,1,0.6865397724293429
5.186816837069832,4.563775251389662,42.18752681489461,0,1,0.8673902784332231
3.9987474396853946,3.707528709365852,16.228453997317974,1,0,0.4813591316658801
4.133336501340666,3.660999537028744,8.030439406260523,1,0,0.4429500288395994
3.719130235505088,3.483147334733948,49.9623156805845,0,1,0.5864139269047245
3.9734976167018425,3.536289881044342,38.70032885885488,0,0,0.5868596298044152
4.451579269373631,3.6309268909897554,43.65545740979787,0,0,0.7167164805201615
4.204468109065149,3.260000128516328,15.869038374206111,1,0,0.4125111425724923
6.325334953168177,3.750903183018154,23.51184634783237,0,1,0.6871165644171779
4.255350112015857,2.7281151213064425,6.024502435684981,1,0,0.2742908080331394
3.617593075371937,3.1982158552090336,40.28870341186549,1,0,0.4448114938912486
4.44729422228052,3.622068618086158,19.104110028670164,0,0,0.5531697341513292
4.511523098403735,2.829598302609384,15.441466936157909,1,0,0.3788474647370353
4.395503621740987,3.510270037434019,39.42331903952479,0,0,0.6538461538461537
4.544017386642726,3.7949370517695327,39.3053874527915,0,1,0.730716795133973
4.568874879965136,3.796636919966727,42.6986886293076,0,1,0.7571443553038645
3.707528709365852,3.095220420448946,30.375948527225383,1,0,0.37402338629332493
3.8793324281139294,3.409840748025332,43.92226532730776,0,1,0.5648104451785433
4.134338850801623,2.788293649081339,31.18372512824543,1,0,0.42354884379424257
4.393502577901351,3.3091097568244168,39.07228970782995,0,0,0.5997587960778145
4.409989836894186,3.789810188572042,36.85003002572545,0,1,0.699124324891196
4.15600245750508,3.1851095951491675,15.324200990428576,1,0,0.3874993445545592
4.812603138634585,3.416024371008844,46.81291021283037,0,1,0.723375806197892
3.92398495326921,2.275422759353225,20.406443499123395,1,0,0.2736615804100467
4.136338852429229,3.446076840185017,14.564798112052827,1,0,0.43490115882753927
4.153091156048204,3.2906646761617027,49.17728055197453,0,1,0.626736930417912
4.007354677965467,3.354718089638171,41.22728928525164,0,0,0.5619264852393687
4.203569863303665,3.4775820822747137,31.69436237710017,0,0,0.5662262073305019
3.3234923845697346,2.886950084170784,25.4868218862344,1,0,0.25688217712757594
3.734278871720067,2.691003276410218,35.502856063871164,1,0,0.35800429972209113
3.171729316864807,2.5163684049435684,47.38144751166666,1,1,0.3433223218499292
3.1487877925300003,2.651606224890581,27.537929550014407,1,0,0.22348067746840752
3.51292014474028,2.8357227512597207,36.39389743371039,1,0,0.3476220439410624
3.538834616007311,2.771669337783252,17.393497497458867,1,0,0.21802737140160455
3.6309268909897554,3.083947110560317,33.63907492889516,1,0,0.38309475119291075
3.705574509374242,3.03675656215248,13.097149919449723,1,0,0.25032772272036075
3.381250386392313,2.984601020231723,25.505318285598296,1,0,0.279613025011798
3.608546988373597,3.510270037434019,42.687643319754606,0,0,0.5310943317078286
3.67346746379471,3.400451826586744,5.890139139878484,1,0,0.2712495411881915
3.67346746379471,3.3909231145907435,32.46208516382162,1,0,0.4396728016359918
4.967789188568451,2.907708660652802,42.75685582931377,0,1,0.6158041004666771
4.965333419194183,1.406223729495181,48.26801757537254,0,1,0.5820617691783335
4.577953046359987,2.8357227512597207,27.00070167700607,1,1,0.4629804415080489
5.022817975167697,3.286910999712168,11.944857947009512,1,1,0.48151643857165327
3.5155593237379508,3.3163414721869344,17.497952706814946,1,0,0.3043626448534424
3.713355760241321,3.361454993949843,31.26560045746132,1,0,0.4300770803838289
3.781173080428116,3.419093921257479,20.97357554684712,1,0,0.3921398982748676
4.561723967582336,3.68569713528146,6.447780822518523,1,1,0.49774526768391797
4.345662230728899,3.669338417214557,8.83181353332094,1,0,0.48091342876618953
3.8487776998673935,3.608546988373597,44.67776668235158,0,1,0.6142310314089455
4.372450281962148,3.750903183018154,34.66627946276129,0,1,0.6716480520161502
3.939109180170508,3.189508237893336,43.86976159900456,0,1,0.5325100938597871
3.443134306265894,2.4775686469810494,13.874801893425666,1,0,0.1568612028734728
3.271672184548188,2.893944689311386,17.919639461561754,1,0,0.2014314928425358
3.526008535441905,3.0255282039758984,49.87676421517288,1,1,0.46198416443815216
3.941821048634837,3.330564279729149,45.40600694202056,0,1,0.5692936919930784
3.556369959487704,3.105299368908555,48.81875532120702,1,1,0.4738084001887683
3.4490059070825607,2.8357227512597207,43.13460885082344,1,0,0.38338314718682814
3.51292014474028,2.953677130778406,20.08991149097828,1,0,0.2556761575166483
3.637491051096756,3.1440991268710734,48.92015835932499,1,1,0.4929211892402076
3.531169853737413,3.0745734686292843,43.3977551015596,1,0,0.4328561690524881
3.6418300507673984,3.129823442061922,8.843699684389527,1,0,0.23024487441665356
3.781173080428116,3.227792074828318,8.204540458991305,1,0,0.2674741754496356
3.563740482407102,3.227792074828318,15.33817773028125,1,0,0.2791148864768497
3.615343512423172,3.4995584903264847,17.088948240847717,1,0,0.35965602223270937
4.299395004815162,3.654673291119917,12.54343096745752,1,0,0.4964868124377327
4.061207270930302,3.541369272785613,48.819292348552025,0,1,0.6704682502228515
3.810075733944182,3.412940027689836,48.56602038269905,0,1,0.5753762256829741
3.57583914137616,3.231907844639704,17.555127355428297,1,0,0.29599916102983587
3.7417208160369433,3.409840748025332,19.69262840186529,1,0,0.37415447538146923
4.107753558999176,3.639664228057485,15.468096542195685,1,0,0.4838760421582507
4.237699617129046,3.400451826586744,16.55589512937513,1,0,0.44960935451733003
3.779431582754925,3.3941151411578083,35.33210396196441,1,0,0.4783440826385612
3.7829098521859374,3.4035967960602984,14.50341691993554,1,0,0.3446594305490011
3.899884652828887,3.4634534731872257,11.62484932675258,1,0,0.3725551885061087
3.914170960309142,1.1467260603059553,43.91571552515525,1,1,0.40178805516228827
3.993776540909293,3.775934306292795,8.742508967597843,1,1,0.44549315714959886
4.013432596389312,3.823238151596328,18.63149002248512,0,1,0.5216821351790677
3.9709169680439618,3.75453955643731,41.17666612434385,0,1,0.6482093230559488
4.021845863085313,3.8166907799158056,31.1517895881101,0,1,0.6033244192753395
3.993776540909293,3.536289881044342,11.508466475724664,1,0,0.41319280583084256
3.675522040198069,3.3091097568244168,17.33174926163246,1,0,0.3243930575218919
3.750903183018154,3.381250386392313,8.719493145498454,1,0,0.2952126265009701
4.054434720958758,3.553894134349836,18.824198971291857,1,0,0.47650883540454086
3.750903183018154,3.4490059070825607,7.579744268480829,1,0,0.3080855749567406
3.95122310649724,3.536289881044342,25.658060693524952,1,0,0.49680142624927903
3.803391600081089,3.387715087823675,30.86831757704704,1,0,0.4507105028577421
3.5337349874318376,2.959982600501933,39.997685822471865,1,0,0.3897540768706413
3.713355760241321,2.927815026242165,19.14437604963221,1,0,0.2739499764039641
3.5661785805937694,3.031167006972477,42.84014912406191,1,0,0.4245189030465104
6.321404742771971,3.1201262868487367,45.05185094612673,0,1,0.6894761680037753
6.847785622985944,3.558836243849938,13.816005826655765,0,1,0.5898484610141052
5.0190584186351055,2.934379186349166,38.39858766203514,0,1,0.5929421634943107
5.0053381631407,2.927815026242165,26.785095116276548,0,1,0.5146557600545331
3.8487776998673935,2.7098281629422463,21.296261643732183,1,0,0.2926694981909706
3.5661785805937694,3.0422977223080734,23.31792142153668,1,0,0.2977819726285984
3.031167006972477,2.5875528114141124,25.45265704464348,1,0,0.19534895915264014
3.0693059491819144,2.7004849313127086,10.67611996055784,1,0,0.11000996277069897
4.264404925434114,3.387715087823675,47.82250082844092,0,1,0.6536888469403807
4.371759510173556,3.5661785805937694,30.57305554218756,0,0,0.6046615279744114
3.488664610282048,3.171729316864807,27.05559379157459,1,0,0.3369251743484873
3.9734976167018425,3.67346746379471,15.36416268293135,1,0,0.46211525352629645
4.986839012440357,3.3127358288472504,21.780792767146103,0,1,0.5499449425829793
3.4312269860540323,3.3647970380977803,11.37464755177561,1,0,0.2627549682764407
3.847210991618664,3.4082854617192253,13.347885978801113,1,0,0.3551465576005453
3.842487722948185,3.4490059070825607,14.848966533805616,1,0,0.3754129306276546
3.847210991618664,3.4082854617192253,42.16798459317695,0,0,0.5454879135860731
5.209988507429408,3.11027993879147,46.77110324440122,0,1,0.6829479314141892
4.2528582204836125,3.471968011188098,30.71280278217005,0,0,0.5653872371663783
4.113987374518142,3.488664610282048,21.88748955667776,1,0,0.49176760526453783
4.701859304432985,4.08327842361585,21.5366742185434,0,1,0.6675580724660479
4.749553618301052,3.9644194503069903,30.095460459749702,0,1,0.7169000052435636
4.783127749437572,4.046441753553462,40.82506378496887,0,1,0.8006134969325153
4.793938817318855,4.0993462131397385,35.284978488039684,0,1,0.7708824917413875
4.864897494133589,3.993776540909293,14.861861750644204,0,1,0.6333438204603848
4.768422909575385,3.896988720285981,16.247655620090573,0,1,0.6220701588799747
5.178837411827131,3.6287237907075327,5.074493117930966,0,1,0.5299407477321588
3.494134729052262,3.454824128971361,40.68868631259746,1,0,0.4888836453253631
3.750903183018154,3.4035967960602984,38.76766257180317,1,0,0.4975879607781448
3.922592134438749,3.3972913263367714,25.63833866050366,1,0,0.4492947407057837
4.390153538338689,3.244098689420949,9.241285556263348,1,0,0.3910387499344554
3.9975083299082,2.006716298194656,46.43488563203953,1,1,0.45398773006134974
4.175079875935688,3.960489038772857,18.12440610708257,0,1,0.5643909600964815
4.075639799264315,3.3647970380977803,15.753623935103,1,0,0.409365004457029
4.43614195558365,3.425189205424682,26.08379314443912,0,0,0.5481883488018459
4.713310089123611,4.363411565730656,39.233185607125975,0,1,0.8051229615646793
4.040670749617341,3.3127358288472504,26.944315221276952,1,0,0.4658644014472236
4.601067352589007,4.062329094179847,31.90697139775407,0,1,0.7207278066173771
3.536289881044342,3.202525635805094,39.63926991828807,1,0,0.4311520109066122
3.510270037434019,3.167206329842028,42.24587967686087,1,0,0.43948927691258977
4.864897494133589,3.939109180170508,6.380812087652016,0,1,0.5738818100781291
3.805069189508208,3.079797987438347,20.337947976231337,1,0,0.3260447800325101
4.027788338461748,3.761750900338969,32.71748859524133,0,1,0.6055791515914215
4.726547790762608,4.43863708544967,27.96712346267729,0,1,0.7359603586597451
4.7213655762137305,3.471968011188098,7.262583744063429,1,1,0.4733102616538199
4.305556303904547,3.518187664187649,29.82106431314181,0,0,0.5805935713911174
4.320704940119526,4.135339632866379,42.77006026486785,0,1,0.7656127103979865
4.504259816606196,4.229120400189496,6.143950668052092,0,1,0.5564731791725657
5.185267668386043,3.819972838390634,15.689107691911198,0,1,0.6324261968433748
4.420323058335074,3.585356045363009,37.6118556792519,0,0,0.6637040532746054
4.323692110069924,3.92814531461519,32.38652922622306,0,1,0.6760526453777987
4.421603058761741,3.844066022145109,12.824113370929084,0,1,0.5508887840176184
4.3177037622869605,2.8654955612660524,41.08198936915461,0,0,0.5268470452519532
4.310138662382687,2.820300318249122,38.79004284789184,0,0,0.5051386922552566
3.69372231880321,2.7098281629422463,39.78346554403132,1,0,0.3797388705364166
4.6413145291858005,3.51292014474028,35.50895054650756,0,1,0.6602957369828536
5.083339225967227,2.820300318249122,46.831201192013175,0,1,0.6335273451837868
4.325180482833748,2.812447458990361,7.978262006872274,1,0,0.3049132190236485
4.6335568584451,3.471968011188098,42.23294916790146,0,1,0.6920192963137749
4.70924400174914,3.1534423585006115,39.89702200607982,0,1,0.6149651303025536
4.524174993010086,2.8280579889898227,20.53013049995404,1,0,0.41342876618950236
3.42214881965918,2.5646932385487817,48.29001003952109,1,1,0.38309475119291064
4.173197521637566,2.87987818901137,47.00530863866364,0,1,0.5428136961879293
3.2639145138074874,2.598683526749708,32.53800816409602,1,0,0.2632006711761313
3.1152220482915727,2.4775686469810494,19.31615699747428,1,0,0.15363641130512296
3.510270037434019,2.953677130778406,47.653326634582335,1,1,0.4331970006816633
4.051021379534525,3.587713322429438,38.26925407076808,0,0,0.6110586754758534
4.023038780485674,3.756350024405616,17.711478254040784,0,1,0.5059776624193802
4.290825187177028,3.808411233656145,5.4935267697107895,1,1,0.4829322007236118
3.9900228644597577,3.6016775127620075,36.8059227700453,0,0,0.592706203135651
3.275516039946724,2.421881365707687,49.56511373485269,1,1,0.3624351109013686
4.241946480754901,3.828105095202868,20.30208243792139,0,1,0.5728330973729747
6.3951740840565705,3.805069189508208,24.942610652164767,0,1,0.7064128781920194
4.384080746333121,3.227792074828318,20.48898989916492,1,0,0.461826857532379
4.812950116143762,3.483147334733948,47.10574234884209,0,1,0.7447171097477847
5.330363253469163,3.561293060686524,21.812401302149446,0,1,0.6256619998951288
4.361307454246373,4.184409487211309,7.785408857612322,0,1,0.5441508048870012
4.084362251139903,3.864237388750168,12.34990516259134,1,1,0.49965916837082486
3.633122433451701,3.1534423585006115,11.80642359545732,1,0,0.2517172670546904
3.5661785805937694,3.2639145138074874,25.120038752713253,1,0,0.35103036023281425
4.101458426278079,3.543893930891864,16.118953950201195,1,0,0.4664149756174296
5.209988507429408,4.2478451400220525,34.82524971117126,0,1,0.8025536154370511
3.781173080428116,3.5464086689013925,38.94591478513346,0,0,0.5447013790572073
4.160825389145849,3.520805254748625,45.73020078796716,0,1,0.6640186670861518
3.9472105541685374,3.749077218869414,39.06936002845862,0,1,0.6279953856640974
3.9295261134248034,3.724853075425512,5.317856471118875,1,0,0.4009228671805359
4.009792776152135,3.7671065801281,34.87504989331028,0,1,0.618452100047192
4.126275752026376,3.85189965727759,23.144782162743653,0,1,0.5770541660112212
7.029403876227922,3.531169853737413,45.36423776718583,0,1,0.7955796759477741
4.7460972642658525,3.412940027689836,19.157311624199195,0,1,0.5361805883278276
3.957855290199989,3.327038100010129,17.23103721870861,1,0,0.3874206911016727
4.176956710125306,3.561293060686524,13.322750267857126,1,0,0.46442242147763624
3.919797370172292,3.5337349874318376,24.38066441384646,1,0,0.48036285459598344
4.948716302262008,3.608546988373597,10.431468601491613,0,1,0.5457500917623617
3.832935306809513,3.2906646761617027,28.92650789722248,1,0,0.42672119972733474
4.9310796306768605,3.381250386392313,27.191671686283712,0,1,0.5961669550626606
6.28141502857298,3.520805254748625,31.85093952309455,0,1,0.6912065439672802
3.715286380106552,3.446076840185017,12.40258020364002,1,0,0.33026584867075665
3.7829098521859374,3.406726386648581,29.635443164789447,1,0,0.4435006030098054
5.274690022227084,3.705574509374242,20.516759378614434,0,1,0.646478947092444
4.077831582228389,3.656788995525996,34.67774821279102,0,0,0.6069162602904933
4.495205731032604,3.726749373109132,41.969615850532,0,0,0.7307692307692308
4.25617859109595,3.5661785805937694,34.604609352990884,0,0,0.6175869120654397
4.335503287268873,3.454824128971361,22.99251350162715,0,0,0.5235698180483456
4.189023782614028,3.594733502506606,5.521123184657167,1,0,0.42606575428661325
4.853604032452552,3.8456404386832608,41.049201326854,0,1,0.7863510041424151
4.542431264393468,3.839319399645877,30.97965820069011,0,1,0.682030307797179
4.5053826239117285,4.152117771830151,10.386087648427608,0,1,0.5754548791358608
3.260000128516328,2.7098281629422463,14.663506770208354,1,0,0.15686120287347283
3.3941151411578083,2.9724101754504786,31.79321006334748,1,0,0.32022442451890304
3.74356785916599,3.635310469770924,6.484614613929455,1,0,0.3463111530596193
5.042504263870164,3.531169853737413,28.958341560291057,0,1,0.6551570447275968
3.941821048634837,3.709476960489838,12.785962992988734,1,0,0.44627969167846465
3.6198347589247057,2.921182842539415,18.37005808699216,1,0,0.2530019401185046
3.5686074260136422,3.139375858200595,41.878409979153766,1,0,0.4384667820250643
3.5710270886311823,3.1487877925300003,16.719816846380702,1,0,0.27523464946777826
3.526008535441905,3.189508237893336,24.41777768300513,1,0,0.32785380944890147
3.5710270886311823,3.211059095561552,7.267612975272448,1,0,0.2258140632373761
3.6198347589247057,3.235997315422917,36.15708279051118,1,0,0.4250432593990876
3.587713322429438,3.248111241749649,15.215500666100548,1,0,0.2847254994494259
3.491405513828929,3.240060821137259,16.39878278817581,1,0,0.2795343715589114
3.51292014474028,3.231907844639704,21.19332434629217,1,0,0.3128572177651932
3.443134306265894,3.219480269691158,41.94776304982392,1,0,0.439069791830528
3.5710270886311823,3.1982158552090336,20.79980702862331,1,0,0.3118609406952965
3.494134729052262,3.211059095561552,41.26862068835186,1,0,0.4384405642074354
3.905637500552684,3.286910999712168,14.410979436446947,1,0,0.3498505584395155
3.4342246496139848,3.219480269691158,26.017747939183185,1,0,0.3333333333333333
3.828105095202868,3.341027728050128,42.84936121794203,0,0,0.5277122332337055
3.736147486186202,2.3921085557013555,22.17481054576985,1,0,0.24870221802737139
3.908494648155044,3.469142399534263,42.07809498702465,0,0,0.5771852550993656
3.69372231880321,3.4859119178664386,25.67178358654072,1,0,0.42622306119238634
3.510270037434019,2.907708660652802,46.96913424542915,1,1,0.4220806460070263
3.298106620478579,2.953677130778406,47.041278679789365,1,1,0.4013161344449688
3.425189205424682,3.014099328839894,28.921865505527485,1,0,0.3104976141785958
3.779431582754925,3.240060821137259,26.41723919264893,1,0,0.38799748308950766
3.726749373109132,3.1534423585006115,12.279309279664004,1,0,0.2699910859420062
3.425189205424682,3.03675656215248,48.72104686204354,1,1,0.4445755335325887
5.000181003889652,2.959982600501933,37.16732008650384,0,1,0.5880918672329716
4.092967422793888,2.921182842539415,23.7997773266562,1,0,0.3868701169314666
4.6106555469030015,2.780035469986358,32.61908277882736,1,1,0.4969325153374233
4.255350112015857,3.5155593237379508,34.78326619982621,0,0,0.6066540821142048
4.227390669406849,3.6309268909897554,20.98325791665105,0,0,0.5379633999265901
4.222173249207457,3.594733502506606,23.17954692040025,0,0,0.5434691416286509
4.0371830025661,2.503694723474013,41.684895949897545,1,0,0.4501599286875361
4.458858968712949,3.341027728050128,21.816992619773668,0,0,0.5012584552461853
4.134338850801623,3.3234923845697346,9.779016992399798,1,0,0.37108699071889256
4.37794977874476,3.446076840185017,23.62235046260168,0,0,0.5293901735619527
4.491203931482404,3.594733502506606,34.62034079291466,0,0,0.6540558963871846
4.353532648527559,3.2906646761617027,22.794582996734533,1,0,0.4853180221278381
7.2001754619586285,3.11027993879147,12.116138945637893,1,1,0.4861832101095905
6.511073828454236,2.953677130778406,6.913478058757814,1,1,0.41397934035970846
3.819972838390634,3.358095406182711,12.602754684891998,1,0,0.3297677101358083
3.847210991618664,3.235997315422917,30.07572479865175,1,0,0.428346704420324
4.003680026722155,3.707528709365852,27.63851429576857,0,0,0.5562896544491637
4.452189083617005,3.635310469770924,48.12512507431081,0,1,0.7438781395836611
6.274028707853606,3.768881893333044,44.936798254162056,0,1,0.8302920664883855
5.614272267478937,3.793232656621063,46.27459839596386,0,1,0.8357191547375596
3.976067901280972,3.2678051032963715,33.35796137812242,1,0,0.4866026951916522
3.988766730592335,3.361454993949843,38.87909678271607,0,0,0.543233181269991
4.289254634241626,3.5076089109388744,35.50309085576986,0,0,0.613942635415028
3.988766730592335,3.768881893333044,37.95022712753868,0,1,0.6341565728068795
3.853454943583697,3.358095406182711,11.621728118428098,1,0,0.33296628388652927
4.963142574093715,3.4995584903264847,29.355265903906737,0,1,0.6440931256882177
4.37931730063259,3.466304257410829,24.42517617089844,0,0,0.5412406271301976
3.57583914137616,3.460589933734476,46.18671437225511,0,1,0.5351843112579309
3.613086014491672,3.510270037434019,43.00704271748904,0,0,0.5339520738293745
3.908494648155044,3.3941151411578083,28.14635138107996,1,0,0.46195794662052325
3.7398684269000704,3.5155593237379508,30.79906149870598,1,0,0.47551255833464423
4.240251115525092,3.637491051096756,6.778657064771681,1,0,0.4486655130826909
5.949830276562151,4.051021379534525,5.345267402629085,0,1,0.6075454879135861
4.741847324108882,3.750903183018154,48.4773621027879,0,1,0.8048345655707619
4.808075228591687,4.023038780485674,37.7933150626407,0,1,0.7816842326044778
4.454015047765744,3.896988720285981,35.235066044185416,0,1,0.7087724817786167
4.270101085095083,3.622068618086158,47.621120479884574,0,1,0.7143044412983063
4.559150582530949,4.105662053869821,40.260533311528256,0,1,0.7757852236379844
3.633122433451701,3.327038100010129,49.56588991178789,0,1,0.5296261339206124
4.553972560758051,3.635310469770924,32.1888300139914,0,1,0.6534266687640922
3.7229511423764494,3.235997315422917,35.96653203907561,1,0,0.4406428608882596
3.65255056943928,3.211059095561552,47.24045806718154,1,1,0.4960935451732998
5.0322445021705535,2.900863675618084,33.035108750542165,0,1,0.5531435163337003
3.83132928338204,3.558836243849938,18.84567539208797,1,0,0.4275339520738293
5.150201319789121,4.274943478940405,23.78195577642208,0,1,0.7296680824288186
4.469625577765206,3.558836243849938,12.71082761534199,1,0,0.4994756436474228
3.3127358288472504,2.7546016596506684,39.10748121898404,1,0,0.32887630433642706
3.870318194589618,3.5710270886311823,8.800959173730142,1,0,0.3756488909863143
3.7599556677453,3.5900619489183745,9.511674237445414,1,0,0.35650988411724605
4.685560676313266,3.6265130803919567,34.80556885312551,0,1,0.6867495149703738
4.6335568584451,3.2520987935900565,12.346693972233588,1,1,0.4427402862985685
3.826486889536718,3.1201262868487367,6.0987980593637765,1,0,0.2474175449635572
4.498048916517123,3.531169853737413,48.86716985841193,0,1,0.7321325572859315
4.161785629385999,2.907708660652802,15.45252596221026,1,0,0.3420900844213728
4.588876507807762,3.9350197093872943,46.71012709041827,0,1,0.8014786849142678
3.9709169680439618,3.400451826586744,7.279575469116467,1,0,0.34250956950343453
4.750319168631568,4.03834769806497,30.84640774477584,0,1,0.7296943002464474
5.75579351706407,3.691725437308014,6.322930044379301,0,1,0.5587803471239053
4.006132137001551,3.541369272785613,5.540157307559168,1,0,0.38162655340569446
4.067908902845371,3.5661785805937694,18.79111468054024,1,0,0.4815688742069111
3.789810188572042,3.437208338001704,31.49092142869845,1,0,0.4659692727177389
4.176956710125306,3.862708116815844,48.84374954362159,0,1,0.7527921975774737
3.9363857718056185,2.006716298194656,17.413689397192485,1,0,0.25127156415499974
5.2653492699828135,3.11027993879147,17.264751681965006,1,1,0.4937863772219601
4.835444444313775,3.960489038772857,21.88907726170173,0,1,0.6728540716270778
4.786751768181014,3.981177708863833,7.2961870379825715,0,1,0.5756908394945205
4.548752303430852,3.707528709365852,42.4930062533363,0,1,0.735986576477374
5.601449800701261,2.528795979892114,15.10699885408123,1,1,0.4114624298673379
3.541369272785613,2.7458940423349705,41.81168789336202,1,0,0.3761208117036338
3.6198347589247057,2.893944689311386,9.307532836350656,1,0,0.18947616800377534
3.248111241749649,2.7546016596506684,20.21372348299263,1,0,0.19676472130459857
4.714929318323848,3.578231667526948,8.7685755995651,0,1,0.5076818205652561
4.772500537038324,3.9445214745821695,38.86352319061034,0,1,0.7760998374495308
5.392190193095488,3.648283886970039,27.187931384310005,0,1,0.6792250013108908
5.551923499041172,3.622068618086158,20.06995940758859,0,1,0.629935504168633
4.647633339329761,3.683675016695624,28.854826175007737,0,1,0.6516176393477008
3.4995584903264847,3.301795391497299,30.76800109822553,1,0,0.3855330082323947
4.111916175299449,3.543893930891864,39.21357007563204,0,0,0.6196581196581197
5.239515383752652,3.5155593237379508,11.730277175619602,0,1,0.5453830423155577
6.843150125932332,3.504936673236167,21.276313913980207,0,1,0.6256619998951287
3.526008535441905,3.1152220482915727,35.58837331437663,1,0,0.3887053641654869
4.026604249317325,3.1762205633663405,6.57605237755401,1,0,0.3065387237166378
3.9631119932639183,3.466304257410829,36.38003220548504,0,0,0.5510198731057626
3.643988568833728,3.400451826586744,33.87716976417648,1,0,0.44748571128939224
3.683675016695624,3.409840748025332,44.90686920331224,0,1,0.5292066488385507
3.561293060686524,3.244098689420949,18.3861149442596,1,0,0.30158355618478316
3.608546988373597,3.466304257410829,23.51735843825352,1,0,0.3935818782444549
3.65255056943928,3.425189205424682,35.287445378466074,1,0,0.4662052330763988
3.648283886970039,3.419093921257479,35.31922053554393,1,0,0.46384562948980124
3.689722305782301,3.406726386648581,22.870414961472303,1,0,0.38377641445126104
4.239401745791932,3.437208338001704,38.22307459535576,0,0,0.6034555083634837
4.185335011595308,3.5900619489183745,35.21851449097149,0,0,0.6160138430077081
4.300168418806567,3.915582206746463,8.698016255200658,0,1,0.51633370038278
6.750717316793289,6.379166580156804,12.09579336407928,0,1,0.6974988201982066
4.460064242138847,3.919797370172292,49.01300176289016,0,1,0.8000891405799382
4.638131574134884,3.563740482407102,34.70083274492516,0,1,0.6666142310314089
4.408686374121833,3.784641923608493,43.987330022753525,0,1,0.7439305752189188
4.2660375793807415,3.4490059070825607,26.07207797067556,0,0,0.5320643909600965
4.648979291455699,2.8654955612660524,23.52344517085153,1,1,0.4533847202558859
4.682165442886263,2.9724101754504786,19.88922830473237,1,1,0.4481935923653715
3.585356045363009,2.978534624100815,43.283079270564194,1,0,0.4207959729432122
3.416024371008844,3.11027993879147,47.07302614609452,1,1,0.44554559278485656
3.719130235505088,2.275422759353225,42.06798002681803,1,0,0.3709821194483771
3.536289881044342,3.454824128971361,40.07882445709466,1,0,0.48987992239525985
4.776185060743967,4.018253711466141,41.82903622127027,0,1,0.8049394368412773
4.107753558999176,3.368121720899127,45.08684932138245,0,1,0.6087777253421426
3.8748411816123975,3.419093921257479,18.24118530798653,1,0,0.3972523727124954
3.880822533560069,3.457713524398258,39.45117087686611,0,0,0.5502333385768968
3.914170960309142,3.5022532311497443,43.95433267762621,0,1,0.5976089350322479
3.8911572448611778,3.494134729052262,10.70608416374559,1,0,0.37137538671281
3.984983468343978,3.466304257410829,35.35649873803922,0,0,0.5490273189659692
4.215149859106992,3.523412182996712,19.62333678463311,0,0,0.5027266530334016
4.627560418181948,3.719130235505088,31.7687933651079,0,1,0.6762361701012006
4.349967179695907,3.961801859746015,35.73898861439395,0,1,0.7062293534686171
3.796636919966727,3.330564279729149,24.318282401505385,1,0,0.39591526401342353
3.847210991618664,3.4082854617192253,39.594865068892176,0,0,0.5272403125163861
3.847210991618664,3.4082854617192253,36.16492058294866,0,0,0.5057417020607206
3.847210991618664,3.4082854617192253,33.168599325159406,1,0,0.48502962613392064
5.871219274665203,3.779431582754925,14.845644403428302,0,1,0.6321378008494573
4.851974288765661,3.361454993949843,10.923221251780523,1,1,0.47826542918567455
3.443134306265894,3.381250386392313,43.22663758114678,1,0,0.47823921136804576
3.7653263286324985,3.669338417214557,38.049658417714575,0,0,0.5613496932515337
3.8852721459215935,3.701648116691032,26.5698653677434,0,0,0.5220229668082429
3.919797370172292,3.67346746379471,19.95695797801205,1,0,0.47957632006711753
3.847210991618664,3.4082854617192253,5.618847939155696,1,0,0.30805935713911176
3.847210991618664,3.4082854617192253,16.63769313553556,1,0,0.37690734623249966
3.847210991618664,3.4082854617192253,33.428294116622254,1,0,0.48696974463845627
4.107753558999176,3.635310469770924,29.673708198755342,0,0,0.575035394053799
7.0633711173449605,3.703614324074693,18.36382971087433,0,1,0.6568612028734727
4.500879527057925,3.543893930891864,48.44089176160926,0,1,0.7325258245503644
5.026307080382615,2.907708660652802,45.09629025915388,0,1,0.6332651670074982
4.853929483768998,4.084362251139903,30.400663671324484,0,1,0.7412825756384037
5.407442214721349,3.330564279729149,8.127593904510295,1,1,0.47800325100938595
4.696056155864702,3.437208338001704,32.05705186064172,0,1,0.6206019610927586
4.42542777133988,3.85189965727759,46.29505636655158,0,1,0.7703319175711814
4.569382615017548,3.587713322429438,11.480323879743146,0,1,0.5094384143463898
4.146246171013484,3.561293060686524,18.222691257344,1,0,0.49111215982381634
4.060083477840852,3.915582206746463,36.43902682216849,0,1,0.6602957369828535
3.466304257410829,3.158063317203643,40.67204849856657,1,0,0.4208221907608411
4.972672637442494,2.737066316170276,35.630530943726065,0,1,0.5488175764249384
3.868803400983048,2.812447458990361,18.312127412082205,1,0,0.288264904829322
4.320704940119526,2.6716078527332074,17.24736961652257,1,0,0.34953594462796916
4.387461631110354,3.813391803539061,34.81036018342153,0,1,0.6861727229825391
4.387461631110354,3.813391803539061,31.70647489655096,0,1,0.6637302710922343
4.6049198849143735,3.747246030209553,37.80991076657743,0,1,0.7202296680824288
4.269290445341359,3.5900619489183745,34.95128145496727,0,0,0.6269466729589429
4.25617859109595,3.42214881965918,20.428619450525005,1,0,0.485527764668869
4.551367754557541,3.4995584903264847,9.286695852008148,1,1,0.4709244402495936
4.546652219512017,3.4859119178664386,46.35743299632045,0,1,0.7089560065020187
4.889986448891926,3.409840748025332,9.674194245148444,1,1,0.4865240417387657
3.610820525400393,2.984601020231723,37.83042193727327,1,0,0.3887315819831157
4.342052520088092,2.788293649081339,10.319839336927387,1,0,0.31726181112684176
3.892620102640926,2.552949789801136,37.06004799905892,1,0,0.39156310628703267
5.1048012439972,3.4968523552163906,16.452318313019973,0,1,0.5663572964186462
4.822248100504024,3.683675016695624,29.354517904439,0,1,0.6754496355723351
3.9709169680439618,3.683675016695624,48.11588934450621,0,1,0.6755545068428503
3.327038100010129,2.598683526749708,28.15358960664696,1,0,0.2438519217660322
3.271672184548188,2.651606224890581,29.711707739250603,1,0,0.24975093073252586
3.305463023311049,2.7458940423349705,32.33393684545189,1,0,0.2815269256987048
3.412940027689836,2.771669337783252,15.81670166315718,1,0,0.1917833359551151
3.283135177550767,2.8581811959389336,19.174502987052094,1,0,0.20620313565098844
3.2906646761617027,2.796446625578894,12.992852709284625,1,0,0.15911593518955483
6.34747693885928,4.274943478940405,25.01842049852105,0,1,0.753867128100257
7.01042212112513,4.623375877302932,44.38262737560573,0,1,0.909181479733627
3.9445214745821695,3.6016775127620075,31.254198424857115,0,0,0.5444129830632898
3.747246030209553,3.2906646761617027,19.72380307345844,1,0,0.34909024172827857
5.208120438385667,3.454824128971361,23.15669243295214,0,1,0.6036914687221436
5.208120438385667,3.454824128971361,35.715044065905275,0,1,0.6865922080646008
4.189942662886735,3.5710270886311823,11.020943626696438,1,0,0.4531225420795973
4.434264203625386,3.51292014474028,10.80031568470747,1,0,0.4714487966021708
3.750903183018154,3.1626511504699546,36.23027502145276,1,0,0.43545173299774526
3.87634176846632,3.358095406182711,38.94007999402,0,0,0.5175135021760789
3.8748411816123975,3.3779933819075314,27.52645063473976,1,0,0.44630590949609356
4.693970784192343,3.650420783779969,32.8715339157084,0,1,0.6776519322531592
4.722165576317897,4.2453237972994415,6.169470534488182,0,1,0.5845000262178176
4.626632881787713,4.187182054724355,24.96506801173328,0,1,0.6886371978396518
3.749077218869414,3.585356045363009,43.25552727610228,0,0,0.576346284935242
3.749077218869414,3.531169853737413,10.685862152650603,1,0,0.349195112998794
4.228256119166858,3.85189965727759,9.882236999889797,0,1,0.5045881180850506
4.084362251139903,3.580615282945177,31.37247948818345,0,0,0.5698967017985422
4.011008351066472,3.669338417214557,8.873734420765485,1,0,0.42698337790362334
4.053298962009402,3.526008535441905,9.770489855258669,1,0,0.4094698757275444
3.976067901280972,3.880822533560069,29.50481363614882,0,1,0.5912380053484348
4.2528582204836125,3.9644194503069903,33.734712691226306,0,1,0.6795920507576949
3.813391803539061,3.669338417214557,6.890048839534954,1,0,0.3684914267736354
3.724853075425512,3.305463023311049,36.028366793196184,1,0,0.4545907398668135
4.006132137001551,3.409840748025332,18.87427388342819,1,0,0.42881862513764357
3.9445214745821695,3.8852721459215935,45.43903584765489,0,1,0.6904200094384144
4.6847135550777415,3.69372231880321,31.275068655275152,0,1,0.6743484872319229
4.111916175299449,3.580615282945177,21.443367124578927,0,0,0.5110114834041214
4.041829120974295,3.643988568833728,25.98584849481466,0,0,0.5407949242305071
4.345662230728899,3.354718089638171,36.6024043980492,0,0,0.5868071941691574
7.030164151917233,3.823238151596328,21.20203982895489,0,1,0.6972890776571757
4.593292010182337,2.641366006428859,5.956539685129641,1,1,0.30879345603271985
4.59767725763997,2.9724101754504786,7.594905352085615,1,1,0.35826647789837973
6.349681014637996,3.728640068723488,36.61587524404536,0,1,0.7692569870483981
4.499182663492087,3.3091097568244168,35.42264453835761,0,0,0.5890881443028683
4.369682710081825,2.907708660652802,39.05126699899217,0,0,0.5258245503644277
4.565309411133484,3.400451826586744,23.59526106522542,0,1,0.5392742908080331
4.58343808188108,3.4490059070825607,16.295080124331527,0,1,0.5073934245713386
4.364111401776333,2.9144812106243463,31.346742380405416,1,0,0.4742278852708301
4.408686374121833,3.227792074828318,22.00549962406845,1,0,0.4750668554349535
4.87315977372928,3.1626511504699546,20.2933918867914,0,1,0.5062398405956688
4.8578220451856415,3.3163414721869344,12.31850473307822,1,1,0.47983849824340624
4.551889564614983,3.275516039946724,49.91928518752548,0,1,0.6816894761680038
4.270101085095083,3.189508237893336,20.979895525835587,1,0,0.44355303864506324
4.34853541176096,3.51292014474028,10.219987493124808,1,0,0.4554034922133081
4.328146884436403,3.3234923845697346,23.683916303833144,1,0,0.49331445650464056
4.411940066945687,3.437208338001704,34.70556453147869,0,0,0.6050023596035866
4.436766650606406,3.3234923845697346,34.17323232486163,0,0,0.5764773740233863
3.949888382342986,3.1534423585006115,41.654699323870496,0,0,0.5147081956897908
4.121184237504063,3.2560616545487258,34.23378179776908,0,0,0.5193225315924702
4.137336514361575,3.3340711378185097,11.834206460981193,1,0,0.3882072256305385
3.9253747475178553,2.7190369549115903,32.104138371000055,1,0,0.379843741806932
4.207155306854814,2.8727272766285696,23.080003795177248,1,0,0.3934770069739395
4.051021379534525,2.99061045405562,10.722950585193836,1,0,0.30050862566199993
4.179761681744567,2.99061045405562,12.350431414896738,1,0,0.3353258874731267
4.34853541176096,3.031167006972477,14.399938830295854,1,0,0.38118085050600387
4.263587033948999,2.966226552466967,29.881854339481976,1,0,0.45954590739866813
4.463666503056029,3.305463023311049,44.26184229258503,0,1,0.6423103140894552
4.231706262293178,3.231907844639704,20.580619521632567,1,0,0.4421372764931047
4.152117771830151,2.927815026242165,29.315842004221675,1,0,0.4323842483351686
3.248111241749649,2.7281151213064425,30.492768666547114,1,0,0.2592942163494311
3.488664610282048,3.014099328839894,22.844405960801936,1,0,0.2796654606470557
4.477876152432985,4.126275752026376,11.462907108721572,0,1,0.5777096114519428
4.721765701265838,4.503697673399217,24.50284340100848,0,1,0.71721461905511
4.805623789205937,4.361307454246373,8.67284536426218,0,1,0.6152535262964711
4.631717776719832,4.081105246655121,39.008183549339456,0,1,0.7733207487808715
4.750701600671629,3.675522040198069,42.28354962579399,0,1,0.7527921975774735
4.5170546799435884,3.988766730592335,26.486211149065504,0,1,0.6685805673535734
4.152117771830151,3.815043417358895,42.3219113541627,0,1,0.7025850768182057
4.167517010972626,3.215283533341617,17.50732757822223,1,0,0.4094436579099156
4.268478777509043,3.9644194503069903,10.632917757174855,0,1,0.5287347281212311
4.536581618352253,3.9472105541685374,48.70034794637861,0,1,0.809527554926328
4.188103581161467,3.9472105541685374,37.49466008842497,0,1,0.6931204446541871
3.949888382342986,3.580615282945177,23.26441974531696,1,0,0.4903518431125793
3.981177708863833,3.635310469770924,31.16629649102976,0,0,0.5593047034764826
3.919797370172292,3.660999537028744,35.27014604871387,0,0,0.5779193539929736
3.991276537730371,3.67346746379471,41.4733150254312,0,0,0.6375911069162603
4.018253711466141,3.4968523552163906,6.032456888191461,1,0,0.37334172303497454
3.648283886970039,3.3513228562111674,8.905657399511291,1,0,0.2728226102459231
3.711419298854736,3.298106620478579,17.6199696061406,1,0,0.329453096324262
4.066796826110305,3.915582206746463,24.81969219285708,0,1,0.5844475905825599
3.158063317203643,2.8432968041538027,22.14455623619924,1,0,0.2111583031828431
4.784942323944899,4.402128939706448,32.01893076093353,0,1,0.7673168685438624
4.7910736754324095,4.402128939706448,22.255056130386727,0,1,0.7052855120339783
3.440178180917866,3.1626511504699546,24.91764433040989,1,0,0.3159247024277699
3.5337349874318376,3.219480269691158,41.95114199596434,1,0,0.45018614650516486
3.520805254748625,3.227792074828318,31.472452919401693,1,0,0.3784279796549736
6.088625535349007,3.244098689420949,41.02402421589279,0,1,0.68407529757223
3.784641923608493,3.2560616545487258,42.19085233894514,1,0,0.4978763567720623
3.543893930891864,3.244098689420949,40.31945873216508,1,0,0.44399874154475377
3.8166907799158056,3.283135177550767,23.672909901017366,1,0,0.387551780189817
3.526008535441905,3.0024626446266525,29.371457627618817,1,0,0.3238162655340569
3.592401988088365,3.053238159658026,14.944419665061591,1,0,0.24815164385716534
3.4342246496139848,3.03675656215248,30.728691992556723,1,0,0.3282995123485921
3.518187664187649,3.3127358288472504,7.702681875925041,1,0,0.24052225892716692
3.558836243849938,3.158063317203643,39.38477911845361,1,0,0.4242829426878507
3.585356045363009,3.0639947153805096,15.228665325369091,1,0,0.2512453463373709
3.6309268909897554,3.0198392776288605,8.620800356233211,1,0,0.2058885218394421
3.654673291119917,3.1626511504699546,12.358245503601047,1,0,0.26173247338891514
3.734278871720067,2.984601020231723,14.117668432045807,1,0,0.25350007865345286
3.9862470422983582,3.74356785916599,7.317616282191387,1,0,0.4285040113260972
4.3266654022933935,4.049879541586685,28.04774564678044,0,1,0.6609249646059462
3.9363857718056185,3.747246030209553,22.25831656582151,0,1,0.5147606313250485
3.9363857718056185,3.75453955643731,11.55960733359338,1,1,0.44520476115568136
3.9734976167018425,3.775934306292795,7.794691132249306,1,1,0.4349535944627969
3.580615282945177,3.211059095561552,30.84423017769516,1,0,0.3789523360075507
3.488664610282048,3.425189205424682,44.53097041949339,0,1,0.5041686330029888
3.4995584903264847,3.4490059070825607,48.19230002291979,0,1,0.5335850243825705
4.270101085095083,3.058639035591379,9.41222747196642,1,0,0.3420638666037439
3.832935306809513,3.471968011188098,13.358204798196793,1,0,0.36998584237848037
3.823238151596328,3.4775820822747137,34.052490993384424,0,0,0.5051124744376277
5.589190846488773,4.701859304432985,47.61576027319601,0,1,0.9106234597032143
5.589190846488773,4.701859304432985,18.35187585544324,0,1,0.7211210738818101
5.589190846488773,4.701859304432985,12.6520134604113,0,1,0.6839442084840859
3.919797370172292,3.412940027689836,10.568096635887647,1,0,0.35436002307167946
3.834537310149108,3.446076840185017,16.076867913255782,1,0,0.380027266530334
4.92149034799135,3.536289881044342,49.5614184620053,0,1,0.7844108856378794
3.801709601741076,3.231907844639704,47.70954960335567,0,1,0.5285512033978291
4.081105246655121,3.5285943975455893,22.21891555619424,1,0,0.49861045566567036
4.179761681744567,3.585356045363009,8.454287810157416,1,0,0.4383881285721776
3.9350197093872943,3.520805254748625,35.19480074534612,0,0,0.551150962193907
4.2453237972994415,3.158063317203643,23.506283426464385,1,0,0.4497142257878454
4.396169248426053,3.124993230455277,23.69599032904357,1,0,0.4658906192648524
3.972208593103954,3.3647970380977803,20.09875635635156,1,0,0.4172827853809449
4.007354677965467,3.553894134349836,9.46742769062411,1,0,0.40608777725342143
3.9350197093872943,3.5734376376202874,31.99986039529585,0,0,0.5416601122122594
3.9350197093872943,3.541369272785613,19.206838864007768,1,0,0.4517329977452677
3.8487776998673935,3.494134729052262,15.6653117184732,1,0,0.39570552147239263
3.580615282945177,2.966226552466967,13.084979594660792,1,0,0.2194169157359341
3.956534340298645,3.558836243849938,35.511200662065285,0,0,0.5683236327408107
4.357785155867507,3.466304257410829,26.41924198329036,0,0,0.5516753185464842
4.027788338461748,3.847210991618664,8.284374656873304,1,1,0.4605684022861937
4.15600245750508,3.721043540368042,20.77972104666585,0,0,0.5443081117927743
3.9786279046943136,3.443134306265894,49.67273329154721,0,1,0.6313774841382203
3.976067901280972,3.538834616007311,44.37685616112689,0,1,0.625976613706675
3.921196277833079,3.5022532311497443,15.125241508150443,1,0,0.4095747469980599
3.518187664187649,3.014099328839894,23.469694757052,1,0,0.2876094593886005
3.736147486186202,3.37142922180053,13.169993282498512,1,0,0.31975250380158354
3.871829411348453,3.286910999712168,20.06697019079653,1,0,0.3796077814482722
3.738010660718975,3.443134306265894,23.922114342907435,1,0,0.4110167269676472
4.001218485226168,3.0477913182705643,42.49970622091386,0,0,0.5121912851974202
3.904204129292841,3.37142922180053,43.99137084136439,0,1,0.559986366734833
3.945867426708109,3.437208338001704,36.14779860308808,0,0,0.5367573803156626
3.4490059070825607,2.796446625578894,23.7307564076693,1,0,0.2511666928844843
3.206806588221604,2.6616851733501905,23.1399397550602,1,0,0.20203450264799958
3.206806588221604,2.7631923926632385,49.84802005366242,1,1,0.38482512715641554
3.732404785461451,3.1152220482915727,35.410302399159,1,0,0.4169681715693985
3.1982158552090336,2.376686122690757,10.990517695164076,1,0,0.09999475643647422
3.0198392776288605,2.464094465094437,47.743852332537074,1,1,0.329636621047664
3.789810188572042,2.8727272766285696,45.85446542883732,1,1,0.4541712547847517
3.406726386648581,2.886950084170784,14.386301396077815,1,0,0.19566357296418646
4.482543447502515,3.090120791873473,35.13654300566838,0,0,0.5451470819568979
4.978591132752356,2.780035469986358,23.845342961156422,1,1,0.47611556814010797
5.071637878328039,2.9144812106243463,31.749320451807428,0,1,0.5481359131665879
5.0364170960493375,2.8357227512597207,12.289361318716455,1,1,0.40886686592208066
4.569382615017548,3.0745734686292843,29.93228852167736,0,1,0.5180902941639137
4.976176541751592,2.8357227512597207,14.491760415953223,1,1,0.42105815111950085
3.416024371008844,1.8498379250535453,6.146080409609591,1,0,0.08848513449740443
4.954303417622635,2.8727272766285696,40.13750615036309,0,1,0.5923653715064758
5.411539539855444,2.4071680740438794,16.789917125825422,1,1,0.4126684494782655
5.547755532296548,2.5409868246733582,30.57676613591748,0,1,0.5113523150332967
5.7545202015483055,2.681379034896912,38.11124216216688,0,1,0.5776309579990562
3.92814531461519,3.425189205424682,26.973226976415944,1,0,0.46798804467516125
3.952555052867688,3.158063317203643,16.776550942235595,1,0,0.352760736196319
4.471993758080635,3.823238151596328,31.991440898507488,0,1,0.6782287242409941
4.446064634966668,3.949888382342986,17.968591077704392,0,1,0.6002569346127629
4.077831582228389,3.7398684269000704,27.34241233230528,0,0,0.5755597504063762
4.066796826110305,3.763541111296448,38.05834737793007,0,1,0.6488647684966703
4.865856295811043,3.9734976167018425,31.36306229221972,0,1,0.7380577840700541
4.382043609334643,3.344477871176449,12.869084906385376,1,0,0.43322321849929213
4.701033497866795,3.460589933734476,9.143403148056718,1,1,0.47918305280268475
6.968927876227144,3.801709601741076,29.80231463640516,0,1,0.7462639609878874
4.150166550806561,3.862708116815844,28.49917530789714,0,1,0.6158827539195637
4.869677202682406,3.996266816424791,13.834342422880429,0,1,0.6270515442294583
4.352821142061837,3.358095406182711,43.80004068583617,0,1,0.6352315033296628
3.969622731000271,3.235997315422917,45.10332696906314,0,1,0.555293377379267
4.094034979338334,3.1534423585006115,41.47484002597927,0,0,0.5428399140055582
4.189023782614028,3.1626511504699546,38.78194443216524,0,0,0.5428399140055582
4.308614852139012,3.286910999712168,30.75332270334688,0,0,0.5289706884798909
4.502008275145922,3.4995584903264847,17.104835671648967,0,0,0.516543442923811
4.137336514361575,2.7281151213064425,16.121243680079626,1,0,0.3194116721724084
4.1472285196330585,3.823238151596328,30.00540576044366,0,1,0.620182476010697
4.27974950903457,3.248111241749649,24.21882709368663,1,0,0.4760106968695926
4.236846852179428,3.206806588221604,8.67459110566985,1,0,0.359734675685596
4.187182054724355,3.42214881965918,12.75401856412214,1,0,0.42464999213465476
4.345662230728899,3.587713322429438,14.642071124752231,0,0,0.5033296628388653
4.20983126894147,3.1762205633663405,23.048255821735264,1,0,0.44528341460856796
4.073440484385223,2.737066316170276,5.650248175839247,1,0,0.243327565413455
4.075639799264315,3.014099328839894,35.131994229674184,1,0,0.4708195689790782
3.9747840492957778,2.6309592730709195,46.974682693722,1,1,0.47816055791515916
5.373105556948571,3.286910999712168,11.967881667139734,1,1,0.49305227832835197
4.144276938690618,3.344477871176449,25.656733498063016,1,0,0.4824078443710346
3.721043540368042,2.780035469986358,34.86149253156301,1,0,0.36033768549105966
4.257005999097426,3.3340711378185097,46.97075834575005,0,1,0.6354936815059514
5.050212298328908,3.206806588221604,37.421591022723,0,1,0.6368045723873944
4.22304577831329,3.189508237893336,44.59093672499903,0,1,0.5906612133605998
4.078924665329287,2.9724101754504786,15.4352420667251,1,0,0.3361124220019926
4.20983126894147,3.0083074341071465,16.53790718707418,1,0,0.3696450107493052
4.229120400189496,3.1201262868487367,11.251971061914196,1,0,0.3585810917099261
4.552931910122262,3.8550064594950615,27.5333490916,0,1,0.6634943107335746
4.222173249207457,3.520805254748625,15.789993063250453,1,0,0.47768863719783966
4.316197879239263,2.900863675618084,39.21374187261607,0,0,0.5194274028629856
4.286891554633865,3.6198347589247057,23.48970768025677,0,0,0.5601436736406061
4.548752303430852,3.6198347589247057,48.97461291162565,0,1,0.75816685019139
4.570396878304314,3.594733502506606,47.06834055561345,0,1,0.7427245556079911
4.187182054724355,3.791523710345301,40.21715898056134,0,1,0.6895548214566619
4.240251115525092,2.421881365707687,36.16544985141506,1,0,0.4435792564626921
4.259481824235294,3.3909231145907435,22.71555800542363,1,0,0.4920297834408263
3.3647970380977803,2.490764990790801,35.251438460547746,1,0,0.28889413245241463
3.991276537730371,2.275422759353225,30.88598047969112,1,0,0.3566409732053904
4.328146884436403,3.7398684269000704,27.71402940547784,0,0,0.6179801793298725
4.277351005290416,3.354718089638171,24.26359203074122,1,0,0.4964081589848461
4.232565899762919,3.29439646516061,38.54449248416548,0,0,0.5716532955796759
4.294734790049554,2.900863675618084,23.251201004743724,1,0,0.4118819149493996
4.37931730063259,3.298106620478579,13.972729635840333,1,0,0.4307325258245504
4.41646762498891,3.361454993949843,45.9327224342827,0,1,0.6573331235907923
4.3968341835508005,3.358095406182711,38.84699099232712,0,0,0.6080960620837921
3.597056554058976,3.1201262868487367,43.08216537483457,1,0,0.4466205233076399
3.867285013556724,3.1201262868487367,48.04770181963159,0,1,0.5287871637564889
3.867285013556724,2.9408767040861377,20.26824415018621,1,0,0.31833674164962505
4.382043609334643,3.510270037434019,26.88259145889723,0,0,0.5693461276283363
3.85189965727759,2.812447458990361,16.196500253495792,1,0,0.2705416601122122
4.121184237504063,3.1002797353334985,41.43326505738703,0,0,0.5377274395679303
3.014099328839894,2.6309592730709195,18.63686630007533,1,0,0.1529547480467726
4.153091156048204,3.0693059491819144,43.60714883263567,0,0,0.5515966650935976
3.8852721459215935,3.337558884869751,11.628101051970736,1,0,0.3361386398196214
3.775934306292795,3.1487877925300003,47.5518551862177,0,1,0.5071050285774211
3.871829411348453,3.1201262868487367,19.942139787091943,1,0,0.3480415290231241
4.028970240921374,3.425189205424682,34.07819768062404,0,0,0.5377274395679303
4.012221621572008,3.768881893333044,10.410403078966322,1,1,0.45700277908866865
4.643126278449497,4.271719290761233,41.14781810257903,0,1,0.8045986052121021
3.74356785916599,3.4035967960602984,11.214154716558417,1,0,0.31469246499921344
5.196796049744068,3.823238151596328,19.83143689739869,0,1,0.6606627864296576
3.275516039946724,2.796446625578894,38.85872699720196,1,0,0.3263593938440564
3.158063317203643,2.598683526749708,47.56861879762551,1,1,0.34911645954590736
3.6287237907075327,2.8581811959389336,43.63756900881419,1,0,0.41172460804362637
4.205365095897334,3.1762205633663405,36.75804365836799,0,0,0.5351318756226732
3.811735916457492,3.211059095561552,35.507163425479206,1,0,0.4512086413926905
3.949888382342986,3.585356045363009,44.29361133651142,0,1,0.6293587121807981
3.868803400983048,3.347909514786936,7.441322928395044,1,0,0.30853127785643125
3.803391600081089,3.69372231880321,26.42870170824058,1,0,0.4979812280425778
3.69372231880321,3.483147334733948,22.259087091403128,1,0,0.40359708457867965
3.9253747475178553,3.2520987935900565,42.661445421211226,0,0,0.5329295789418489
4.084362251139903,3.585356045363009,13.543233749667486,1,0,0.4550102249488753
5.222914509410986,4.499748784714318,28.031676482459208,0,1,0.7713019768234491
3.991276537730371,3.8361353134762046,25.77350128653337,0,1,0.5662262073305019
4.237699617129046,3.896988720285981,42.36038397312365,0,1,0.7270463006659326
3.965724241788493,3.454824128971361,9.776328613795512,1,0,0.37213570342404695
4.165612247661876,3.867285013556724,35.22461944800918,0,1,0.6648314194326465
4.105662053869821,3.504936673236167,21.3703280652588,1,0,0.4912956845472182
4.003680026722155,3.5464086689013925,37.64622977258901,0,0,0.589900896649363
4.020650718013444,3.3779933819075314,23.3856498066648,1,0,0.4522835719154738
4.496344521368654,3.5022532311497443,7.167080179886858,1,0,0.45249331445650465
4.0701272759503215,3.9295261134248034,35.58801338026018,0,1,0.6580672224844004
4.312417596541413,3.556369959487704,17.18589548283595,0,0,0.5085732263646374
4.313932390147983,3.5155593237379508,47.4054871490009,0,1,0.6945624246237743
5.946297933863227,4.542431264393468,39.92111454571933,0,1,0.8629332494363169
5.620981131131649,4.874421479411446,11.26703549017328,0,1,0.6755545068428503
5.1327626801135136,4.553972560758051,29.541664576725218,0,1,0.780006292276231
4.191776475029639,3.758155385264266,21.62610142564113,0,1,0.5623984059566881
4.097227005905399,3.747246030209553,20.50545066590452,0,1,0.5373341723034974
4.177893067278432,3.972208593103954,24.866681646281208,0,1,0.6109538042053378
5.102378250223722,4.570396878304314,27.774343353056604,0,1,0.7688637197839651
3.996266816424791,3.5686074260136422,11.265994656590332,1,0,0.41851502280950137
4.12526068440677,3.531169853737413,16.25180654812873,1,0,0.46838131193959415
4.054434720958758,3.615343512423172,34.86571994471295,0,0,0.5959834303392585
3.92814531461519,3.504936673236167,23.69813875412741,1,0,0.46932515337423314
3.896988720285981,3.488664610282048,40.33550334659826,0,0,0.5677206229353469
3.87783884517235,3.5155593237379508,41.93655672010959,0,0,0.5820617691783335
3.9786279046943136,3.520805254748625,23.871863074429488,1,0,0.4873105762676315
3.909918452969194,3.469142399534263,16.578531380455857,1,0,0.40894551937496715
3.916990348128608,3.361454993949843,28.09193124520809,1,0,0.45600650201877196
3.6309268909897554,3.2639145138074874,31.858409599225144,1,0,0.40294163913795816
3.922592134438749,3.5285943975455893,24.62291755301432,1,0,0.4805725971370143
3.914170960309142,3.5076089109388744,20.52790012832573,1,0,0.4464632164018667
3.9862470422983582,3.3941151411578083,14.207585009346449,1,0,0.388679146347858
3.7599556677453,3.446076840185017,14.883580323291962,1,0,0.35530386450631846
3.912756595092629,3.4968523552163906,46.20808814595629,0,1,0.6091709926065755
3.671406270386683,3.301795391497299,38.4093115724998,1,0,0.4605946201038226
3.603975540365674,2.984601020231723,10.418797388084482,1,0,0.20609826438047296
4.095100758102533,3.829719219639802,37.6193491166209,0,1,0.6638351423627498
3.95122310649724,2.0600805279156487,24.378819454847807,1,0,0.3010854176498348
4.057829954385761,3.5022532311497443,28.071831938576107,0,0,0.5239368674951497
3.930903939575908,1.406223729495181,21.891545505732623,1,0,0.27182633317602645
3.894079624368111,3.3091097568244168,37.34662208900664,0,0,0.5020449897750511
3.8867485018242593,3.425189205424682,6.640207504434259,1,0,0.3274867600020975
3.842487722948185,3.4312269860540323,15.474844132510638,1,0,0.37478370300456193
4.359196402304828,3.9363857718056185,13.546088058352836,0,1,0.5578365056892663
3.745409587055664,3.416024371008844,22.66154349113427,1,0,0.3957579571076503
3.847210991618664,3.4082854617192253,20.3730889119498,1,0,0.40165696607414403
3.847210991618664,3.4082854617192253,35.420983039134164,0,0,0.5003408316291752
3.847210991618664,3.4082854617192253,43.79837409064129,0,1,0.5549787635677207
3.847210991618664,3.4082854617192253,5.475914380124819,1,0,0.30685333752818417
3.847210991618664,3.4082854617192253,25.77105479286994,1,0,0.43705101987310574
3.847210991618664,3.4082854617192253,26.7834113836814,1,0,0.443028682292486
5.068620646991728,3.60626534602832,38.96822209276909,0,1,0.7391327145928374
4.314688444577315,3.715286380106552,29.27058162970421,0,0,0.620549525457501
4.989477103562319,3.483147334733948,43.59373544770873,0,1,0.7368779822767553
3.982448811565676,3.3163414721869344,36.80050238656035,0,0,0.5200041948508206
4.321453040730715,3.387715087823675,5.331638025220452,1,0,0.3888364532536311
4.459461889153206,3.914170960309142,15.600466140664556,0,1,0.5821142048135913
4.184409487211309,3.677570041945698,20.21450437801817,0,0,0.5352105290755598
3.85189965727759,3.416024371008844,5.038764132350679,1,0,0.30910806984426614
4.187182054724355,4.182554413448742,15.862214534477646,0,1,0.571836820303078
4.081105246655121,3.637491051096756,8.07603462786331,1,0,0.430234387289602
4.108796754014171,3.691725437308014,30.011702079156112,0,0,0.5885113523150333
4.461267250011856,3.993776540909293,23.799578243520727,0,1,0.6454040165696607
4.400809351610091,3.813391803539061,44.45556210800375,0,1,0.7507209899847936
3.819972838390634,3.5337349874318376,27.195675592140088,1,0,0.4742016674532012
4.064566858697433,3.556369959487704,9.844783377571597,1,0,0.4192229038854806
5.676864671222865,3.1851095951491675,7.727109723964456,1,1,0.45210004719207175
4.545599587695775,3.354718089638171,18.42754321219195,1,1,0.49145299145299143
5.188169290403319,3.5022532311497443,12.433539688111884,0,1,0.5439672801635992
3.823238151596328,3.2906646761617027,10.536677782089283,1,0,0.3034188034188034
5.09371295555207,3.483147334733948,10.57666408467214,0,1,0.5236746893188611
3.803391600081089,3.469142399534263,45.93155900739194,0,1,0.5737769388076136
3.829719219639802,3.5464086689013925,41.97711478833358,0,0,0.5777358292695717
4.080015884689982,3.4312269860540323,8.542525820375289,1,0,0.38086623669445757
5.235226063033703,3.677570041945698,16.15825689180472,0,1,0.6094069529652352
3.894079624368111,3.454824128971361,12.629703476082616,1,0,0.3760159404331183
2.8727272766285696,2.737066316170276,5.609998637510555,1,0,0.07393424571338682
2.893944689311386,2.576225082070496,39.65196853920446,1,0,0.27977033191757117
2.8280579889898227,2.6616851733501905,45.93727559589491,1,1,0.3251009385978711
3.7305251952705336,3.0639947153805096,44.97604267533278,1,1,0.46906297519794454
4.098287486678282,3.9113390972817146,17.80013606792507,0,1,0.5446489434219496
3.777685333376874,3.079797987438347,21.98228531235473,1,0,0.33052802684704524
3.801709601741076,3.079797987438347,29.511067773775537,1,0,0.38375019663363225
3.922592134438749,2.978534624100815,36.11267282226023,1,0,0.4398038907241361
3.915582206746463,3.0422977223080734,18.983590587077178,1,0,0.33658434271931204
4.111916175299449,2.9144812106243463,40.87023162356939,0,0,0.5008651879817524
3.65255056943928,2.641366006428859,34.05473573558986,1,0,0.32982014577106605
3.707528709365852,3.167206329842028,29.620282656860567,1,0,0.38267526611084896
3.87783884517235,3.134617471968584,21.99737846049208,1,0,0.3657123381049761
3.898438324529727,3.460589933734476,6.802196032133311,1,0,0.34229982696240363
3.87783884517235,3.014099328839894,48.041206362698674,0,1,0.510539562686802
3.8793324281139294,2.9965639853595007,20.856389437867254,1,0,0.3325467988044675
2.9144812106243463,2.5409868246733582,13.070703383662517,1,0,0.10403230035131876
2.99061045405562,2.7458940423349705,47.65430912257051,1,1,0.35124010277384504
3.058639035591379,2.641366006428859,39.36153717164373,1,0,0.2928005872791149
3.5155593237379508,3.090120791873473,49.170006937022805,1,1,0.4689581039274291
3.4490059070825607,2.2568707357543434,39.89737023714082,1,0,0.3173929002149861
3.471968011188098,2.328055142224887,33.2517662091849,1,0,0.2789837973887053
3.37142922180053,2.5875528114141124,11.602572036883943,1,0,0.14039641340254838
3.129823442061922,2.5163684049435684,46.32190371663131,1,1,0.33380525405065287
2.7281151213064425,2.275422759353225,33.16655574478761,1,0,0.21375386712810027
2.421881365707687,1.9484943601429907,8.114770354431853,1,0,0.037884746473703525
3.908494648155044,3.556369959487704,19.1414847774618,1,0,0.44798384982434064
5.345634796463738,3.5710270886311823,21.02603843637348,0,1,0.6238529704787373
4.976713905343195,3.37142922180053,31.881547951432285,0,1,0.6266844947826543
3.967026378555077,3.337558884869751,22.200804385517326,1,0,0.42470242776991246
3.777685333376874,2.6309592730709195,13.85994025106564,1,0,0.2161921241675843
3.750903183018154,2.6309592730709195,18.51950230551404,1,0,0.24301295160190864
4.051021379534525,3.014099328839894,32.07074514820808,1,0,0.44504745424990827
4.272526861846303,3.643988568833728,21.347794824935647,0,0,0.5493157149598867
3.8166907799158056,3.6242947072870058,14.201846586973788,1,0,0.4074511037701221
4.082192757537015,3.5993712039598966,41.04959689263418,0,0,0.6382727701746107
4.120161055831296,3.68569713528146,9.980249321028538,1,0,0.45687169000052436
3.6996758501070905,3.3127358288472504,20.45713580202117,1,0,0.3492737664516805
3.939109180170508,3.37142922180053,6.16786889220605,1,0,0.32247915683498507
4.757168223295091,3.215283533341617,19.227210705787925,1,1,0.4970898222431965
3.919797370172292,3.3647970380977803,32.45101329131498,1,0,0.4854228933983535
3.972208593103954,3.298106620478579,22.40952673028464,1,0,0.4195375176970269
4.37863390494566,4.026604249317325,11.63539363153498,0,1,0.5574432384248335
5.029530019597306,2.900863675618084,9.084987805615846,1,1,0.396570709454145
5.045646857530977,2.893944689311386,5.296530821206998,1,1,0.374941009910335
5.084247994313031,2.9473089190323787,10.561778783900518,1,1,0.41400555817733736
5.058065157587669,3.031167006972477,46.68085880768282,0,1,0.6626815583870799
4.12526068440677,3.286910999712168,48.47094394184963,0,1,0.6159876251900792
3.358095406182711,3.0693059491819144,38.38883282512649,1,0,0.3767500393267264
3.301795391497299,3.1762205633663405,44.81983446563357,1,1,0.4299197734780557
3.58299005375896,3.223649665544723,29.06216810274637,1,0,0.3699596245608516
3.466304257410829,3.171729316864807,12.512089594788469,1,0,0.23871322951077553
4.365508782244137,3.202525635805094,19.768962231769112,1,0,0.4497404436054743
3.615343512423172,3.167206329842028,39.20431426206781,1,0,0.43170258507681813
3.803391600081089,3.2678051032963715,47.870876381535886,0,1,0.5377274395679303
3.703614324074693,3.2520987935900565,31.91694087514992,1,0,0.41243248911960567
3.58299005375896,3.211059095561552,7.241476406419788,1,0,0.22683655812490167
4.012221621572008,3.3234923845697346,25.93574192197796,1,0,0.45621624455980286
3.9253747475178553,3.2678051032963715,38.51181578852498,0,0,0.508651879817524
4.013432596389312,3.4490059070825607,24.083386658187315,1,0,0.47577473651093277
4.028970240921374,3.428215215790088,48.28770591832512,0,1,0.6289916627339941
4.032502908584476,3.279336946818085,27.021358311547964,1,0,0.4587855906874312
4.498616041055784,3.193876855538391,45.95527640818361,0,1,0.6355985527764668
4.621974928184607,3.211059095561552,39.33537792616151,0,1,0.6116616852813173
6.736105973681198,3.1982158552090336,20.412420996036207,0,1,0.5476639924492686
3.774178475287514,3.129823442061922,43.194939753575184,1,0,0.47821299355041685
3.610820525400393,3.1982158552090336,40.76105854925927,1,0,0.44685648366629965
3.633122433451701,3.1762205633663405,33.071411015413325,1,0,0.3961512243720833
3.8550064594950615,3.095220420448946,41.261955374901326,1,0,0.48002202296680824
6.494495154606597,3.327038100010129,22.780729506428088,0,1,0.5837921451418384
4.073440484385223,3.235997315422917,23.11187726468337,1,0,0.4323318126999109
3.734278871720067,3.283135177550767,25.293735732835223,1,0,0.3819673850348697
5.460027722108812,3.3779933819075314,21.098866532158613,0,1,0.5734623249960673
4.020650718013444,3.193876855538391,13.419020746063897,1,0,0.35124010277384515
4.014641284189548,3.11027993879147,29.564511049775085,1,0,0.44006606890042477
3.914170960309142,3.0477913182705643,18.165304632078985,1,0,0.3316291751874574
4.272526861846303,3.171729316864807,26.726285606089256,1,0,0.47795081537412826
3.74356785916599,3.1002797353334985,48.553974757058114,0,1,0.5002359603586597
3.709476960489838,3.095220420448946,48.08691082754556,1,1,0.48917204131928055
3.381250386392313,3.0639947153805096,26.409877445344307,1,0,0.3002726653033401
3.54891356446692,3.0745734686292843,28.65232102828554,1,0,0.3365319070840543
3.4859119178664386,3.11027993879147,16.36335197851162,1,0,0.2549420586230402
4.028970240921374,3.37142922180053,10.5635428358137,1,0,0.3674164962508521
3.337558884869751,2.796446625578894,5.043764181263348,1,0,0.11837344659430549
3.337558884869751,2.7546016596506684,48.985860740246665,1,1,0.3961774421897121
3.5076089109388744,3.0024626446266525,34.87841426348684,1,0,0.3585024382570395
3.51292014474028,2.953677130778406,29.785100509639403,1,0,0.3183891772848828
3.561293060686524,3.095220420448946,37.78661639194203,1,0,0.40265324314404066
3.617593075371937,3.1152220482915727,37.93412282115826,1,0,0.4143463898065125
3.211059095561552,2.651606224890581,48.91188400168563,1,1,0.36833411986786224
3.488664610282048,2.9144812106243463,20.396472824583885,1,0,0.24933144565046406
3.129823442061922,3.129823442061922,8.107918867555439,1,0,0.1632583503749148
3.327038100010129,2.7546016596506684,10.38305296634347,1,0,0.1414975617429605
3.354718089638171,2.421881365707687,41.72858027458295,1,0,0.3259923443972524
3.4995584903264847,2.598683526749708,22.73016657029879,1,0,0.2306905773163442
3.5464086689013925,2.8357227512597207,43.46669063911999,1,0,0.39772429342981486
4.553972560758051,3.0083074341071465,44.13824943435097,0,1,0.5966388757799801
3.526008535441905,1.3308425866750953,39.98581427627183,1,0,0.3057259713701432
4.0049072562448895,3.594733502506606,13.199029357182216,1,0,0.4395417125478476
4.020650718013444,3.594733502506606,12.475899943850422,1,0,0.43749672277279644
4.0049072562448895,3.3513228562111674,29.11609367358749,1,0,0.47973362697289085
3.892620102640926,3.2678051032963715,13.850155975022265,1,0,0.33959939174663106
3.853454943583697,3.1982158552090336,6.8797903753024645,1,0,0.27431702585076817
3.6198347589247057,0.7031118647475901,30.2195655862412,1,0,0.25119291070211314
3.750903183018154,3.3972913263367714,35.02806643019378,1,0,0.4725237271249541
3.1440991268710734,2.7098281629422463,47.91301892980757,1,1,0.36075717057312157
3.079797987438347,2.651606224890581,46.873682772597554,1,1,0.3424833516858057
4.402128939706448,2.6616851733501905,16.65301786453963,1,0,0.35467463688322587
3.8748411816123975,3.3909231145907435,37.67851861529452,0,0,0.5172251061821614
4.628486612265446,3.3844908996445024,18.649526116924136,0,1,0.509385978711132
3.8248645819506777,3.615343512423172,30.42171794407536,0,0,0.5131875622673169
3.803391600081089,3.425189205424682,12.49593276629388,1,0,0.34219495569188824
4.018253711466141,3.551408694332941,32.812710002786154,0,0,0.5609302081694719
4.2528582204836125,3.556369959487704,37.78263822621205,0,0,0.6352577211472917
4.008574888058639,3.8377293367161736,39.32326204196137,0,1,0.6594829846363589
4.161785629385999,3.60626534602832,13.668797638789146,1,0,0.47338891510670655
4.28610191850655,2.155069331191344,33.0779029108692,1,0,0.41917046825022286
4.0723379862658975,3.558836243849938,27.061892743171992,0,0,0.5346337370877249
3.919797370172292,3.5661785805937694,20.07026972558385,1,0,0.45896911541083324
3.5710270886311823,3.1534423585006115,13.918768751371983,1,0,0.25732788002726653
3.681646488848405,2.237764839338547,13.363091119870273,1,0,0.1736143883383147
3.916990348128608,3.4490059070825607,24.656857024938542,1,0,0.45752713544124585
3.996266816424791,3.526008535441905,24.708316955547616,1,0,0.4982696240364952
2.953677130778406,2.900863675618084,30.12795260369417,1,0,0.25530910806984425
3.1487877925300003,2.9408767040861377,47.0080981932227,1,1,0.38354045409260135
3.37142922180053,2.99061045405562,27.61778627553224,1,0,0.2920664883855068
2.812447458990361,2.464094465094437,38.17199116029487,1,0,0.25908447380840016
3.105299368908555,2.4071680740438794,26.37504912020407,1,0,0.19513921661160927
3.301795391497299,2.3446794535229736,46.42451114501629,1,1,0.34198521315085734
3.1806805117286405,2.820300318249122,29.90022754950617,1,0,0.26036914687221435
3.2520987935900565,2.9965639853595007,26.828586829495467,1,0,0.2708562739237586
2.6309592730709195,2.2568707357543434,48.774391194735365,1,1,0.311021970531173
4.772130915312774,3.8748411816123975,32.64967232294475,0,1,0.7262859839546957
3.993776540909293,3.5076089109388744,26.77455310154144,0,0,0.5050600388023702
3.92814531461519,3.409840748025332,8.374483023043123,1,0,0.3425882229563211
4.052161183931962,3.7671065801281,42.695981273859495,0,1,0.6773897540768706
4.51650366828665,3.8911572448611778,13.795926561655683,0,1,0.5737769388076136
4.031327517987803,3.721043540368042,39.59611817836299,0,0,0.6439882544177022
3.904204129292841,3.677570041945698,30.961010602753444,0,0,0.5484243091605054
4.440502069770854,3.51292014474028,6.643089383440273,1,0,0.44777410728330974
3.969622731000271,3.3909231145907435,42.54206793190629,0,0,0.5705521472392637
3.9900228644597577,1.6415675887753836,7.049283704173584,1,0,0.19485082061769177
3.665182558455806,3.193876855538391,42.989323983438126,1,0,0.47011168790309893
5.151019995948085,3.57583914137616,23.979124206301485,0,1,0.6380630276335798
3.2520987935900565,3.0693059491819144,25.22731768409643,1,0,0.2754181741911803
5.227105271715885,3.3163414721869344,30.70819371199775,0,1,0.6166430706308007
5.548525357975757,3.387715087823675,19.204909168375387,0,1,0.5631062870326674
4.608749365300274,3.084980201987224,21.510509889002268,1,1,0.4701379057207278
4.032502908584476,3.738010660718975,39.53578255120392,0,0,0.6473441350741965
4.113987374518142,3.793232656621063,48.68893946581072,0,1,0.7309527554926328
3.615343512423172,3.167206329842028,32.060985422798964,1,0,0.38424833516858053
3.654673291119917,3.129823442061922,17.857313718692968,1,0,0.2923286665617954
3.6198347589247057,3.206806588221604,25.52167795600377,1,0,0.34977190498662897
3.6309268909897554,3.412940027689836,39.11018146626612,1,0,0.48369251743484876
4.2186711884855415,3.650420783779969,19.35079012309244,0,0,0.5281055004981385
4.315443606906818,3.784641923608493,7.551050542577576,1,1,0.4935504168633003
4.172254264281853,3.594733502506606,46.10150191497507,0,1,0.6842588222956322
3.939109180170508,3.5734376376202874,29.598156035436908,0,0,0.526899480887211
2.99061045405562,2.7190369549115903,20.472878456896844,1,0,0.17280163599182005
2.900863675618084,2.651606224890581,30.179747898902384,1,0,0.22405746945624247
3.079797987438347,2.7546016596506684,9.481580744141231,1,0,0.10982643804729696
5.0253121326501695,2.893944689311386,48.38477822252029,0,1,0.6505427088249175
5.018555471654408,2.893944689311386,32.14858833964487,0,1,0.5454092601331865
5.0785469054828205,2.893944689311386,35.787503695263645,0,1,0.573724503172356
5.083339225967227,2.907708660652802,30.91134725453615,0,1,0.5420009438414346
4.642673821732172,2.900863675618084,31.213047737752834,0,1,0.5065020187719574
4.636305609986144,2.893944689311386,23.329536112697426,1,1,0.4540139478789786
5.040076339865788,5.040076339865788,34.236055733048595,0,1,0.815164385716533
5.037394941923291,5.037394941923291,33.064352499791305,0,1,0.8065125058990089
3.341027728050128,3.341027728050128,18.94286902490843,1,0,0.29662838865292857
3.298106620478579,3.298106620478579,45.92227120222014,1,1,0.4575795710765036
3.4775820822747137,3.4775820822747137,35.448392951755466,1,0,0.4585234125111426
3.864237388750168,3.805069189508208,13.311245808029284,1,1,0.450159928687536
4.119136235756434,3.428215215790088,26.346408143817776,0,0,0.5044308111792773
4.431122322008593,3.553894134349836,32.74977625976281,0,0,0.6253473860835824
3.206806588221604,2.8507822696022447,19.69268715234353,1,0,0.2000419485082062
2.984601020231723,2.6716078527332074,11.687513042507195,1,0,0.10924964605946201
4.246165349031479,3.518187664187649,14.414916415971916,1,0,0.4717371925960883
6.466020958505405,3.215283533341617,14.208796978964164,0,1,0.5066593256777306
3.800023171252753,3.406726386648581,24.16924060395748,1,0,0.4123014000314614
3.732404785461451,3.327038100010129,5.9466971801951205,1,0,0.26500970059252266
4.339876880599156,3.608546988373597,25.09759157430964,0,0,0.5753500078653454
4.458858968712949,4.0049072562448895,44.839615665406136,0,1,0.783571915473756
4.602032661972613,4.192691414427779,29.268366722987427,0,1,0.7133868176812962
3.826486889536718,3.437208338001704,22.49051717568457,1,0,0.4179120130040375
4.392834170529891,3.677570041945698,11.05739477674601,0,0,0.5024120392218551
3.8867485018242593,3.2520987935900565,38.85063658931743,1,0,0.49931833674164966
3.8911572448611778,3.2560616545487258,35.4619161282909,1,0,0.47944523097897324
3.889691035743382,3.260000128516328,47.22887145980809,0,1,0.553589219233391
3.892620102640926,3.2678051032963715,19.9750433021381,1,0,0.3800272665303341
3.987508126450229,3.361454993949843,39.476293518088376,0,0,0.5470347648261759
3.991276537730371,3.387715087823675,14.247958715880682,1,0,0.3880237009071365
4.084362251139903,3.3909231145907435,38.23717800363726,0,0,0.5654396728016361
4.096164764997646,3.4035967960602984,22.436623893478995,1,0,0.46743747050495515
4.286891554633865,3.471968011188098,18.744206962697536,1,0,0.4933406743222694
4.290040392474152,3.5076089109388744,33.955772203653254,0,0,0.6033768549105972
4.086524415358545,3.374719717480798,48.96320812211072,0,1,0.6305647317917257
4.0701272759503215,3.368121720899127,41.100493543636176,0,0,0.5752975722300876
3.9404665507747554,3.648283886970039,44.13613398166091,0,1,0.6389019977977034
3.9377489246106254,3.6287237907075327,47.65449264848788,0,1,0.6552356981804836
3.949888382342986,3.728640068723488,19.70979156334508,1,0,0.49766661423103137
4.343498848387252,3.6265130803919567,22.74539902458892,0,0,0.5646531382727703
4.294734790049554,3.5734376376202874,25.037690368083343,0,0,0.5617953961512243
3.915582206746463,3.531169853737413,15.277195327134155,1,0,0.4187509831681611
3.9295261134248034,3.520805254748625,18.51546096913222,1,0,0.440380682711971
3.823238151596328,3.1201262868487367,12.574467094009508,1,0,0.28650831104818836
3.9253747475178553,3.5285943975455893,23.001488668149857,1,0,0.4708195689790782
4.002450439408303,3.471968011188098,31.28422157570792,0,0,0.5264013423522625
3.988766730592335,3.543893930891864,11.852276250038734,1,0,0.4154213203292958
3.92814531461519,1.8132565401959784,34.92973629658953,1,0,0.36366734832992503
3.932278805840413,3.5686074260136422,36.56554254082575,0,0,0.5712862461328719
3.916990348128608,3.523412182996712,27.70896597703006,1,0,0.4982696240364952
3.803391600081089,3.4312269860540323,36.15255858795974,0,0,0.500183524723402
3.945867426708109,3.510270037434019,6.742570140722028,1,0,0.3655812490168318
3.853454943583697,3.4995584903264847,49.0726457294948,0,1,0.6155419222903885
4.002450439408303,3.51292014474028,27.62396273454645,0,0,0.5139216611609249
3.87634176846632,3.4995584903264847,37.29934744157357,0,0,0.5454616957684442
3.551408694332941,3.2639145138074874,40.93190783908606,1,0,0.45291279953856645
3.543893930891864,2.651606224890581,25.576800564686987,1,0,0.2594515232552042
3.6198347589247057,3.240060821137259,22.40728526920566,1,0,0.3350374914792093
4.008574888058639,3.7863693200687583,36.37581750199885,0,1,0.6324524146610037
3.9631119932639183,3.768881893333044,43.85222817773594,0,1,0.6665355775785224
3.772417813929504,3.412940027689836,8.11466342067196,1,0,0.30472969430024643
3.803391600081089,3.451921629665512,23.8057768010409,1,0,0.4252005663048608
3.810075733944182,3.4995584903264847,14.21124608995833,1,0,0.3756226731686854
3.823238151596328,3.451921629665512,30.09807898529253,1,0,0.470845786796707
3.5993712039598966,3.526008535441905,48.751489485130165,0,1,0.57202034502648
3.781173080428116,3.37142922180053,18.1072075255682,1,0,0.3600230716795134
3.808411233656145,3.416024371008844,43.615212223127855,0,0,0.5456452204918463
3.8166907799158056,3.440178180917866,13.675364092282647,1,0,0.357663468092916
3.984983468343978,3.536289881044342,18.434757714873182,1,0,0.45695034345341096
3.828105095202868,3.3513228562111674,26.23189466864841,1,0,0.4201667453201196
3.617593075371937,3.617593075371937,12.490361780940676,1,0,0.35842378480415293
4.030149964757719,4.030149964757719,47.310421270793455,0,1,0.7349378637722196
3.3163414721869344,3.3163414721869344,49.48167531679882,1,1,0.48594724975093073
3.83132928338204,3.83132928338204,13.09651883434963,1,1,0.443972523727125
4.111916175299449,4.111916175299449,25.74517288183224,0,1,0.619605684022862
3.440178180917866,3.440178180917866,49.268747365865735,0,1,0.5318284306014367
3.437208338001704,3.437208338001704,9.376018789629777,1,0,0.2704367888416968
3.440178180917866,3.440178180917866,17.688465444741244,1,0,0.3269624036495202
3.3972913263367714,3.3972913263367714,6.772026788339224,1,0,0.23879188296366213
3.993776540909293,3.732404785461451,39.857221111076015,0,0,0.6409207697551256
5.134234186756183,3.5285943975455893,26.0785358801232,0,1,0.6403964134025484
3.988766730592335,3.669338417214557,24.276912246728244,0,0,0.5232552042367994
4.019453336934525,3.677570041945698,40.25799019061056,0,0,0.6363588694877038
3.74356785916599,3.5710270886311823,39.31848670690072,0,0,0.5465628441088564
3.8823091776663983,3.419093921257479,24.49858786215613,1,0,0.44045933616485766
4.180693947022304,3.6198347589247057,26.4805242889545,0,0,0.5642074353730795
4.082192757537015,3.8911572448611778,44.97059618069598,0,1,0.7166902627025326
3.728640068723488,3.053238159658026,20.13467014616785,1,0,0.3037596350479786
4.474353207757575,3.896988720285981,46.75388619187177,0,1,0.7835456976561271
4.790355381305384,3.9183953980892072,27.924848736419964,0,1,0.7022180273714017
4.492922053319632,3.361454993949843,17.584325582637312,1,0,0.4809920822190761
4.596705351606568,4.044139592797718,11.453296758431415,0,1,0.5847622043941062
4.344941915514989,3.711419298854736,17.72688478649383,0,0,0.5488962298778249
3.6418300507673984,3.058639035591379,23.25996077320996,1,0,0.3114938912484924
3.791523710345301,3.202525635805094,7.495419358003443,1,0,0.2613654239421111
4.748403573067964,4.013432596389312,8.723084384199876,0,1,0.5827172146190551
4.077831582228389,3.0024626446266525,24.80114808423117,1,0,0.4007917780923916
3.781173080428116,3.580615282945177,16.6576241682473,1,0,0.40582559907713284
3.732404785461451,3.437208338001704,8.924833301239657,1,0,0.308950762938493
5.431377777347426,3.69372231880321,48.5464403989136,0,1,0.8273556709139531
5.412627744155875,3.488664610282048,20.10042125469796,0,1,0.5974778459441036
3.95122310649724,3.6265130803919567,45.93203693662155,0,1,0.6482093230559488
4.431751933471078,3.658897728899982,41.52279005118381,0,0,0.7052592942163495
3.0639947153805096,2.641366006428859,9.114604793578222,1,0,0.0945676681873001
3.235997315422917,2.681379034896912,48.25097840932852,1,1,0.36833411986786224
3.171729316864807,2.528795979892114,5.6470199408619735,1,0,0.07666089874678832
3.223649665544723,2.651606224890581,25.269802297891463,1,0,0.21627077762047087
3.409840748025332,2.8432968041538027,38.02615930451832,1,0,0.346180063971475
4.714929318323848,2.651606224890581,17.96338066964927,1,1,0.40042472864558754
3.745409587055664,3.202525635805094,29.014752730119,1,0,0.39224476954538307
3.772417813929504,3.1440991268710734,12.64915896842188,1,0,0.27929841120025173
3.671406270386683,3.298106620478579,43.41756923004458,1,0,0.4932095852341251
3.803391600081089,3.443134306265894,32.15468764860269,1,0,0.475748518693304
3.65255056943928,3.409840748025332,29.49580230318337,1,0,0.4227623092653767
3.585356045363009,3.3844908996445024,28.218021526626394,1,0,0.39667558072466047
5.266204085122581,3.244098689420949,32.52991076395494,0,1,0.6172985160715222
3.457713524398258,2.8507822696022447,39.7527353480297,1,0,0.36366734832992503
3.3941151411578083,2.886950084170784,22.31498780305036,1,0,0.24689318861098
3.67346746379471,3.1534423585006115,24.46003770739398,1,0,0.3423260447800325
3.749077218869414,3.368121720899127,26.81755466222279,1,0,0.41033506370929684
3.656788995525996,3.3513228562111674,30.95450939873758,1,0,0.4178595773687798
3.734278871720067,3.4342246496139848,41.457941866577215,0,0,0.5224424518903047
4.6413145291858005,3.665182558455806,15.12064965850512,0,1,0.5579938125950396
4.138332623512076,3.635310469770924,16.738592120025896,1,0,0.4963032877143307
3.894079624368111,3.5710270886311823,34.193291128809435,0,0,0.5478475171726706
4.539247178223794,3.675522040198069,25.092194743206377,0,0,0.6126841801688427
3.819972838390634,3.244098689420949,30.73694613008076,1,0,0.42548896229877825
3.4035967960602984,3.139375858200595,11.294634122174248,1,0,0.21595616380892455
3.235997315422917,3.0024626446266525,44.07795248954229,1,1,0.38338314718682814
3.523412182996712,2.921182842539415,37.32374664410942,1,0,0.36589586282837816
3.801709601741076,3.283135177550767,9.177636306154245,1,0,0.288264904829322
3.454824128971361,2.9144812106243463,22.78152799214212,1,0,0.2608672854071627
3.286910999712168,2.907708660652802,16.011564299524085,1,0,0.1927796130250118
3.337558884869751,2.9144812106243463,48.124480243107406,1,1,0.4095747469980599
3.51292014474028,3.0422977223080734,20.69379815450796,1,0,0.27476272875045876
3.3647970380977803,3.0255282039758984,48.51292076612283,1,1,0.4334853966755807
3.526008535441905,3.0639947153805096,19.4634171736521,1,0,0.2724293429814902
3.948550868794532,3.084980201987224,35.96041256681084,1,0,0.4648943421949557
3.721043540368042,3.437208338001704,38.14321505060831,1,0,0.4983744953070106
3.784641923608493,3.6198347589247057,7.232871780833424,1,0,0.35449111215982376
4.119136235756434,3.4859119178664386,20.919295004878705,1,0,0.4862618635624771
4.049879541586685,3.319926915738084,27.108878643833982,1,0,0.4690629751979445
3.791523710345301,3.400451826586744,13.66333994239413,1,0,0.33946830265848665
3.597056554058976,3.211059095561552,48.8854802585712,1,1,0.49897750511247446
3.829719219639802,3.3163414721869344,25.03415501291514,1,0,0.40582559907713284
4.111916175299449,3.643988568833728,49.26026902060568,0,1,0.7041843636935661
4.502571903539902,3.603975540365674,35.689932699604576,0,0,0.665119815426564
3.9631119932639183,3.3340711378185097,32.33310921448954,1,0,0.48814954643175507
3.761750900338969,3.4312269860540323,35.461663495610416,1,0,0.487022180273714
3.908494648155044,3.425189205424682,31.85532572047584,1,0,0.49478265429185675
4.216032009487869,3.864237388750168,14.529128131134668,0,1,0.5362330239630853
3.993776540909293,3.5155593237379508,6.399621249183152,1,0,0.3766713858738398
4.034847233550068,3.5464086689013925,25.7235866198993,0,0,0.5171726705469037
4.020650718013444,3.531169853737413,11.058345676206836,1,0,0.4135598552776467
4.025417965381759,3.561293060686524,8.277965783446046,1,0,0.40433118347228775
4.0395102778578655,3.42214881965918,20.67706008495771,1,0,0.4505269781343401
3.992527760025285,3.341027728050128,29.52106518873765,1,0,0.47787216192124166
3.818333913039163,3.2520987935900565,18.04687560806302,1,0,0.345236222536836
3.8166907799158056,3.5076089109388744,14.62512056004794,1,0,0.38338314718682814
3.65255056943928,3.3091097568244168,36.68935794493853,1,0,0.44840333490640233
4.092967422793888,3.5022532311497443,21.5165497095648,1,0,0.48833307115515706
3.85189965727759,3.460589933734476,48.97731661472223,0,1,0.6050810130564731
3.223649665544723,2.886950084170784,41.01398146083616,1,0,0.34610141051858845
3.275516039946724,3.053238159658026,8.07205937998743,1,0,0.16228829112264695
3.58299005375896,3.0198392776288605,17.023881995621036,1,0,0.25405065282365896
5.589809403237954,3.1626511504699546,40.045734569398284,0,1,0.6583031828430602
6.687381371379396,3.665182558455806,43.04293671995152,0,1,0.8012951601908657
5.107653005356588,3.219480269691158,35.94152394102235,0,1,0.6319542761260553
5.268591511285722,3.1982158552090336,7.777712053612908,1,1,0.44840333490640244
3.5734376376202874,3.058639035591379,5.456861750227284,1,0,0.18771957422264174
3.610820525400393,2.959982600501933,19.847103737072764,1,0,0.26679251219128525
4.325180482833748,2.552949789801136,39.49419891606142,1,0,0.485894814115673
3.0693059491819144,2.6309592730709195,41.53223685463423,1,0,0.3076136542394211
3.4312269860540323,3.158063317203643,25.109631855287777,1,0,0.31529547480467723
5.111363160674557,3.6265130803919567,36.231878303469365,0,1,0.7289864191704684
3.648283886970039,3.460589933734476,15.156409327437116,1,0,0.3436107178438467
3.466304257410829,3.374719717480798,32.46740596909747,1,0,0.4074511037701221
5.9199652010038655,3.1002797353334985,12.08080256368551,1,1,0.46657228252320276
3.750903183018154,3.648283886970039,30.582390182947115,0,0,0.5045619002674218
3.4803707577108454,3.4803707577108454,26.36118779970333,1,0,0.39976928320486604
4.116051892437427,3.368121720899127,31.10569485194596,0,0,0.5173299774526768
4.177893067278432,3.4968523552163906,30.6451169856688,0,0,0.5599077132819464
4.270101085095083,3.592401988088365,28.345837939007847,0,0,0.58329400660689
4.738348985607919,3.9253747475178553,15.50194781837996,0,1,0.6164595459073986
4.80316292377355,4.480214054576147,18.969318170248297,0,1,0.688794504745425
4.833095817824839,4.535512278086769,27.70157959295638,0,1,0.7513764354255152
4.822589889564216,4.513187598691772,16.637220056634195,0,1,0.6776257144355303
4.8387847441718765,4.336234298199291,11.04268323269455,0,1,0.6317445335850244
4.683865311083458,4.58343808188108,44.07973840151534,0,1,0.8444234701903414
3.815043417358895,3.244098689420949,9.80922229560396,1,0,0.28703266740076555
3.4312269860540323,3.283135177550767,41.38442351165824,1,0,0.44502123643227937
3.7863693200687583,3.347909514786936,10.152845653701748,1,0,0.30221278380787586
3.734278871720067,3.4859119178664386,42.56617579479984,0,0,0.5453830423155576
3.952555052867688,3.551408694332941,34.10644895413057,0,0,0.5561323475433905
4.175079875935688,3.993776540909293,28.79326465607739,0,1,0.6371191861989408
4.251191552875044,3.561293060686524,33.75679846583229,0,0,0.6100623984059567
3.709476960489838,3.374719717480798,24.58651271873172,1,0,0.3902259975879607
4.63125717936278,4.257832338786143,29.55043661314445,0,1,0.7240312516386136
4.503135036000344,3.608546988373597,36.15975353185899,0,0,0.6692622306119239
4.602032661972613,3.819972838390634,12.355750760792688,0,1,0.5653348015311206
3.608546988373597,3.211059095561552,11.579848285650243,1,0,0.2566199989512873
3.6309268909897554,3.298106620478579,28.78548268419117,1,0,0.3886004928949714
4.771391030837306,3.932278805840413,9.83302471665261,0,1,0.5829007393424571
3.7398684269000704,3.1982158552090336,44.09095469712192,1,1,0.49058780347123904
4.517605217611945,3.87634176846632,33.175862699367265,0,1,0.6992029783440826
4.6413145291858005,4.473174570223718,10.060154808103508,0,1,0.6099837449530702
4.772130915312774,4.097227005905399,16.593038684975646,0,1,0.6452729274815164
4.56069585491144,3.826486889536718,16.7197231381457,0,1,0.5906349955429709
4.498616041055784,4.274138953378773,47.46168375853721,0,1,0.825336898956531
4.636762589655684,4.300940899286589,42.60675766837339,0,1,0.8155576529809658
4.434264203625386,3.801709601741076,10.095273528845444,0,1,0.526112946358345
4.246165349031479,3.819972838390634,17.40658724610263,0,1,0.553222169786587
4.745712070152509,4.264404925434114,20.3906354669528,0,1,0.6797231398458393
4.703507727752534,4.136338852429229,16.872945500618382,0,1,0.6422578784541976
4.402128939706448,3.701648116691032,46.88133637877643,0,1,0.7424099417964448
4.533904910142666,3.689722305782301,36.38389006313799,0,0,0.6896859105448062
3.5710270886311823,3.1201262868487367,42.67183347521314,1,0,0.44056420743537306
4.718959558342432,3.922592134438749,48.90516674583992,0,1,0.8306328981175607
4.087602764392093,3.520805254748625,42.00918810659533,0,0,0.6291489696397672
4.252691748899893,3.482038149014373,34.13585437352796,0,0,0.5919458864244139
4.3765793285423005,3.901327719956624,34.30142161958352,0,1,0.6929631377484138
4.685983816824548,3.319926915738084,46.05241322097515,0,1,0.6821876147029521
3.469142399534263,2.771669337783252,6.810227274946595,1,0,0.141025641025641
4.140320202749295,3.1806805117286405,42.21660833104505,0,0,0.5615070001573069
3.821607577465896,3.0083074341071465,25.67257026617097,1,0,0.3501127366158041
3.3513228562111674,2.237764839338547,24.225981292054712,1,0,0.2016150175659378
3.361454993949843,3.014099328839894,46.806548801080496,1,1,0.41888207225630536
3.959173519296316,3.2906646761617027,19.04517951107736,1,0,0.3930837397095066
4.086524415358545,3.772417813929504,8.012233090403052,1,1,0.4588118085050601
4.2204246142398585,3.8748411816123975,21.22286361835284,0,1,0.5822715117193645
4.15600245750508,3.763541111296448,21.016144044937903,0,1,0.5539038330449374
3.014099328839894,2.450330493753021,34.82200764979239,1,0,0.2467620995228357
3.8166907799158056,3.454824128971361,17.07849342235213,1,0,0.3849037806093021
3.894079624368111,3.412940027689836,10.661831479578716,1,0,0.34953594462796916
3.705574509374242,3.0693059491819144,6.813018294376555,1,0,0.21716218341985213
3.732404785461451,3.095220420448946,44.16956428005672,1,1,0.4709506580672225
4.56326304648037,3.867285013556724,25.227658452123624,0,1,0.6521682135179068
5.015276646748879,3.9253747475178553,8.497253957036385,0,1,0.5922080646007026
5.047573119331237,3.991276537730371,41.96902305954936,0,1,0.8221121073881811
3.995022889891306,3.770652295568493,23.9920514970146,0,1,0.5452781710450422
4.241099359519376,3.689722305782301,44.48073454938843,0,1,0.7045251953227414
3.956534340298645,3.6016775127620075,29.78329461196902,0,0,0.537989617744219
3.9472105541685374,3.768881893333044,9.62050823087218,1,1,0.4379424256724871
3.952555052867688,3.5710270886311823,41.952878488359694,0,0,0.6126055267159561
4.051021379534525,3.768881893333044,7.2286639803693,1,1,0.44559802842011437
3.992527760025285,3.665182558455806,24.72565363608883,0,0,0.5266110848932934
3.648283886970039,3.526008535441905,29.594769071776447,1,0,0.4549577893136176
3.777685333376874,3.603975540365674,39.071097285334,0,0,0.5567353573488543
4.156969955799686,3.648283886970039,13.40437911528408,1,0,0.47939279534371554
4.088679299549203,3.219480269691158,13.293519965590423,1,0,0.3689109118556971
3.763541111296448,3.2906646761617027,31.48255707086739,1,0,0.42716690262702534
3.774178475287514,3.2520987935900565,5.789269152194884,1,0,0.2572230087567511
4.930502534154439,3.337558884869751,30.81506770644781,0,1,0.609826438047297
4.403445812599044,3.520805254748625,19.71864515619305,0,0,0.5286036390330869
5.046369885286281,3.531169853737413,31.84943018401325,0,1,0.6744795763200672
3.991276537730371,3.6265130803919567,6.2267214768374775,1,0,0.4001363326516701
5.3285059365670975,3.6957129891484217,33.18519170025204,0,1,0.7274133501127366
4.173197521637566,3.510270037434019,38.40396452121051,0,0,0.615253526296471
4.155033494413102,3.608546988373597,14.279335173586404,1,0,0.4775051124744376
4.28134353227454,3.867285013556724,10.680516000383296,0,1,0.5196371454040165
4.574437933561251,3.952555052867688,35.46808471503567,0,1,0.7308478842221172
4.462468000833122,4.226524047744302,48.35100606280606,0,1,0.823239473546222
3.1201262868487367,2.9724101754504786,13.287855975443565,1,0,0.1667715379371821
3.298106620478579,3.193876855538391,41.59738172481738,1,0,0.4117770436788842
3.800023171252753,3.341027728050128,32.852521686064634,1,0,0.4538042053379477
3.815043417358895,3.347909514786936,36.67931019260652,1,0,0.4848198835928897
3.832935306809513,3.594733502506606,7.558277728106075,1,0,0.36285459598343034
3.337558884869751,2.691003276410218,43.29792400502659,1,0,0.35438624088930837
3.406726386648581,3.0083074341071465,33.83082997162195,1,0,0.34077919353992975
3.531169853737413,2.966226552466967,48.10987823482432,1,1,0.44108856378795025
3.650420783779969,3.1806805117286405,31.096756052570203,1,0,0.38610980022022967
3.736147486186202,3.240060821137259,37.05648075337453,1,0,0.45115620575743276
3.54891356446692,3.11027993879147,15.609791578198058,1,0,0.2583503749147921
3.6242947072870058,3.1982158552090336,46.17524590264384,1,1,0.4827486760002097
3.5900619489183745,3.189508237893336,11.518048688756156,1,0,0.25014419799695875
3.469142399534263,3.193876855538391,27.55951007895317,1,0,0.34106758953384725
3.42214881965918,2.8280579889898227,11.61975968595984,1,0,0.17112369566357297
3.483147334733948,3.1440991268710734,15.485021773524172,1,0,0.25523045461695765
3.556369959487704,3.171729316864807,35.7754373035537,1,0,0.40359708457867965
3.821607577465896,3.219480269691158,38.9790620715758,1,0,0.47745267683917997
3.440178180917866,3.090120791873473,25.17267348533747,1,0,0.30446751612395784
3.635310469770924,2.7281151213064425,49.29465003541528,1,1,0.4326988621467149
2.953677130778406,2.275422759353225,18.277247934966265,1,0,0.12571443553038644
3.868803400983048,3.406726386648581,30.416495528976,1,0,0.4705573908027896
3.777685333376874,3.4490059070825607,46.19808408168417,0,1,0.5632635939384406
3.425189205424682,3.298106620478579,45.31525213691909,1,1,0.4721042420428923
3.305463023311049,3.223649665544723,34.57530167892312,1,0,0.3719259608830161
3.5155593237379508,2.934379186349166,12.627766836650366,1,0,0.20431545278171045
3.689722305782301,3.260000128516328,25.41464548000333,1,0,0.37051019873105767
3.5337349874318376,3.0693059491819144,35.46755924409034,1,0,0.3795815636306434
3.409840748025332,3.0198392776288605,13.483970502642006,1,0,0.20997850138954433
4.081105246655121,3.1002797353334985,9.191654819943068,1,0,0.3183891772848828
4.729716114064915,2.6716078527332074,9.729723844533392,1,1,0.3490115882753919
4.15600245750508,3.58299005375896,40.80690283557912,0,0,0.64611189764564
4.495775379490327,3.728640068723488,10.893346613052028,0,0,0.5253264118294793
4.303252762125574,3.738010660718975,13.87743459522402,0,0,0.5234387289602014
4.307087405113264,3.761750900338969,12.54797193785988,0,1,0.5198731057626763
4.277351005290416,3.806742393075613,41.98135095904586,0,1,0.7178962823134603
6.780260265741141,4.275746994425738,34.54836321875189,0,1,0.8218761470295212
4.303252762125574,3.867285013556724,35.49996892193996,0,1,0.6872476535053221
3.637491051096756,3.139375858200595,33.30271009116707,1,0,0.39140579938125947
3.707528709365852,3.1806805117286405,6.772179203559433,1,0,0.23771695244087884
3.781173080428116,3.374719717480798,45.11535848811455,0,1,0.537439043574013
3.9987474396853946,3.510270037434019,42.49724942961132,0,0,0.611478160557915
6.010289498009536,4.057829954385761,12.40430702501736,0,1,0.6510408473598658
5.133814101411268,3.57583914137616,35.39351990744514,0,1,0.7124167584290285
3.8911572448611778,3.520805254748625,49.37875277242503,0,1,0.6322426721199728
3.972208593103954,3.613086014491672,15.994385942821696,1,0,0.45409260133186513
4.175079875935688,3.671406270386683,9.848905859036751,1,0,0.4624560851554717
4.0371830025661,3.536289881044342,45.97428127125308,0,1,0.647055739080279
3.675522040198069,3.3972913263367714,33.39439826516115,1,0,0.44837711708877354
3.717211193587484,3.677570041945698,24.710964615897343,1,0,0.46696554978763566
5.261918546141839,3.558836243849938,39.34509376851912,0,1,0.7385821404226313
3.6976974868625,3.466304257410829,47.34025154872908,0,1,0.5608777725342143
3.732404785461451,3.504936673236167,44.3909881609548,0,1,0.5611399507105028
3.961801859746015,3.466304257410829,16.38034871410906,1,0,0.4184888049918725
3.648283886970039,3.5900619489183745,17.093156955915124,1,0,0.3881810078129096
4.455229469382507,3.660999537028744,33.52516501005243,0,0,0.655681401080174
5.882992896863048,4.081105246655121,16.614177354002656,0,1,0.6797493576634682
5.913659731280339,4.379999967363984,6.287663009794447,0,1,0.6361491269466729
4.598162657739081,4.031327517987803,33.21061844212586,0,1,0.7272036075717058
4.564287046698824,4.03834769806497,42.04588835323943,0,1,0.7829426878506633
3.7949370517695327,3.3513228562111674,34.36802705332639,1,0,0.46554978763567717
4.691878595339924,3.9631119932639183,31.827003245973494,0,1,0.7210948560641812
3.796636919966727,3.361454993949843,5.795608855333134,1,0,0.2831524303916942
4.381363120168992,3.6242947072870058,17.169263420427555,0,0,0.531959519689581
3.654673291119917,3.058639035591379,49.978490642964175,1,1,0.4864191704682503
3.656788995525996,3.387715087823675,16.956922737020992,1,0,0.3349064023910649
5.258123386772771,3.2560616545487258,48.49334320544959,0,1,0.7229825389334591
3.772417813929504,3.6976974868625,27.659393284889745,1,0,0.49971160400608255
5.040076339865788,4.159863706019747,11.157827020154429,0,1,0.6330292066488385
3.732404785461451,3.454824128971361,48.40200655907847,0,1,0.5714959886739027
3.4775820822747137,3.03675656215248,18.477523588387594,1,0,0.25397199937077236
3.635310469770924,3.466304257410829,17.2569544766594,1,0,0.35666719102301925
3.728640068723488,3.556369959487704,22.027498327173245,1,0,0.426668764092077
4.233424384130407,3.400451826586744,20.441694736424267,1,0,0.47535525142887103
3.454824128971361,3.03675656215248,33.350139415455935,1,0,0.3490378060930208
5.208494488659319,3.483147334733948,12.545598071512108,0,1,0.5414503696712285
3.9445214745821695,2.927815026242165,41.949308349482045,1,0,0.4765874888574275
4.32220026790258,3.9363857718056185,8.1555387774462,0,1,0.5191390068690681
4.540310301391844,3.972208593103954,10.443385423578116,0,1,0.5625557128624613
3.6976974868625,3.520805254748625,46.81272202350069,0,1,0.5728068795553458
4.794653103107286,4.052161183931962,42.95392542718432,0,1,0.8168947616800377
5.341091474023634,3.597056554058976,36.92534955192405,0,1,0.7332074878087148
4.08327842361585,3.3163414721869344,12.843116223049034,1,0,0.38257039484033356
4.254520559080531,3.2520987935900565,33.68160484594085,0,0,0.5356037963399927
3.810075733944182,3.4775820822747137,21.28968471402309,1,0,0.4177284882806355
3.87783884517235,3.715286380106552,49.8485038338335,0,1,0.673745477426459
4.799276629745235,4.121184237504063,41.743290174381535,0,1,0.8164228409627182
3.914170960309142,3.8596385665672086,40.8608880711453,0,1,0.6498610455665671
4.622909234919881,4.224787275986481,44.915792368810735,0,1,0.82213832520581
4.103563691334334,3.3844908996445024,32.21955210979304,0,0,0.5267683917990666
4.768050924676799,4.407380251219527,23.78911325275476,0,1,0.7133081642284096
4.668401471544846,4.455229469382507,9.210951605968624,0,1,0.6080436264485344
4.379999967363984,4.314688444577315,44.31939949211354,0,1,0.7956321115830317
5.87907051482057,2.576225082070496,14.561075757884652,1,1,0.41497561742960515
3.211059095561552,3.105299368908555,19.416974483055924,1,0,0.23923758586335275
3.65255056943928,3.587713322429438,12.34805313619996,1,0,0.35732263646374074
3.3127358288472504,2.737066316170276,43.34977806910151,1,0,0.35517277541817416
4.371067992007952,3.610820525400393,23.33814201273607,0,0,0.5681925436526664
6.026638442377587,3.957855290199989,11.474946428663651,0,1,0.6340254837187352
5.55334317371255,3.437208338001704,5.9313579735523,1,1,0.4934979812280426
3.908494648155044,3.531169853737413,25.51301733834605,1,0,0.4843217450579414
4.548752303430852,3.768881893333044,5.355068286122835,0,1,0.5076818205652561
4.274943478940405,3.244098689420949,37.33199215958267,0,0,0.5608253368989565
3.9350197093872943,3.387715087823675,37.959033626225626,0,0,0.5309632426196843
5.36378571079911,3.615343512423172,41.62295239247097,0,1,0.7684704525195322
6.8215639167872615,3.635310469770924,14.500487512910272,0,1,0.6108489329348225
3.471968011188098,3.0745734686292843,33.29018614281768,1,0,0.35810917099260653
4.550845518706449,3.139375858200595,23.715005044815737,1,1,0.4869173090031986
3.8911572448611778,3.457713524398258,44.04156459259904,0,1,0.5822190760841067
3.58299005375896,3.4747812025308424,25.18132834320757,1,0,0.40359708457867965
3.580615282945177,3.4803707577108454,14.213984447903842,1,0,0.3323894918986943
3.5661785805937694,3.2520987935900565,21.178919459459262,1,0,0.32292485973467566
3.826486889536718,3.451921629665512,26.626850535803943,1,0,0.449216087252897
3.819972838390634,3.488664610282048,30.49835026379369,1,0,0.4820145771066016
3.580615282945177,3.361454993949843,41.05296772591391,1,0,0.47564364742278853
3.608546988373597,3.368121720899127,37.36262155221185,1,0,0.4566357296418646
3.823238151596328,3.305463023311049,27.16386988155283,1,0,0.4158145875937287
4.20983126894147,3.60626534602832,25.88748040321144,0,0,0.5615856536101934
4.307087405113264,4.060083477840852,46.18234300794445,0,1,0.776991243248912
6.723260759331557,6.324681591874129,47.88771935114623,0,1,0.9298935556604269
4.7201636979262425,3.87634176846632,33.44512471818936,0,1,0.7258140632373761
4.726547790762608,3.770652295568493,10.83989113302578,0,1,0.5617167426983378
4.6335568584451,3.996266816424791,9.490439982332298,0,1,0.5716532955796759
4.420323058335074,4.0395102778578655,25.143728233108483,0,1,0.6543180745634734
3.4803707577108454,2.934379186349166,14.926899153946335,1,0,0.21459283729222378
3.65255056943928,2.7631923926632385,23.318794393060635,1,0,0.2719312044465419
3.5464086689013925,2.953677130778406,36.983838419304256,1,0,0.3712705154422946
3.387715087823675,2.6203805198221444,28.280100535829533,1,0,0.25465366262912276
3.656788995525996,2.966226552466967,49.33028444590855,1,1,0.46751612395784176
3.608546988373597,3.271672184548188,17.864322252021104,1,0,0.31047139636096693
4.787834984236496,3.977349182990203,9.972949139024484,0,1,0.5901630748256516
3.665182558455806,3.374719717480798,12.889075948942333,1,0,0.30680090189292647
3.8456404386832608,3.3941151411578083,16.07304564495538,1,0,0.36778354569765614
3.789810188572042,3.454824128971361,39.98248285531079,0,0,0.5289969062975198
3.8733370681116273,3.440178180917866,32.687044047721145,1,0,0.4974306538723717
3.826486889536718,3.460589933734476,8.550864404667232,1,0,0.33377903623302396
3.829719219639802,3.460589933734476,16.21077474398601,1,0,0.3849037806093021
3.9631119932639183,3.466304257410829,22.55157434675708,1,0,0.45967699648681243
4.115020465945048,3.483147334733948,35.82135956097183,0,0,0.5825074720780242
4.270101085095083,3.6957129891484217,15.766906744720291,0,0,0.5224424518903047
3.643988568833728,3.0745734686292843,23.50926630027828,1,0,0.31728802894447067
3.406726386648581,3.3941151411578083,5.914275238916757,1,0,0.23449216087252892
3.639664228057485,3.639664228057485,48.46487442733021,0,1,0.6006239840595669
3.6198347589247057,3.6198347589247057,20.233066286050125,1,0,0.4107545487913586
5.17352781001059,3.648283886970039,35.65398533742831,0,1,0.7301924387813958
4.937393583232594,3.387715087823675,11.60525687228838,1,1,0.4950710502857742
3.471968011188098,3.400451826586744,40.57514366635346,1,0,0.46822400503382094
3.761750900338969,3.3127358288472504,7.042143760266014,1,0,0.27321587751035603
3.813391803539061,3.617593075371937,18.915358462825782,1,0,0.43594987153269366
3.829719219639802,3.368121720899127,39.66897036429221,0,0,0.5122699386503067
3.847210991618664,3.4082854617192253,23.052487179653856,1,0,0.41917046825022286
3.847210991618664,3.4082854617192253,23.320516468627897,1,0,0.42090084421372764
3.847210991618664,3.4082854617192253,26.80900686771095,1,0,0.4431859891982592
4.094034979338334,3.815043417358895,45.8528348389501,0,1,0.713439253316554
5.09371295555207,3.811735916457492,47.18425028413528,0,1,0.8322321849929213
3.840905521895137,3.4634534731872257,40.616698958810105,0,0,0.5489486655130826
5.372237564048795,4.3968341835508005,41.27603554407695,0,1,0.8572177651932255
4.562237405235224,3.871829411348453,18.05520941592696,0,1,0.605500498138535
4.08327842361585,3.7599556677453,7.249827800155235,1,1,0.45060563158722666
4.321453040730715,3.617593075371937,29.216033813569755,0,0,0.600991033506371
4.615868459840218,4.204468109065149,34.032537021228634,0,1,0.7486760002097425
4.251191552875044,3.713355760241321,48.21840038322777,0,1,0.7332861412616015
3.768881893333044,3.327038100010129,11.438316063166583,1,0,0.303313932148288
4.207155306854814,3.803391600081089,30.54785141391519,0,1,0.629384929998427
3.510270037434019,3.260000128516328,34.99649997224768,1,0,0.4086309055634209
3.796636919966727,2.7631923926632385,5.618232508570053,1,0,0.18389177284882807
3.95122310649724,3.084980201987224,25.70004932445455,1,0,0.39761942215929946
3.538834616007311,2.9473089190323787,8.273814375565173,1,0,0.1809553772743957
3.344477871176449,2.812447458990361,27.67050890260372,1,0,0.26461643332808976
4.080015884689982,3.1762205633663405,26.84417332726404,1,0,0.44759058255990775
3.953884232992384,3.6957129891484217,34.1783788906931,0,0,0.5870431545278171
4.289254634241626,3.443134306265894,44.28405346766424,0,1,0.6529023124115149
4.042985399518262,3.7229511423764494,12.113081947220914,1,0,0.4656546589061927
3.219480269691158,3.124993230455277,28.328792801364347,1,0,0.3017408630905563
3.347909514786936,3.215283533341617,33.215957568977245,1,0,0.3676786744271407
3.354718089638171,3.0024626446266525,41.19364095952159,1,0,0.38110219705311726
3.428215215790088,3.235997315422917,49.069836181085776,1,1,0.4834827748938178
3.358095406182711,3.0422977223080734,25.498362017441377,1,0,0.2867442714068481
3.347909514786936,2.934379186349166,10.97948977191082,1,0,0.17138587383986156
5.157531975817996,3.428215215790088,29.585756610807,0,1,0.634444968800797
7.053190902376386,4.866494699854004,23.869467653595013,0,1,0.779822767552829
4.1393271847067865,3.721043540368042,43.5310207614012,0,0,0.6902627025326412
3.800023171252753,3.1201262868487367,9.092422212648296,1,0,0.25759005820355513
3.85189965727759,3.1201262868487367,44.36943801316237,0,1,0.50414241518536
3.85189965727759,3.1201262868487367,37.40375291639024,1,0,0.45847097687588484
4.237699617129046,3.4490059070825607,33.05629248122364,0,0,0.5723349588380263
4.44667972391358,3.701648116691032,40.511519799268655,0,0,0.7093754915840805
3.768881893333044,3.60626534602832,33.77296491891957,0,0,0.5214723926380368
5.273170833857149,3.646139831363459,37.16078327534719,0,1,0.74275077342562
3.8823091776663983,3.6265130803919567,10.739724884655809,1,0,0.4019191442504326
4.434264203625386,3.5464086689013925,31.71652286363897,0,0,0.6169052488070893
4.654779261439694,4.359196402304828,24.24687118276808,0,1,0.7006973939489277
5.3203946898043215,4.282933595204242,36.55602977892182,0,1,0.8195165434429238
3.9644194503069903,3.585356045363009,9.780908919041934,1,0,0.4044622725604321
5.0511693078530255,3.5155593237379508,41.70541470139256,0,1,0.7369828535472708
4.061207270930302,3.7417208160369433,28.146896812303098,0,0,0.5779980074458602
3.965724241788493,3.54891356446692,29.12163617852452,0,0,0.524067956583294
4.359900860273586,3.608546988373597,43.19063434231456,0,0,0.6970268994808873
3.675522040198069,3.3234923845697346,26.25363451901764,1,0,0.3852446122384772
3.8166907799158056,3.538834616007311,43.13707772025444,0,0,0.5797021655917362
5.242536352849234,3.5686074260136422,23.175873026127213,0,1,0.6342876618950238
4.182554413448742,3.531169853737413,27.16071760364585,0,0,0.5491321902364847
4.175079875935688,3.7653263286324985,15.758322737225791,0,1,0.52162969954381
4.210720775686465,3.167206329842028,26.905790183266603,1,0,0.46877457920402704
3.381250386392313,3.2520987935900565,9.815020636288605,1,0,0.2246866970793351
3.494134729052262,3.235997315422917,47.72831332313466,1,1,0.4821456661947459
4.30402153098678,4.237699617129046,12.618495477656818,0,1,0.5717057312149337
4.663600903520448,4.44729422228052,18.82058813832451,0,1,0.6697079335116145
4.8387847441718765,4.594757100482582,19.56786302266068,0,1,0.7010906612133606
4.613504216294528,4.2204246142398585,29.843506601760584,0,1,0.7210424204289234
4.651662733542121,3.969622731000271,25.173536668555226,0,1,0.675266110848933
4.175079875935688,3.9183953980892072,21.99146265107871,0,1,0.5854700854700855
3.967026378555077,3.724853075425512,15.974176625941867,1,0,0.4760106968695926
4.078924665329287,3.898438324529727,39.18680879511501,0,1,0.6792250013108908
4.054434720958758,3.8487776998673935,36.91918322711586,0,1,0.6534791043993499
4.049879541586685,3.864237388750168,23.883405609823537,0,1,0.5687693356405013
4.080015884689982,3.8911572448611778,20.26598357313628,0,1,0.554349535944628
4.11810977202397,3.425189205424682,14.25462166187592,1,0,0.4237848041529024
3.957855290199989,3.451921629665512,7.386302051265599,1,0,0.3560117455822977
3.829719219639802,3.327038100010129,13.952324378451554,1,0,0.3348015311205495
3.894079624368111,3.3340711378185097,20.89195773234555,1,0,0.3992973624875465
3.8911572448611778,2.9724101754504786,19.40038884800577,1,0,0.3220072361176656
3.896988720285981,3.283135177550767,10.705627544378276,1,0,0.3217712757590058
3.914170960309142,3.428215215790088,27.189562842732265,1,0,0.46725394578155316
4.0701272759503215,3.709476960489838,13.857520804522949,1,0,0.47918305280268475
3.0693059491819144,2.7004849313127086,48.95358330163441,1,1,0.36049499239683286
4.792149607319324,4.109838251396171,46.57397975918297,0,1,0.8432961040323003
4.819507196957144,4.117081659353075,17.172263121233332,0,1,0.6566776781500708
3.419093921257479,3.1806805117286405,34.68440041952784,1,0,0.38099732578260187
3.412940027689836,3.167206329842028,16.950064921193988,1,0,0.26076241413664725
3.4312269860540323,3.1762205633663405,7.344968429873454,1,0,0.20324052225892716
5.731239008404417,3.193876855538391,5.233608353225753,1,1,0.440957474699806
3.654673291119917,3.11027993879147,41.131068527531056,1,0,0.44098369251743486
3.538834616007311,3.031167006972477,27.948292265769187,1,0,0.3225053746526139
3.839319399645877,3.202525635805094,11.817822373294842,1,0,0.3004037543914845
3.5900619489183745,2.893944689311386,21.94585698781878,1,0,0.2692569870483981
3.4747812025308424,2.921182842539415,29.28747288713245,1,0,0.3051753971999371
3.341027728050128,2.9724101754504786,5.814724349644003,1,0,0.14637407582192857
3.440178180917866,3.1152220482915727,23.50454561550026,1,0,0.29793927953437155
3.4342246496139848,3.0198392776288605,33.710648157115486,1,0,0.34704525195322744
3.330564279729149,3.03675656215248,25.99890227408348,1,0,0.28590530124272456
3.4035967960602984,3.031167006972477,9.907830000526786,1,0,0.18724765350532221
3.9862470422983582,3.0422977223080734,40.248902908948686,1,0,0.4921084368937129
3.608546988373597,3.0024626446266525,28.06931252338505,1,0,0.3255466414975617
4.006132137001551,3.4995584903264847,33.16702536813007,0,0,0.5468512401027738
4.264404925434114,3.244098689420949,31.112751931044137,0,0,0.5167531854648418
3.960489038772857,3.531169853737413,7.26702342575214,1,0,0.3776414451261077
4.297845367254196,3.504936673236167,13.432001153262366,1,0,0.46838131193959415
4.023038780485674,3.526008535441905,38.479980159291244,0,0,0.5933616485763725
3.728640068723488,3.5686074260136422,11.153704922325128,1,0,0.3565885375701327
4.925866932176936,3.2678051032963715,11.980207076722731,1,1,0.4737035289182528
3.466304257410829,3.381250386392313,16.216865759069908,1,0,0.3026847045251953
4.851974288765661,2.490764990790801,16.48359323828376,1,1,0.39284777935084686
3.761750900338969,3.705574509374242,23.370466947662702,1,0,0.4724712914896963
3.832935306809513,3.800023171252753,7.522135475945413,1,1,0.40341355985527766
5.589190846488773,4.701859304432985,7.412144684670622,0,1,0.6505951444601752
5.589190846488773,4.701859304432985,7.499667696855202,0,1,0.6508573226364638
5.589190846488773,4.701859304432985,28.06669384260016,0,1,0.784515756908395
4.594269109608768,4.165612247661876,30.279600488392543,0,1,0.7181846783073778
4.718155538136184,4.421603058761741,13.91110593732761,0,1,0.6423889675423416
3.745409587055664,3.4775820822747137,31.71520848330749,1,0,0.47192071731949037
3.839319399645877,3.457713524398258,10.272173606816258,1,0,0.3461538461538462
5.016034790963894,3.3972913263367714,6.02944524755085,1,1,0.46832887630433645
3.823238151596328,3.354718089638171,40.47294493426845,0,0,0.512977819726286
4.131327080537679,3.543893930891864,11.109214116047465,1,0,0.43728698023176554
4.183482622458435,3.4968523552163906,36.41131447770777,0,0,0.6010959047768863
3.789810188572042,3.3647970380977803,40.25908409829993,0,0,0.505636830790205
3.526008535441905,3.0198392776288605,36.142226685478064,1,0,0.3738136437522941
3.526008535441905,3.0198392776288605,15.984613577279022,1,0,0.2409941796444864
3.578231667526948,3.0477913182705643,14.421368429050675,1,0,0.24209532798489855
3.578231667526948,3.0477913182705643,36.66200575742356,1,0,0.38812857217765195
3.7829098521859374,3.305463023311049,46.4264009277144,0,1,0.5309370248020555
3.7829098521859374,3.305463023311049,9.104710560091965,1,0,0.2879502910177757
4.056700210050037,3.553894134349836,16.64875656361769,1,0,0.46295422369042
3.9786279046943136,3.558836243849938,23.10375663991012,1,0,0.49082376382989884
3.9786279046943136,3.510270037434019,27.348100384274787,0,0,0.5060300980546378
3.7880920667348135,3.457713524398258,23.056949910632017,1,0,0.418960725709192
4.35139575171763,3.6265130803919567,39.812752881714886,0,0,0.6777043678884169
3.3972913263367714,3.124993230455277,11.91603251920438,1,0,0.21779141104294478
3.977349182990203,3.6242947072870058,21.80691436848728,1,0,0.4963032877143306
4.154063062081605,3.828105095202868,40.95978643805553,0,1,0.6949032562529496
4.062329094179847,3.4859119178664386,13.5820778341541,1,0,0.426091972104242
4.013432596389312,3.635310469770924,9.786438766883538,1,0,0.4263803680981595
3.904204129292841,3.368121720899127,10.500229487211447,1,0,0.33836715431807457
3.930903939575908,3.374719717480798,40.14603326347315,0,0,0.5415814587593729
3.815043417358895,3.275516039946724,31.070145038540154,1,0,0.43309212941114783
3.656788995525996,3.227792074828318,29.940848659260134,1,0,0.38836453253631165
3.580615282945177,3.344477871176449,22.07184077504679,1,0,0.34783178648209323
3.8911572448611778,3.4035967960602984,34.014906428557886,1,0,0.4993445545592785
3.701648116691032,3.2520987935900565,44.0400585928273,1,1,0.49250170415814587
4.159863706019747,3.124993230455277,46.39461132724022,0,1,0.5794137695978187
3.9975083299082,3.298106620478579,29.51527201813401,1,0,0.4709506580672225
3.9644194503069903,3.344477871176449,39.08576080583468,0,0,0.5357086676105082
4.211609047862368,2.691003276410218,12.53901431946466,1,0,0.304257773582927
4.3682944232033964,2.598683526749708,37.40877267227752,1,0,0.4808609931309317
3.1982158552090336,2.820300318249122,25.87700628312292,1,0,0.23635362592417808
3.800023171252753,3.0255282039758984,20.187154142777167,1,0,0.31317183157673956
4.375205937457323,2.218070977791825,23.03890232618725,1,0,0.3661318231870379
2.893944689311386,2.2934521206119105,32.90041772082586,1,0,0.2191547375596455
3.736147486186202,3.425189205424682,42.64115910160454,0,0,0.5282890252215405
3.2639145138074874,2.9144812106243463,10.4494754550751,1,0,0.15311205495254573
3.617593075371937,3.0198392776288605,12.082839523373154,1,0,0.22578784541974728
5.102598901837699,3.763541111296448,42.939778047130346,0,1,0.7992239525981857
5.195079975425264,3.7599556677453,49.16902292044575,0,1,0.839992659011064
5.24993935469751,3.158063317203643,18.67146564761608,0,1,0.5109852655864926
3.709476960489838,3.105299368908555,20.784746847216283,1,0,0.31503329662838864
3.488664610282048,3.084980201987224,7.972341104151603,1,0,0.19665985003408315
3.658897728899982,2.959982600501933,31.61286468727693,1,0,0.35087305332704105
3.526008535441905,3.1152220482915727,16.517834693283355,1,0,0.26217817628860574
5.717207388039699,2.528795979892114,42.97676911731401,0,1,0.5968748361386399
5.807693215253535,2.450330493753021,42.24173042362247,0,1,0.5879345603271983
4.847388803438207,3.406726386648581,39.33302932730646,0,1,0.6763410413717162
4.731294413261839,3.387715087823675,14.364929497540372,1,1,0.4948350899271145
4.28610191850655,3.683675016695624,44.0660628185449,0,1,0.7069634523622254
4.31089920911509,3.983717394736231,48.51607919722304,0,1,0.7846992816317969
3.901327719956624,3.669338417214557,11.440546773179806,1,0,0.4184101515389859
3.908494648155044,3.504936673236167,47.839104559859656,0,1,0.6204970898222432
4.619633176578181,3.348593640987835,44.10512774287763,0,1,0.6682659535420271
4.3682944232033964,4.131327080537679,20.762030534571764,0,1,0.6268680195060563
4.463666503056029,3.69372231880321,37.61901078229081,0,0,0.6907346232499606
3.425189205424682,3.231907844639704,40.24672440767066,1,0,0.4263541502805306
3.69372231880321,3.235997315422917,26.86573721879511,1,0,0.3750196633632217
3.6309268909897554,3.211059095561552,22.22243952771592,1,0,0.33105238319962244
4.2026703550740745,3.425189205424682,21.94400920557073,1,0,0.48833307115515706
3.916990348128608,3.298106620478579,28.6992765567425,1,0,0.44664674112526875
3.85189965727759,3.425189205424682,21.29976780229912,1,0,0.4147658748885743
3.014099328839894,2.5875528114141124,35.190850817459705,1,0,0.25821928582664777
4.136338852429229,3.419093921257479,17.527135350434413,1,0,0.446594305490011
3.867285013556724,3.11027993879147,37.58137725372882,1,0,0.4614073724503173
3.707528709365852,3.240060821137259,34.14848873419228,1,0,0.42622306119238634
3.977349182990203,3.03675656215248,32.83489839728281,1,0,0.44006606890042477
4.105662053869821,3.283135177550767,29.57349231774537,1,0,0.48935556604268254
4.092967422793888,3.747246030209553,8.674238708929606,1,1,0.4579990561585654
4.592313416719502,4.422880504295639,47.80228085940247,0,1,0.8477006973939489
4.745326644064376,2.8507822696022447,26.00324326409084,1,1,0.47915683498505585
4.306322312374209,3.8361353134762046,6.72136447415351,1,1,0.49614598080855754
3.330564279729149,2.155069331191344,29.23120266524916,1,0,0.22875045881180847
3.1762205633663405,2.598683526749708,15.96425879490394,1,0,0.14611189764563998
3.608546988373597,2.796446625578894,12.57749994435439,1,0,0.19707933511614492
3.813391803539061,2.237764839338547,25.74296468346936,1,0,0.2796654606470557
3.7949370517695327,3.1440991268710734,16.160320517936707,1,0,0.30706308006921507
3.839319399645877,3.5464086689013925,34.32538437864872,0,0,0.5294426091972104
3.798332285196536,3.381250386392313,23.799661528392026,1,0,0.40341355985527766
3.803391600081089,3.536289881044342,17.352260766933156,1,0,0.40611399507105034
3.713355760241321,3.483147334733948,31.857990948392622,1,0,0.4681191337633055
3.768881893333044,3.510270037434019,5.350632895154096,1,0,0.3158722667925122
3.85189965727759,3.608546988373597,6.710715765519812,1,0,0.36710188243930575
4.764693295291004,4.38880900002905,46.480830435004655,0,1,0.858581091709926
4.095100758102533,3.713355760241321,29.34363434095513,0,0,0.5864663625399822
4.165612247661876,3.8361353134762046,47.553829214845344,0,1,0.7391589324104663
3.803391600081089,3.561293060686524,7.938180946728861,1,0,0.34987677625714436
4.0395102778578655,3.768881893333044,15.830003624744416,1,1,0.4989512872948456
3.995022889891306,3.701648116691032,25.51920755841104,0,0,0.540427874783703
3.867285013556724,3.585356045363009,21.06102487218982,1,0,0.45883802632268894
3.880822533560069,3.5993712039598966,27.69959325715799,0,0,0.5070525929421635
4.339150020782241,3.969622731000271,34.895232552366714,0,1,0.6999632950553196
4.104613732587109,3.721043540368042,47.13597862138776,0,1,0.7048660269519166
3.992527760025285,3.813391803539061,14.422251730312707,1,1,0.4886476849667034
5.576271638476871,3.734278871720067,38.40504167206504,0,1,0.7741335011273661
5.202483290960409,4.521445777786753,48.60019905753031,0,1,0.9047244507367207
5.7156855907572925,5.202483290960409,32.0543606944645,0,1,0.814954643175502
5.0981713504540975,4.905181844543115,6.265422275123472,0,1,0.6351004142415185
4.191776475029639,3.976067901280972,25.709009306610035,0,1,0.6194483771170888
4.3244367291184345,3.9377489246106254,30.108447322829928,0,1,0.6623669445755335
4.073440484385223,3.8503405822069454,17.612524898154543,0,1,0.5299407477321587
4.743782614364931,4.277351005290416,8.986024345775007,0,1,0.6053956268680195
4.261127069357279,3.9350197093872943,38.78678417442166,0,1,0.7101095904776886
4.044139592797718,3.563740482407102,49.590161477799,0,1,0.6769702689948089
3.770652295568493,3.437208338001704,27.430943908940627,1,0,0.43644801006764194
3.8550064594950615,3.483147334733948,24.86017561552398,1,0,0.455639452571968
3.7863693200687583,3.460589933734476,35.82282086601873,0,0,0.503958890461958
3.798332285196536,3.471968011188098,14.191173032240217,1,0,0.3663677835456977
3.969622731000271,3.494134729052262,7.724576377051037,1,0,0.3714016045304389
3.883792376476231,3.446076840185017,19.820538006256623,1,0,0.41733522101620263
3.941821048634837,3.471968011188098,28.081066275262,1,0,0.49276388233443447
3.4490059070825607,2.7458940423349705,7.162309877800007,1,0,0.13753867128100258
3.9786279046943136,3.660999537028744,43.56149702470714,0,0,0.6460332441927533
3.880822533560069,3.451921629665512,13.978545900178377,1,0,0.3805254050652824
3.892620102640926,3.3909231145907435,22.385496242206244,1,0,0.42053379476692365
3.717211193587484,3.387715087823675,39.30582312041804,1,0,0.49082376382989884
3.9431726858848495,3.608546988373597,49.49502219899753,0,1,0.6647789837973886
3.5155593237379508,3.215283533341617,7.629922796286722,1,0,0.2221173509517068
3.939109180170508,3.1440991268710734,24.62935217554073,1,0,0.39803890724136126
4.0049072562448895,3.5155593237379508,47.67114227173507,0,1,0.645168056211001
3.847210991618664,3.689722305782301,17.09565351620225,1,0,0.44753814692465
3.914170960309142,3.341027728050128,37.50205533642152,0,0,0.5135021760788633
3.981177708863833,3.344477871176449,44.69410143095829,0,1,0.5765822452939018
3.791523710345301,3.2520987935900565,39.88068174231363,1,0,0.4819097058360862
3.8852721459215935,3.466304257410829,29.876133089396305,1,0,0.48953909076608465
3.896988720285981,3.3234923845697346,10.696830475974387,1,0,0.32866656179539616
4.259481824235294,3.705574509374242,17.099665587091984,0,0,0.5315662524251481
3.650420783779969,3.437208338001704,37.52895007298707,1,0,0.4838498243406219
6.159849741731725,2.9965639853595007,31.82067137721744,0,1,0.5769755125583347
3.932278805840413,3.932278805840413,48.61570168665486,0,1,0.7117350951706779
3.419093921257479,3.419093921257479,7.88092736677246,1,0,0.25370982119448376
6.043645825372279,3.058639035591379,42.9095737178793,0,1,0.6624455980284202
6.057440003305211,3.058639035591379,24.384844720166345,0,1,0.5408473598657647
6.184283831386721,3.03675656215248,45.811225318907205,0,1,0.6769964868124377
4.6413145291858005,3.648283886970039,32.713131658998215,0,1,0.6698390225997587
4.746866957683939,3.69372231880321,6.865191744834649,0,1,0.5241203922185517
5.255001429362574,3.2520987935900565,16.97133761256682,0,1,0.5170940170940171
3.982448811565676,3.608546988373597,47.70624723816451,0,1,0.6613968853232657
4.023038780485674,3.689722305782301,41.51819440872992,0,0,0.6478684914267737
5.0907982544203945,3.9113390972817146,29.219037013203423,0,1,0.7291437260762414
4.254520559080531,3.648283886970039,47.06408917366486,0,1,0.7122070158879975
3.8248645819506777,3.5661785805937694,34.6392589250994,0,0,0.5322216978658697
4.412588825237428,3.67346746379471,34.18114633284982,0,0,0.6577001730375963
4.418398244854143,3.68569713528146,37.1689627536914,0,0,0.6806407634628494
4.619633176578181,4.018253711466141,28.27634308693879,0,1,0.6954276126055268
4.846072607601562,4.060083477840852,28.774145813403024,0,1,0.727727963924283
4.169416122158419,3.65255056943928,31.682323706392165,0,0,0.6004928949714227
4.062329094179847,3.608546988373597,33.01630104390965,0,0,0.582717214619055
4.0993462131397385,3.839319399645877,13.787963459945978,0,1,0.5089664936290702
3.8596385665672086,3.412940027689836,47.78746619397746,0,1,0.5841067589533847
3.815043417358895,3.4490059070825607,24.124007138511327,1,0,0.42881862513764357
3.779431582754925,3.2520987935900565,32.18197178720124,1,0,0.4277436946148603
3.853454943583697,3.158063317203643,23.495126764195486,1,0,0.3746001782811599
3.811735916457492,3.4490059070825607,48.475945098500446,0,1,0.5850768182056526
5.032736809887137,3.471968011188098,21.73395571295509,0,1,0.5924702427769912
3.7829098521859374,3.2520987935900565,15.009601656596836,1,0,0.316658801321378
3.921196277833079,3.4859119178664386,14.056024896159448,1,0,0.3993235803051754
3.8733370681116273,3.494134729052262,26.350779235067925,1,0,0.4715798856903151
2.796446625578894,2.155069331191344,8.837061775561688,1,0,0.05335325887473127
2.812447458990361,2.5163684049435684,39.742038317183,1,0,0.27316344187509833
2.8727272766285696,2.609623964099661,43.472820386736174,1,0,0.307063080069215
3.6309268909897554,3.095220420448946,7.3834032395160465,1,0,0.2135179067694405
4.206260827324165,3.3340711378185097,43.08159796710097,0,0,0.6053431912327618
3.703614324074693,3.189508237893336,27.890182374718428,1,0,0.3747574851869331
3.709476960489838,3.202525635805094,43.06682284288526,1,0,0.4788684389911384
3.908494648155044,3.11027993879147,49.14033808434919,0,1,0.5435740128991663
3.9113390972817146,3.0024626446266525,15.163190381186112,1,0,0.3018981699963295
4.193605047702138,3.1806805117286405,40.67212769677861,0,0,0.5595406638351423
3.633122433451701,2.450330493753021,8.035971278724494,1,0,0.1414451261077028
3.543893930891864,2.436263993453005,6.146374678587816,1,0,0.1185045356824498
3.671406270386683,3.1626511504699546,21.47240699254147,1,0,0.3240260080750878
3.784641923608493,3.286910999712168,29.99204561800901,1,0,0.4214776362015626
3.818333913039163,3.2560616545487258,46.67903178759951,0,1,0.5315138167898904
3.798332285196536,3.1851095951491675,8.403057376129569,1,0,0.26482617586912066
3.777685333376874,3.129823442061922,35.15274986484565,1,0,0.4256987048398091
3.158063317203643,3.031167006972477,25.71655640355867,1,0,0.262125740653348
2.927815026242165,2.7631923926632385,13.506061315718904,1,0,0.12802160348172617
3.11027993879147,2.921182842539415,48.53811918963239,1,1,0.3874993445545593
3.523412182996712,3.1002797353334985,27.27020204755369,1,0,0.32961040323003515
3.327038100010129,3.244098689420949,30.17787733750436,1,0,0.34906402391064967
3.240060821137259,3.053238159658026,11.513965001153217,1,0,0.1794871794871795
3.381250386392313,3.271672184548188,20.05235375238292,1,0,0.29704787373499025
3.260000128516328,3.134617471968584,31.35472205016948,1,0,0.3269099680142625
2.927815026242165,2.4775686469810494,39.26614497230637,1,0,0.27235068952860364
2.598683526749708,2.421881365707687,21.484263016730857,1,0,0.14102564102564102
4.520898535342123,3.425189205424682,39.01514679016727,0,0,0.6421530071836821
3.832935306809513,3.3340711378185097,15.819222310136784,1,0,0.34990299407477327
3.726749373109132,3.4775820822747137,13.293080990041666,1,0,0.3481988359288973
3.960489038772857,3.37142922180053,11.981969781223034,1,0,0.3618845367311625
3.665182558455806,3.520805254748625,36.38611490035822,0,0,0.5029626133920613
4.164657735926408,3.5661785805937694,22.408317352308966,0,0,0.52370090713649
4.002450439408303,3.643988568833728,30.295224450872418,0,0,0.5599339310995752
3.8248645819506777,3.0477913182705643,8.566651008121895,1,0,0.24697184206386658
3.9747840492957778,3.717211193587484,8.532648425710109,1,0,0.42729799171516963
3.965724241788493,3.7417208160369433,46.41245195022171,0,1,0.676786744271407
4.257005999097426,3.811735916457492,21.69633368605509,0,1,0.5817471553667873
3.92814531461519,3.728640068723488,44.71390305393038,0,1,0.6567038959676997
4.242792482199967,3.9734976167018425,38.2840212617087,0,1,0.7084316501494415
3.8823091776663983,2.17676632426378,35.12786625811886,1,0,0.3584762204394106
3.3513228562111674,3.0639947153805096,26.18319209833687,1,0,0.29455718106024853
3.014099328839894,2.360882850632919,13.621623135925178,1,0,0.101541607676577
5.280229728945468,3.189508237893336,25.4440759465173,0,1,0.5622673168685438
5.336515668068201,3.090120791873473,22.32645349231964,0,1,0.5254575009176236
5.355220746791572,3.7671065801281,38.71953887386961,0,1,0.7788789261181899
5.282732012857718,3.4775820822747137,10.300895200283422,0,1,0.5262964710817472
4.338422334518513,3.451921629665512,46.45927207749936,0,1,0.6742960515966652
5.023816804867117,3.1982158552090336,29.03657111539973,0,1,0.5770279481935924
5.065355333786035,3.193876855538391,21.5121547970963,0,1,0.5300456190026742
3.8487776998673935,3.167206329842028,28.552374585758063,1,0,0.4073986681348645
3.3779933819075314,3.193876855538391,10.826065683746856,1,0,0.220386974988202
3.4312269860540323,3.090120791873473,47.15624007439879,1,1,0.4446017513502176
3.469142399534263,3.1487877925300003,44.15586016263181,1,1,0.44271406848093964
3.721043540368042,3.1982158552090336,16.152912185878552,1,0,0.3030517539719994
3.6242947072870058,3.1201262868487367,9.609529698494564,1,0,0.22914372607624142
3.74356785916599,3.215283533341617,13.99903699067957,1,0,0.29660217083529966
3.8823091776663983,3.260000128516328,27.60462738757391,1,0,0.42575114047506685
3.821607577465896,3.347909514786936,10.110934775997,1,0,0.31041896072570924
4.138332623512076,3.327038100010129,26.85066213424641,1,0,0.4856064181217556
3.992527760025285,3.4312269860540323,41.833083162379765,0,0,0.5833464422421478
3.8377293367161736,3.3091097568244168,41.3790061308855,0,0,0.5139740967961827
4.739517224447662,3.014099328839894,30.04734088286072,0,1,0.5270043521577265
4.73990616399169,3.319926915738084,23.547358168532657,0,1,0.5423155576529809
6.480044726901366,3.1982158552090336,34.99343481208442,0,1,0.6405799381259504
3.7671065801281,3.298106620478579,33.78459879874577,1,0,0.44588642441403187
3.8377293367161736,3.275516039946724,45.83153764605397,0,1,0.5357873210633947
3.689722305782301,3.202525635805094,8.859708311266642,1,0,0.2511142572492266
5.1825475671451,3.11027993879147,39.07717886487246,0,1,0.634051701536364
6.201035454574899,3.2639145138074874,27.31235098846534,0,1,0.5989984793665776
4.482543447502515,3.202525635805094,17.063484938741972,1,0,0.44638456294898016
3.6309268909897554,3.275516039946724,45.46940340173432,1,1,0.4947826542918567
4.337693819926475,3.683675016695624,35.89433454321753,0,0,0.6610822715117194
4.123225706539648,3.301795391497299,9.030462708249749,1,0,0.3621467149074511
3.905637500552684,3.171729316864807,19.434860777184905,1,0,0.36164857637250275
3.592401988088365,3.090120791873473,15.78665774438356,1,0,0.26110324576582244
6.117278071182758,3.648283886970039,16.323250217843736,0,1,0.6162498033663678
3.613086014491672,3.0083074341071465,11.08473299451848,1,0,0.21527450055057415
3.510270037434019,2.959982600501933,30.768281912714464,1,0,0.3248387604215825
3.3909231145907435,3.031167006972477,20.627655873392776,1,0,0.25808819673850353
3.3513228562111674,3.031167006972477,45.233311162899774,1,1,0.4130092811074406
3.42214881965918,2.966226552466967,19.965507514155263,1,0,0.24539877300613497
3.959173519296316,3.460589933734476,11.844267726607692,1,0,0.3865555031199203
3.248111241749649,2.7098281629422463,20.57945173807595,1,0,0.19440511771800115
3.29439646516061,2.6716078527332074,16.087754943970435,1,0,0.16648314194326463
3.381250386392313,2.984601020231723,10.95596540185251,1,0,0.18307902050233338
3.4312269860540323,2.9965639853595007,33.5289357202745,1,0,0.33975669865240415
3.6976974868625,2.927815026242165,30.00782043820778,1,0,0.3423522625976614
3.6265130803919567,2.8507822696022447,34.5030756069927,1,0,0.3506370929683813
3.419093921257479,3.193876855538391,43.90871202544826,1,1,0.4428189397514551
3.412940027689836,2.886950084170784,36.23647475344102,1,0,0.34083162917518744
3.3127358288472504,2.9408767040861377,21.78122206238972,1,0,0.23902784332232185
3.090120791873473,2.934379186349166,29.45904692458405,1,0,0.2637774631639662
3.483147334733948,2.780035469986358,40.563497443867206,1,0,0.36337895233600753
3.5686074260136422,2.8280579889898227,35.495365157167186,1,0,0.3468617272298254
3.330564279729149,2.966226552466967,30.309138622305685,1,0,0.3009018929264328
3.227792074828318,3.0422977223080734,34.79518981229137,1,0,0.3304231555765298
3.915582206746463,3.531169853737413,41.41017353091272,0,0,0.5905825599077134
4.11810977202397,3.538834616007311,30.735277595954305,0,0,0.5627392375858633
4.011008351066472,3.689722305782301,22.0651599755887,0,0,0.5181427297991715
3.9786279046943136,3.705574509374242,25.703114181613408,0,0,0.5383304493733941
3.8456404386832608,2.788293649081339,46.867441289704416,1,1,0.46371454040165694
3.8361353134762046,3.301795391497299,34.80063003796435,1,0,0.46969220282103724
4.8191637571850166,3.60626534602832,9.445792560295123,0,1,0.529521262650097
4.313932390147983,2.6203805198221444,36.9360360604757,1,0,0.4731791725656757
3.553894134349836,2.681379034896912,43.58105874448552,1,0,0.3819673850348697
4.526892619174214,2.7004849313127086,9.040113500517997,1,0,0.3234492160872529
3.828105095202868,3.211059095561552,15.394203865648196,1,0,0.32308216664044886
3.5993712039598966,3.058639035591379,39.75475855787337,1,0,0.41282575638403857
3.189508237893336,2.2568707357543434,42.25479532735488,1,0,0.3013738136437523
3.406726386648581,2.780035469986358,31.825931105744505,1,0,0.29592050757694927
4.649427313875115,4.391495257907668,20.18532910510705,0,1,0.6747679723139846
4.525806953095381,3.54891356446692,48.30600263350481,0,1,0.7349902994074773
3.984983468343978,3.5076089109388744,25.692384470626205,1,0,0.4959100204498977
3.6957129891484217,3.4342246496139848,47.0182150373918,0,1,0.5488175764249384
4.655666917615277,3.749077218869414,12.270518484056906,0,1,0.5588590005767919
4.121184237504063,3.5022532311497443,47.46999326884507,0,1,0.6608987467883174
4.045291708320373,3.615343512423172,15.753580891014394,1,0,0.4681453515809344
4.041829120974295,3.615343512423172,12.703445615378268,1,0,0.44785276073619634
4.182554413448742,3.6265130803919567,30.694471797859457,0,0,0.5921818467830737
3.9631119932639183,3.541369272785613,26.509357491564053,0,0,0.505846573331236
3.844066022145109,3.523412182996712,35.56557396754869,0,0,0.5338209847412302
3.939109180170508,3.105299368908555,49.69351332501529,0,1,0.5531172985160716
4.115020465945048,3.244098689420949,17.95607086562619,1,0,0.4081327670284726
3.9377489246106254,3.2906646761617027,18.697246111495765,1,0,0.3855592260500236
3.8377293367161736,3.4775820822747137,5.081529230790966,1,0,0.322479156834985
3.0255282039758984,2.900863675618084,42.67616955755353,1,0,0.3427455298620943
3.240060821137259,3.1002797353334985,49.9736224582372,1,1,0.43909600964815687
3.3941151411578083,3.0477913182705643,17.62589999482021,1,0,0.2409941796444864
2.886950084170784,2.5646932385487817,12.39109466661364,1,0,0.09952283571915473
3.1851095951491675,2.820300318249122,40.706651383756,1,0,0.3323370562634366
3.3127358288472504,2.886950084170784,48.88661777944362,1,1,0.4067956583294006
3.2520987935900565,3.124993230455277,44.66906473243241,1,1,0.41335011273661576
3.3163414721869344,3.158063317203643,10.106677500683189,1,0,0.19928163179696923
2.7281151213064425,2.490764990790801,33.629247607448285,1,0,0.22875045881180853
4.246165349031479,3.54891356446692,24.354604024787413,0,0,0.5445702899690631
4.339876880599156,3.68569713528146,38.17543329812461,0,0,0.6760264275601701
4.518155282106485,4.116051892437427,49.520070993094976,0,1,0.8302134130354989
4.208048537983757,3.5464086689013925,20.99596556906772,0,0,0.5172251061821614
4.128301070172273,3.51292014474028,27.654052745611,0,0,0.5380420533794766
3.75453955643731,3.4035967960602984,37.84865393428348,1,0,0.4931571495988674
4.163701798482067,3.286910999712168,47.2758902764131,0,1,0.6142572492265743
4.255350112015857,3.42214881965918,43.2995365088636,0,0,0.6356509884117246
3.996266816424791,3.412940027689836,42.17709901521449,0,0,0.5820617691783335
4.108796754014171,3.327038100010129,22.94456560653948,1,0,0.4558491951129988
4.150166550806561,3.469142399534263,26.044282124865703,0,0,0.5199517592155629
3.758155385264266,3.1201262868487367,48.284272088685015,0,1,0.5038540191914426
4.028970240921374,3.4490059070825607,9.433229521836529,1,0,0.38204603848775637
3.939109180170508,3.3513228562111674,7.573812946045049,1,0,0.3255466414975618
5.245190123064816,3.663094465249524,14.896878567274328,0,1,0.5986838655550312
4.945058345502491,3.11027993879147,24.535837183066526,0,1,0.5287609459388601
5.355518006434631,2.812447458990361,38.2991909777845,0,1,0.58743642179225
5.5590987058419525,3.819972838390634,20.034282152982502,0,1,0.668292171359656
4.857174926829195,3.129823442061922,39.83230817608918,0,1,0.6268418016884274
4.249520533648983,3.747246030209553,5.610781050266477,1,1,0.46631010434691417
3.961801859746015,3.7653263286324985,26.47677217088849,0,1,0.5510198731057627
3.775934306292795,3.215283533341617,15.635677793425096,1,0,0.3125950395889046
3.949888382342986,3.240060821137259,43.70566962035881,0,0,0.5429710030937025
4.081105246655121,3.3909231145907435,26.721370319987777,1,0,0.48828063551989925
3.724853075425512,3.2639145138074874,48.92197761785872,0,1,0.5292853022914373
3.993776540909293,3.648283886970039,14.719500764253889,1,0,0.45807770961145194
3.829719219639802,3.5900619489183745,13.884097863347412,1,0,0.4013685700802265
3.1487877925300003,2.5409868246733582,35.4369391625579,1,0,0.26736930417912014
2.9144812106243463,2.4775686469810494,46.92209249179258,1,1,0.31917571181374865
3.1626511504699546,2.6309592730709195,28.047703468177065,1,0,0.2262859839546956
5.262090519809406,3.202525635805094,45.69335143047761,0,1,0.696109275863877
5.269272000451373,3.171729316864807,21.531319694922004,0,1,0.5334801531120549
5.3571504710878415,3.747246030209553,12.224628219063082,0,1,0.6009385978711131
5.34487981230163,3.728640068723488,46.17264307916053,0,1,0.8189659692727179
5.271139623477199,3.0198392776288605,10.45649775712346,1,1,0.4313093178123853
5.27721401655927,3.167206329842028,45.935182824478325,0,1,0.691993078496146
5.334215437965387,3.2906646761617027,23.756764483336088,0,1,0.5714697708562739
3.412940027689836,2.9144812106243463,31.9579452738713,1,0,0.3150595144460175
3.491405513828929,2.9144812106243463,15.236659889752891,1,0,0.2155104609092339
3.014099328839894,2.651606224890581,45.90200370324537,1,1,0.3325730166220964
3.8596385665672086,2.6309592730709195,5.885677332171855,1,0,0.188794504745425
4.056700210050037,3.5734376376202874,33.2693067323299,0,0,0.5766871165644171
4.132332579566184,3.551408694332941,45.95759569816972,0,1,0.6678464684599654
5.191057816443955,3.211059095561552,8.282989284911219,1,1,0.4511824235750616
3.819972838390634,3.2520987935900565,48.10246821120464,0,1,0.5400083897016412
3.75453955643731,3.2520987935900565,28.967600500735006,1,0,0.4022861936972366
5.08014833616647,3.1982158552090336,22.686884990022968,0,1,0.539300508625662
3.6265130803919567,3.419093921257479,31.04798583711159,1,0,0.4301032982014577
3.667263861103088,3.443134306265894,27.641307708701472,1,0,0.4221330816422841
3.707528709365852,3.556369959487704,32.912673871678514,1,0,0.4933668921398982
3.6418300507673984,3.5022532311497443,43.53246377103791,0,0,0.5394578155314352
3.665182558455806,3.538834616007311,13.684786772352156,1,0,0.3577421215458025
3.6242947072870058,3.319926915738084,39.60401380972088,1,0,0.4631639662314509
3.6198347589247057,3.4490059070825607,39.53295551760438,1,0,0.49438938702742385
3.75453955643731,3.691725437308014,19.493363484069235,1,0,0.4426091972104242
3.738010660718975,3.703614324074693,47.478641456191845,0,1,0.6236956635729641
3.617593075371937,3.419093921257479,14.322193301233623,1,0,0.32009333543075874
3.880822533560069,3.531169853737413,11.742764096295549,1,0,0.3873682554664149
3.709476960489838,3.531169853737413,25.75962827195538,1,0,0.4419799695873315
3.663094465249524,3.416024371008844,46.86429243646876,0,1,0.5379896177442189
3.734278871720067,3.5464086689013925,27.16167539674709,1,0,0.45928372922237953
3.667263861103088,3.5710270886311823,41.30198543511236,0,0,0.5466677153793719
5.3977785280995,3.5900619489183745,19.42544682772949,0,1,0.6170887735304914
4.395503621740987,3.870318194589618,15.3460049433501,0,1,0.5667505636830791
5.921623949232622,3.5734376376202874,6.738400732527428,0,1,0.5390907660846311
6.411932750031089,4.344220788678131,16.816319537620007,0,1,0.7049971160400608
3.275516039946724,2.7458940423349705,15.420335793914582,1,0,0.1671123695663573
2.8654955612660524,2.360882850632919,43.33085541590859,1,0,0.28999528079282677
4.247005795639454,3.483147334733948,23.76470967142677,0,0,0.5239106496775209
4.176956710125306,3.587713322429438,14.03440514547922,1,0,0.4746473703528918
5.750284157360645,3.1762205633663405,18.143957003341782,0,1,0.5194798384982434
3.784641923608493,3.469142399534263,22.105923733197628,1,0,0.4151329243353783
3.587713322429438,3.361454993949843,32.70543228949169,1,0,0.4211892402076451
3.69372231880321,3.488664610282048,47.05027588987626,0,1,0.564495831366997
4.3968341835508005,4.208940524190863,14.487309189213695,0,1,0.5942268365581249
4.484864392929186,4.423518272161072,32.70164214421962,0,1,0.7374023386293325
4.496344521368654,4.458858968712949,23.16593230455387,0,1,0.6790676944051178
4.540841201463764,4.4576514211849005,36.44215150776951,0,1,0.7716952440878821
3.821607577465896,3.428215215790088,19.42891906837148,1,0,0.39392270987363015
4.548227928145474,3.518187664187649,24.22591613414913,0,1,0.5747732158775104
4.449134185215304,4.290040392474152,47.664205622868415,0,1,0.8226888993760159
4.475529678677095,4.2660375793807415,19.31095901219088,0,1,0.6396360966913114
3.784641923608493,3.675522040198069,27.419420343852103,1,0,0.49598867390278434
3.770652295568493,3.671406270386683,41.571245700073874,0,0,0.5860468774579205
3.9862470422983582,3.504936673236167,35.28723960088963,0,0,0.5588065649415342
4.229120400189496,3.747246030209553,30.51681026833083,0,1,0.622201247968119
4.613504216294528,3.9786279046943136,11.15318527851776,0,1,0.5773163441875099
4.251191552875044,3.707528709365852,44.71313514100586,0,1,0.71191861989408
3.728640068723488,3.361454993949843,38.89038650298852,1,0,0.4843217450579414
3.665182558455806,3.347909514786936,25.105007248653568,1,0,0.38107597923548847
3.6265130803919567,3.167206329842028,41.885969490580266,1,0,0.4519165224686697
3.6976974868625,3.374719717480798,29.35949793898157,1,0,0.4188034188034188
3.791523710345301,3.592401988088365,36.65457715030278,0,0,0.5425515180116407
4.015847693594841,3.491405513828929,28.926350024016063,0,0,0.5183524723402024
3.961801859746015,3.412940027689836,47.94210232735971,0,1,0.6077290126369881
3.9786279046943136,3.523412182996712,18.42179757420209,1,0,0.4517854333805254
3.9431726858848495,3.4968523552163906,42.92923401196784,0,0,0.5967437470504956
3.6418300507673984,3.368121720899127,34.73828379524382,1,0,0.4453882858790834
3.8911572448611778,3.460589933734476,13.97525266283942,1,0,0.38548057259713703
3.806742393075613,3.5285943975455893,7.746472985429203,1,0,0.34198521315085734
4.32220026790258,3.4775820822747137,29.616519108348733,0,0,0.5705259294216349
3.826486889536718,3.451921629665512,38.72192832613546,0,0,0.5286036390330869
3.536289881044342,3.211059095561552,39.70731086983901,1,0,0.43314456504640547
3.5076089109388744,3.014099328839894,13.754616762880453,1,0,0.22148812332861412
3.701648116691032,3.2520987935900565,47.09789898170996,0,1,0.5100152063342248
4.015847693594841,3.536289881044342,42.926229255086966,0,0,0.6246132871899742
4.018253711466141,3.504936673236167,24.34406952773973,1,0,0.4936290703161869
3.752723952382782,3.4312269860540323,12.082887151911208,1,0,0.3314980860993131
3.789810188572042,3.327038100010129,47.61975302581991,0,1,0.5434167059933931
3.8166907799158056,3.3091097568244168,15.800882988220984,1,0,0.34025483718735255
3.85189965727759,3.469142399534263,46.80517972941351,0,1,0.5920769755125583
3.996266816424791,3.6198347589247057,35.05308761529282,0,0,0.5873577683393635
3.930903939575908,3.454824128971361,20.577338455913807,1,0,0.43668397042630175
3.941821048634837,3.451921629665512,6.753337701630818,1,0,0.34872319228147447
3.847210991618664,3.4968523552163906,42.43556042553272,0,0,0.5717057312149336
3.982448811565676,3.406726386648581,20.793927405939257,1,0,0.4349798122804258
3.665182558455806,3.344477871176449,29.00995834317276,1,0,0.40480310418960724
4.120161055831296,3.4312269860540323,15.864574607595385,1,0,0.43652666352052855
3.823238151596328,3.3091097568244168,16.302544303377037,1,0,0.3454984007131246
4.802458077887329,4.683865311083458,17.594521275791614,0,1,0.6864349011588274
4.075639799264315,4.008574888058639,27.72713630930918,0,1,0.6148602590320382
3.9734976167018425,3.8596385665672086,15.863857308423114,1,1,0.4993445545592785
6.772352156248076,2.953677130778406,24.65289408619371,0,1,0.5320119553248387
2.6616851733501905,2.1977518108704936,35.30972042622857,1,0,0.22413612290912907
2.886950084170784,2.2934521206119105,57.800451888547634,1,1,0.34754339048817573
6.797665110805062,2.576225082070496,38.24270504541457,0,1,0.5792564626920454
3.124993230455277,2.900863675618084,7.2345597443584895,1,0,0.11879293167636727
4.193605047702138,2.5646932385487817,26.09784559169018,1,0,0.3801845734361072
4.159863706019747,3.69372231880321,41.680813052163664,0,0,0.6757118137486237
4.809122977802502,3.726749373109132,37.24602329149015,0,1,0.7369042000943842
5.042504263870164,4.055568467933723,29.55730146649768,0,1,0.7447171097477846
5.1048012439972,4.052161183931962,19.596090187667244,0,1,0.6828954957789314
6.173074563296269,3.0745734686292843,34.61403312133687,0,1,0.6127103979864716
3.4995584903264847,3.1626511504699546,48.13226828959581,1,1,0.47270725184835616
3.283135177550767,2.9144812106243463,40.53752668649422,1,0,0.3542027161659063
7.118344324297119,3.705574509374242,56.32291297464191,0,1,0.8769859996853863
5.948654993888648,3.648283886970039,45.12488822948731,0,1,0.8039169419537519
3.7398684269000704,3.460589933734476,16.30350910605248,1,0,0.3666561795396151
3.37142922180053,2.651606224890581,53.32166175947795,1,1,0.4036233023963085
3.6242947072870058,2.737066316170276,56.16041075148022,1,1,0.4492423050705259
3.538834616007311,2.4775686469810494,31.97893796128026,1,0,0.28669183577159035
4.482543447502515,4.095100758102533,49.15716376028623,0,1,0.8214042263122018
2.6616851733501905,2.4071680740438794,54.50293018870515,1,1,0.3359551150962194
3.868803400983048,2.6716078527332074,56.9021828479336,1,1,0.49467778302134136
3.4859119178664386,2.9408767040861377,42.26729654094599,1,0,0.3969115410833202
4.5170546799435884,2.2568707357543434,12.2329495908767,1,0,0.3137486235645745
3.793232656621063,3.0422977223080734,6.905258410845514,1,0,0.22882911226469507
6.928753768954144,3.75453955643731,13.529021768239383,0,1,0.6304336427035814
4.415177301971193,3.899884652828887,25.09670903572324,0,1,0.6379581563630644
3.279336946818085,2.8727272766285696,39.27692410789509,1,0,0.33894394630590946
3.11027993879147,2.780035469986358,32.70872702084891,1,0,0.26731686854386244
7.01855355812423,4.03834769806497,36.61337121083931,0,1,0.8228199884641603
2.6716078527332074,2.2568707357543434,35.63873347124128,1,0,0.22872424099417962
2.900863675618084,2.376686122690757,23.480703132446017,1,0,0.16176393477006976
3.361454993949843,2.609623964099661,28.81846513794945,1,0,0.2532641182947932
2.8357227512597207,2.450330493753021,40.64613759223076,1,0,0.27531330292066486
3.1201262868487367,3.014099328839894,40.9889828159564,1,0,0.3547270725184835
3.5076089109388744,2.609623964099661,22.04460074941261,1,0,0.22764931047139636
3.491405513828929,3.1806805117286405,10.033683230024485,1,0,0.22625976613706675
7.0170042153191865,5.643639217873722,42.91928146318711,0,1,0.9045147081956898
7.0356762097665335,4.674459664177731,24.6614594970387,0,1,0.7815007078810758
3.3844908996445024,2.893944689311386,50.95792148014467,1,1,0.42711446699176764
3.374719717480798,2.900863675618084,18.04484876546207,1,0,0.21831576739552197
2.966226552466967,2.576225082070496,5.51007921377341,1,0,0.06281789103874993
4.408686374121833,3.713355760241321,57.77337264213936,0,1,0.785459598343034
4.948716302262008,4.261127069357279,19.395240364272286,0,1,0.690682187614703
6.97166923917896,2.796446625578894,6.56758654202867,1,1,0.39950710502857745
5.579421251132747,4.476703990933165,53.50492565220432,0,1,0.9263017146452729
5.221999831536273,4.197246593799852,44.66628814713018,0,1,0.8626186356247706
3.939109180170508,2.953677130778406,27.44976001263704,1,0,0.38238687011693145
3.1851095951491675,3.014099328839894,33.4704096577791,1,0,0.31175606942478107
2.953677130778406,2.6309592730709195,49.24253717860218,1,1,0.34856588537570127
4.136338852429229,3.784641923608493,43.11515962368455,0,1,0.6992291961617115
4.151142904924217,2.780035469986358,54.91555907769884,0,1,0.5580986838655551
3.381250386392313,2.7098281629422463,34.40172306197866,1,0,0.3036285459598343
4.694805748433409,3.933650724908096,27.573936995900745,0,1,0.6905773163441875
6.5147273625046624,1.3308425866750953,8.893457571534098,1,1,0.3432436683970426
6.894935271017096,3.0477913182705643,22.91303128536492,0,1,0.5393267264432909
2.907708660652802,2.376686122690757,20.560105549893425,1,0,0.14341146242986733
3.283135177550767,2.464094465094437,41.92706799538705,1,0,0.31899218709034655
3.416024371008844,2.641366006428859,31.779559966381008,1,0,0.28212993550416865
3.0198392776288605,2.4071680740438794,52.69594874004468,1,1,0.3469928163179697
3.305463023311049,2.598683526749708,41.80211759592297,1,0,0.3307115515704473
3.158063317203643,2.503694723474013,57.02189412185825,1,1,0.37478370300456193
3.0693059491819144,2.780035469986358,47.61513956811765,1,1,0.3597608935032248
3.244098689420949,3.014099328839894,56.37097910154988,1,1,0.43744428713753863
2.7546016596506684,2.503694723474013,46.46578842142701,1,1,0.3126736930417912
3.608546988373597,2.651606224890581,29.38949279436097,1,0,0.2910439934979812
2.275422759353225,1.9484943601429907,47.350914516663046,1,1,0.2898379738870536
2.9408767040861377,2.155069331191344,57.956272697314354,1,1,0.34662576687116564
6.885071460519422,2.9144812106243463,19.92582010793865,1,1,0.49805988149546426
6.924670901894583,2.921182842539415,33.53979434624208,0,1,0.5896649362907032
2.9408767040861377,2.4775686469810494,22.3109613894496,1,0,0.16220963766976038
2.812447458990361,2.528795979892114,45.15545874574166,1,1,0.30916050547952384
5.875189921255222,3.058639035591379,39.648141577717816,0,1,0.6393214828797651
2.934379186349166,2.5163684049435684,44.113224818208245,1,1,0.3075612186041634
3.1806805117286405,2.609623964099661,52.30070488655576,1,1,0.3728435845000262
3.167206329842028,2.609623964099661,19.440541674076,1,0,0.1688427455298621
4.265221773024261,1.406223729495181,31.60360153832876,1,0,0.39518116511981544
4.406726188822283,3.870318194589618,25.842155353373432,0,1,0.6375124534633737
4.591333324644348,3.908494648155044,10.346887554307088,0,1,0.5611923863457605
4.685137255854554,3.861175181951233,59.57883379013227,0,1,0.8481988359288973
4.384758353595996,3.750903183018154,16.60105386114008,0,1,0.5544544072151435
4.621974928184607,3.85189965727759,17.868291804044873,0,1,0.6091447747889466
4.676609481449432,3.752723952382782,47.940688478258224,0,1,0.7941639137958156
4.674459664177731,3.68569713528146,17.588629741651975,0,1,0.5829531749777149
3.3779933819075314,2.900863675618084,37.60408386947043,1,0,0.34730743012951604
4.775081929186741,3.8867485018242593,32.63534959102894,0,1,0.7283047559121179
5.721835029315312,3.7653263286324985,35.82181054522586,0,1,0.7659273242095327
7.089323620762589,3.832935306809513,32.78381063615281,0,1,0.7752870851030361
5.196796049744068,4.025417965381759,49.72846391566314,0,1,0.8786639400136332
4.249520533648983,4.013432596389312,12.24195039711044,0,1,0.5422106863824655
5.157531975817996,3.707528709365852,56.33327646699157,0,1,0.8469928163179695
4.066796826110305,3.615343512423172,25.30148647852732,0,0,0.535184311257931
5.153469759704734,4.027788338461748,33.51778274739973,0,1,0.7737140160453043
3.779431582754925,3.1002797353334985,56.376246284609714,0,1,0.5294950448324681
3.2639145138074874,3.0477913182705643,18.915394565933465,1,0,0.2306643594987153
5.032736809887137,4.229120400189496,26.114039062652143,0,1,0.7369042000943842
4.948716302262008,4.051021379534525,30.105875967024804,0,1,0.7436421792250013
6.571625848155812,4.41646762498891,19.73000127855148,0,1,0.7293796864349011
3.2906646761617027,3.014099328839894,13.13009299569564,1,0,0.189738346180064
4.040670749617341,2.651606224890581,36.14498062775792,1,0,0.4261181899218709
4.907879109130175,3.646139831363459,56.6185261968916,0,1,0.8236065229930261
6.385736559928384,3.0083074341071465,57.04978588713272,0,1,0.7155628965444917
6.803259959577433,3.260000128516328,12.25665653489651,0,1,0.5062398405956688
3.0024626446266525,2.3921085557013555,54.25887004460866,1,1,0.34885428136961877
3.4859119178664386,2.812447458990361,52.26670742972873,1,1,0.43107335745372555
3.949888382342986,2.5163684049435684,57.12526206282666,0,1,0.5011798017932988
7.093761508367278,6.7323139828405605,5.5434483488260735,0,1,0.668292171359656
6.210481539586965,3.248111241749649,7.5675817700423185,1,1,0.46699176760526456
5.420999171530309,1.1467260603059553,23.64613641286569,1,1,0.4282680509674375
4.990003419381455,2.780035469986358,38.767723045260375,0,1,0.5739604635310157
3.260000128516328,2.7281151213064425,41.41873669962628,1,0,0.3341198678621991
3.0693059491819144,2.788293649081339,50.09632703829334,1,1,0.3764354255151801
3.1201262868487367,2.87987818901137,11.603395134431889,1,0,0.14149756174296052
6.227445366266741,6.023506554551913,20.651088496220925,0,1,0.7479419013161345
3.2520987935900565,3.090120791873473,41.79812638931439,1,0,0.3885480572597137
3.193876855538391,2.2934521206119105,13.985593488038754,1,0,0.11653819936028524
3.483147334733948,2.8507822696022447,51.968613169290926,1,1,0.43487494100991037
3.510270037434019,2.893944689311386,19.622411093332712,1,0,0.2435635257721147
6.613553787539899,2.490764990790801,22.67298068211268,1,1,0.4686434901158827
3.1806805117286405,2.609623964099661,7.779306613001596,1,0,0.09446279691678465
6.937093307694866,4.252025429214511,44.6513606910775,0,1,0.8896754234177546
6.787596320747223,3.711419298854736,19.10900514475736,0,1,0.6555240941744008
4.53818228613119,2.598683526749708,41.84746022005682,0,0,0.5312254207959729
3.428215215790088,2.4071680740438794,49.32673115288279,1,1,0.3815478999528079
2.9473089190323787,2.310987464092303,15.54331239967377,1,0,0.10935451732997743
7.040287026211205,3.058639035591379,31.69222335946803,0,1,0.6018824393057521
3.0693059491819144,2.237764839338547,22.668754605639844,1,0,0.16011221225945152
5.231809844780456,2.3446794535229736,40.28810843605252,0,1,0.5593309212941114
6.781862228981492,2.771669337783252,28.719016848945465,0,1,0.5345288658172094
2.8280579889898227,2.421881365707687,21.58276436084923,1,0,0.1486288081380106
6.937344332388716,3.541369272785613,46.75320370366879,0,1,0.8022652194431336
2.8432968041538027,2.552949789801136,36.36871127106481,1,0,0.25557128624613284
6.951124056252006,2.984601020231723,12.770719719595675,1,1,0.4626920455141314
3.211059095561552,2.7281151213064425,16.446497268379737,1,0,0.16459545907398668
6.65602676688931,2.5163684049435684,34.98736304608713,0,1,0.5524356352577212
4.392165064352897,3.7599556677453,57.20038596896225,0,1,0.7904409836925174
4.316197879239263,1.5346529745909572,44.73390928941182,1,1,0.49596245608515543
3.732404785461451,3.3091097568244168,10.855543656530994,1,0,0.2901525876985999
3.202525635805094,2.450330493753021,13.87056340775997,1,0,0.12390540611399507
6.64897672772815,2.033954451422685,13.751024494442678,1,1,0.39355566042682605
3.2906646761617027,2.5875528114141124,25.04769818939776,1,0,0.21737192596088303
6.30543800853922,2.490764990790801,12.124135824529144,1,1,0.39549577893136173
3.358095406182711,2.812447458990361,20.138588347561218,1,0,0.21836820303077972
3.129823442061922,2.737066316170276,7.260812224712208,1,0,0.09936552881338157
3.981177708863833,3.7305251952705336,50.82652443944608,0,1,0.7025850768182057
5.587745218252309,5.587745218252309,48.41273014146604,0,1,0.919118032614965
5.904839770550963,5.904839770550963,58.2086998537364,0,1,0.9543285616905249
5.662770189547947,5.662770189547947,21.70098868767461,0,1,0.7479943369513921
3.701648116691032,3.701648116691032,8.688916677981384,1,0,0.36427035813538877
7.023508336338197,3.2639145138074874,7.207054439677647,1,1,0.48091342876618953
7.111498424017639,4.820879116024825,29.417958185756945,0,1,0.8151381678989041
7.102158144496404,4.805623789205937,18.56777536457584,0,1,0.7447433275654135
3.864237388750168,3.2639145138074874,31.55675189997537,1,0,0.44745949347176345
3.689722305782301,3.3909231145907435,8.74771303813978,1,0,0.2870064495831367
3.756350024405616,3.37142922180053,16.828792631166387,1,0,0.34743851921766034
3.551408694332941,3.235997315422917,15.42299533433481,1,0,0.2800062922762309
6.86768021122561,3.654673291119917,16.897583773744355,0,1,0.630119028892035
4.208048537983757,3.9734976167018425,56.842018432981725,0,1,0.7932462901788054
4.2528582204836125,3.933650724908096,24.38694277683032,0,1,0.614519427402863
3.1982158552090336,2.7281151213064425,7.746542295775603,1,0,0.10699491374338001
3.0255282039758984,2.7281151213064425,40.99911262775044,1,0,0.3101043469141629
2.9724101754504786,2.7004849313127086,56.93404929112431,1,1,0.3767762571443553
4.108796754014171,3.781173080428116,43.18258910522661,0,1,0.6949294740705784
7.136433843079407,5.327885631212021,33.21080141264212,0,1,0.8428504011326098
2.8432968041538027,2.6616851733501905,30.035678541084483,1,0,0.2218551727754182
4.42669761302631,2.8357227512597207,43.90697798458251,0,1,0.5559750406376174
7.0379428776835,3.031167006972477,23.115640306410604,0,1,0.542499082376383
3.3779933819075314,2.737066316170276,32.31462377030223,1,0,0.2911750825861255
3.374719717480798,2.7458940423349705,14.2898938612678,1,0,0.17463688322584028
3.650420783779969,2.7190369549115903,59.20562572111945,1,1,0.4601751350217607
3.3513228562111674,2.651606224890581,15.870168383634535,1,0,0.17159561638089246
4.962044332725979,3.053238159658026,43.76967007034131,0,1,0.6443815216821352
3.8748411816123975,2.978534624100815,34.766525345319366,1,0,0.42076975512558334
6.466571090546401,3.0083074341071465,31.431555399948863,0,1,0.5789680666981281
6.64897672772815,2.9408767040861377,32.16711832232285,0,1,0.5773163441875099
6.727629257699282,2.978534624100815,15.459880689855504,1,1,0.47488333071155164
4.521992552702539,3.1440991268710734,42.10891855890935,0,0,0.6060248544911122
4.527434762366312,3.139375858200595,10.499646020837082,1,0,0.39583661056053693
4.539247178223794,3.134617471968584,11.656408705117713,1,0,0.4048293220072361
3.5993712039598966,3.031167006972477,34.01659700685782,1,0,0.37064128781920197
3.585356045363009,2.9965639853595007,37.38776379098852,1,0,0.38393372135703424
3.494134729052262,2.7098281629422463,28.71017573991137,1,0,0.27848565885375703
3.330564279729149,2.771669337783252,59.3091941943574,1,1,0.42483351685805676
2.900863675618084,2.5409868246733582,42.818467292445845,1,0,0.29914529914529914
4.966971645344655,4.702271808475626,10.259111541913567,0,1,0.6497299564784227
4.175079875935688,3.585356045363009,20.761941276326827,0,0,0.5184835614283467
4.375205937457323,3.608546988373597,40.74359625127638,0,0,0.6820565256148079
4.382043609334643,3.65255056943928,49.587765268736014,0,1,0.7476272875045881
4.034847233550068,3.354718089638171,20.30443107687544,1,0,0.4296313774841382
3.1626511504699546,2.8507822696022447,13.965719649728404,1,0,0.1580672224844004
3.763541111296448,3.11027993879147,42.74073747050564,1,0,0.4695086780976352
3.541369272785613,3.0745734686292843,8.632499310442638,1,0,0.20528551203397827
3.5710270886311823,3.189508237893336,36.49687043002429,1,0,0.4131403701955849
7.021751028855296,3.597056554058976,25.013853864104263,0,1,0.6762623879188298
7.19129236639743,5.407305184424283,41.89842268534927,0,1,0.9011588275391956
4.261127069357279,3.095220420448946,14.689782418956533,1,0,0.38335692936919924
6.839943633378649,2.3446794535229736,28.360731322812686,0,1,0.5008127523464947
7.221294898155638,5.872942913577348,19.037685829708835,0,1,0.7519270095957212
7.250876988089907,5.745050436302372,31.72845991798724,0,1,0.8335692936919932
4.908178104697397,3.972208593103954,21.770773687157263,0,1,0.6793298725814063
4.142301628480577,3.65255056943928,9.75465231995895,1,0,0.4525195322741335
2.681379034896912,2.490764990790801,15.81138902870427,1,0,0.1097215667767815
2.7190369549115903,2.310987464092303,26.482009603070583,1,0,0.17120234911645957
2.7190369549115903,2.376686122690757,30.814760415324788,1,0,0.2014052750249069
2.927815026242165,2.421881365707687,10.543164193901744,1,0,0.07923024487441666
2.737066316170276,2.310987464092303,41.52361279875753,1,0,0.2710397986471606
2.598683526749708,2.237764839338547,20.754293509362185,1,0,0.12830999947564364
3.129823442061922,2.450330493753021,15.646181815379837,1,0,0.1295160190865712
2.6616851733501905,2.2568707357543434,6.291458432324832,1,0,0.03722930103298202
2.8357227512597207,2.2568707357543434,16.595318809034953,1,0,0.10838445807770962
4.116051892437427,3.1487877925300003,20.38332297782839,1,0,0.4072151434114624
3.7229511423764494,3.327038100010129,40.1622561104087,1,0,0.48476744795763205
4.003680026722155,3.454824128971361,12.4069474442327,1,0,0.3990351843112579
4.270910699371298,3.65255056943928,23.711569945955898,0,0,0.5660426826070998
3.9027675405863937,2.1977518108704936,35.66835286809709,1,0,0.3676786744271407
4.08327842361585,3.206806588221604,40.80028505501279,0,0,0.5459860521210215
3.758155385264266,3.014099328839894,34.518999774453,1,0,0.3962036600073409
2.576225082070496,2.310987464092303,19.748607583207967,1,0,0.12380053484347964
4.645834321982145,3.7863693200687583,52.96975503610102,0,1,0.8171045042210686
3.828105095202868,2.7098281629422463,38.44244484708413,1,0,0.39798647160610345
2.7190369549115903,2.237764839338547,17.39338104957137,1,0,0.10862041843636934
3.231907844639704,2.7098281629422463,31.38189387507642,1,0,0.2615489486655131
3.260000128516328,2.681379034896912,55.27180517709083,1,1,0.39444706622620734
3.283135177550767,2.820300318249122,25.55204446949472,1,0,0.2433013475958261
3.341027728050128,2.900863675618084,51.0358545884716,1,1,0.4222117350951707
3.358095406182711,2.959982600501933,38.79050760902385,1,0,0.35997063604425567
3.319926915738084,2.984601020231723,49.986003377943234,1,1,0.428163179696922
3.440178180917866,2.959982600501933,52.91148398877161,1,1,0.44774788946568084
3.3647970380977803,3.0024626446266525,26.920491587423683,1,0,0.2886057364584972
3.387715087823675,2.927815026242165,41.70828663564088,1,0,0.3793980389072414
3.3779933819075314,2.9724101754504786,52.950442936803015,1,1,0.4425567615751665
3.3909231145907435,3.0024626446266525,23.867846384344283,1,0,0.27266530334015
3.1806805117286405,2.7458940423349705,29.18638203137583,1,0,0.2465523569818048
3.3234923845697346,2.900863675618084,27.22312341367673,1,0,0.2703056997535525
3.240060821137259,2.681379034896912,28.180459596024765,1,0,0.23973572439830107
3.344477871176449,2.7458940423349705,37.98726940117006,1,0,0.3259136909443658
3.330564279729149,2.921182842539415,11.027806712910666,1,0,0.16787268627759425
3.3513228562111674,2.820300318249122,23.54570877302912,1,0,0.24067956583294006
3.337558884869751,2.87987818901137,52.36385818752557,1,1,0.4213727649310471
3.240060821137259,2.8280579889898227,9.0191647033763,1,0,0.1303287714330659
3.305463023311049,2.8432968041538027,16.728860123652687,1,0,0.19154737559645532
3.3163414721869344,2.8280579889898227,34.885918875550715,1,0,0.31057626763148233
3.3234923845697346,2.8357227512597207,11.884203367984457,1,0,0.16063656861202874
3.3513228562111674,2.8727272766285696,35.65672601942321,1,0,0.3269361858318914
3.279336946818085,2.651606224890581,27.83559824347984,1,0,0.23876566514603326
3.358095406182711,2.7546016596506684,38.39915812759551,1,0,0.33147186828168423
3.171729316864807,2.934379186349166,51.06260485198052,1,1,0.4065859157883698
3.319926915738084,2.8581811959389336,6.245018884053661,1,0,0.1287557023753343
3.777685333376874,3.3513228562111674,38.55172578096207,1,0,0.4886214671490745
3.03675656215248,2.155069331191344,20.69570308528544,1,0,0.14372607624141367
3.2678051032963715,2.966226552466967,48.2855114150636,1,1,0.407477321587751
3.11027993879147,2.87987818901137,25.33177769982103,1,0,0.23147711184521
2.7281151213064425,2.275422759353225,35.839054549536385,1,0,0.2326306958208799
2.9473089190323787,2.4071680740438794,24.53457248902232,1,0,0.17285407162707778
6.924670901894583,2.8581811959389336,37.23356886627866,0,1,0.6051334486917309
3.219480269691158,3.090120791873473,40.23493403769408,1,0,0.3739447328404384
3.283135177550767,3.124993230455277,9.659597297376184,1,0,0.18627759425305437
4.971048957924677,3.960489038772857,17.376896130225926,0,1,0.6525352629647109
4.858468509887073,2.900863675618084,51.2584233962184,0,1,0.6549473021865659
4.413236926558636,3.9552106583376463,48.41272261695092,0,1,0.793901735619527
6.520770616350794,2.5875528114141124,27.281626883413832,0,1,0.5042210686382466
2.576225082070496,2.237764839338547,15.554602221149084,1,0,0.09325677730585706
2.8727272766285696,2.5875528114141124,37.52880260298706,1,0,0.2661895023858214
6.9348296437838055,2.6309592730709195,14.178871284993978,1,1,0.4290021498610456
3.0024626446266525,2.812447458990361,47.88182630081258,1,1,0.36073095275549266
2.7631923926632385,2.552949789801136,50.64986041884372,1,1,0.33970426301714646
4.885666278196331,4.102511924458347,57.03202335785398,0,1,0.889596769964868
4.634932709924455,4.350681864303955,41.42988687607444,0,1,0.8102616538199361
4.676609481449432,4.179761681744567,39.70340433703674,0,1,0.791489696397672
6.681793605608556,3.839319399645877,15.408710210389682,0,1,0.6532693618583189
6.156287816417512,3.732404785461451,34.122034185009184,0,1,0.7517434848723191
3.828105095202868,3.613086014491672,45.4790494596246,0,1,0.6128677048922447
3.85189965727759,2.3921085557013555,11.264047671821851,1,0,0.2016150175659378
4.360604543686973,4.157935993718953,32.55577174449484,0,1,0.7038173142467622
2.7631923926632385,2.376686122690757,55.59442545989541,1,1,0.34014996591683705
3.058639035591379,2.310987464092303,50.1364388465952,1,1,0.3388652928530229
3.29439646516061,2.737066316170276,25.21219492445368,1,0,0.23318126999108593
3.42214881965918,2.6203805198221444,13.171083893819796,1,0,0.15971894499501862
4.184409487211309,2.8280579889898227,5.466563604045644,1,0,0.27248177861674794
6.774945155667587,3.5710270886311823,36.9922250074681,0,1,0.7440354464894342
4.613030317716785,3.9862470422983582,55.4479154226096,0,1,0.843584500026218
3.1201262868487367,2.360882850632919,41.96016380578478,1,0,0.2970478737349903
2.9408767040861377,2.376686122690757,5.074177139622036,1,0,0.04711341827906245
4.504259816606196,3.330564279729149,34.430909565740144,0,0,0.5875150752451366
2.788293649081339,2.376686122690757,27.98002909077905,1,0,0.18572702008284833
2.691003276410218,2.450330493753021,33.704422327123595,1,0,0.22531592470242776
3.768881893333044,2.576225082070496,15.592552344177346,1,0,0.22169786586964502
2.921182842539415,2.681379034896912,44.896338697990345,1,1,0.3247863247863248
3.1487877925300003,2.886950084170784,11.49682870794035,1,0,0.14482722458182581
3.510270037434019,2.804497046191284,16.517782772714085,1,0,0.2112107388181008
3.6309268909897554,3.2639145138074874,59.868467235235656,0,1,0.5432593990876199
6.971312335310687,3.813391803539061,41.75338696415328,0,1,0.8285616905248808
6.958572247763221,2.503694723474013,36.97547719863029,0,1,0.5706308006921504
3.2560616545487258,2.796446625578894,22.63178809126619,1,0,0.21787006449583135
3.286910999712168,2.87987818901137,15.35523385259909,1,0,0.18431125793088984
2.886950084170784,2.7004849313127086,23.51086682696214,1,0,0.18541240627130198
4.559150582530949,4.105662053869821,22.23316642231661,0,1,0.6577526086728541
4.968061471065645,4.223917119496216,54.6251184197508,0,1,0.8972261548948666
6.464735475094813,3.803391600081089,18.519350154361465,0,1,0.6645954590739866
5.587745218252309,4.691039800986568,22.67108542561596,0,1,0.7489119605684023
5.317878097719231,4.051021379534525,58.44038924959236,0,1,0.9060615594357926
3.54891356446692,3.381250386392313,52.37691898984709,0,1,0.5373603901211262
3.1201262868487367,3.0024626446266525,13.669509881901476,1,0,0.17256567563316028
3.053238159658026,2.552949789801136,33.25876190855727,1,0,0.24482198101830002
4.609703165774873,3.6016775127620075,53.953110417788274,0,1,0.7769388076136542
4.257832338786143,4.257832338786143,54.59673150500189,0,1,0.820040899795501
4.866494699854004,3.561293060686524,31.9026266965493,0,1,0.6717267054690367
6.678229286394679,3.8911572448611778,22.97264917147697,0,1,0.7093492737664517
3.520805254748625,3.520805254748625,41.705857730058526,0,0,0.5176183734465943
3.51292014474028,3.51292014474028,22.98610135444908,1,0,0.3911960568402286
4.922075624666798,4.102511924458347,8.099505876917258,0,1,0.6038487756279167
6.437646876316862,2.8654955612660524,29.77275059298994,0,1,0.5481096953489591
6.783938804456766,2.376686122690757,29.124244395209782,0,1,0.5056368307902049
3.219480269691158,2.576225082070496,14.08166291627182,1,0,0.13578207749986893
3.387715087823675,2.5646932385487817,33.30819204914244,1,0,0.2837030045619003
3.4747812025308424,2.576225082070496,22.597982474230484,1,0,0.2243720832677888
3.457713524398258,2.490764990790801,8.97771265762981,1,0,0.1273399402233758
3.4342246496139848,2.6203805198221444,9.056405027979611,1,0,0.13502176078863196
3.361454993949843,2.450330493753021,46.407830101829234,1,1,0.356719626658277
3.1201262868487367,2.8727272766285696,44.4187795617458,1,1,0.35706045828745214
3.0693059491819144,2.953677130778406,31.254268827682445,1,0,0.2762833621729327
2.8280579889898227,2.5875528114141124,7.127460887592281,1,0,0.06599024697184207
3.129823442061922,2.7098281629422463,47.79893413778587,1,1,0.3588432698862147
2.450330493753021,2.033954451422685,24.67003093537868,1,0,0.14710817471553667
2.820300318249122,2.085181784333749,40.37365183332433,1,0,0.2600807508782969
6.7786542826144185,2.780035469986358,52.92642363638144,0,1,0.6798280111163546
6.898545358724065,3.014099328839894,47.37620229236275,0,1,0.6901578312621256
2.886950084170784,2.376686122690757,53.571244659399056,1,1,0.3404645797283834
2.812447458990361,2.5409868246733582,33.48589305118127,1,0,0.23370562634366318
6.146863912794857,2.893944689311386,46.27164274374717,0,1,0.6570971632321325
2.7546016596506684,2.552949789801136,9.047456392311402,1,0,0.07246604792617062
2.812447458990361,2.7098281629422463,56.58017103096932,1,1,0.3691993078496146
2.921182842539415,2.598683526749708,38.83375827665963,1,0,0.27748938178386034
4.983393156114375,3.29439646516061,10.189436806928056,1,1,0.4688270148392848
3.889691035743382,3.341027728050128,46.1094797760265,0,1,0.5628441088563788
4.272526861846303,3.580615282945177,21.878955485620875,0,0,0.539667558072466
4.550322856366255,3.939109180170508,9.019742304727252,0,1,0.5523569818048346
4.536047171557103,3.965724241788493,19.14329101215362,0,1,0.6195532483876042
4.592802900490972,4.047589735924039,56.51082467501723,0,1,0.8503749147920927
4.700206624366762,4.242792482199967,27.82604921825126,0,1,0.7203607571705731
4.599132354894288,3.834537310149108,23.931631478933344,0,1,0.6441455613234754
4.764693295291004,3.987508126450229,59.85335313821411,0,1,0.8731319804939437
4.7316883806488566,3.976067901280972,40.47640995476583,0,1,0.7849352419904568
4.569382615017548,3.0693059491819144,7.705264711021966,1,1,0.37255518850610875
4.027788338461748,4.027788338461748,35.5106621147572,0,1,0.6606627864296576
3.965724241788493,3.965724241788493,34.58919869183126,0,1,0.633501127366158
3.240060821137259,2.788293649081339,6.850342310466174,1,0,0.11299879398038908
4.752991406334275,3.7229511423764494,18.06013036031916,0,1,0.6038487756279167
6.035943185869279,3.85189965727759,9.03829246948037,0,1,0.6064967752084317
6.706383081107828,3.932278805840413,17.340900551425623,0,1,0.6772062293534686
4.754893339383336,4.2781515057074735,28.470984148387668,0,1,0.7342562005138692
4.940243098180309,4.028970240921374,35.51919649663963,0,1,0.778669183577159
4.074541086548121,3.677570041945698,5.324681675765595,1,0,0.42084840857846983
5.63553603373409,4.408686374121833,54.67565992353699,0,1,0.9264328037334172
5.204367862404605,4.632178042831003,10.30901816558929,0,1,0.6581983115725447
4.963142574093715,4.015847693594841,56.37925925559641,0,1,0.8841958995333229
5.610093148151845,4.046441753553462,34.01802281138823,0,1,0.7880289444706623
3.4775820822747137,2.436263993453005,5.0715963967641216,1,0,0.10442556761575165
4.536047171557103,2.7458940423349705,9.845352691017766,1,0,0.3334644224214776
3.454824128971361,2.4775686469810494,55.31111355497689,1,1,0.40425253001940115
6.992842308333138,2.5875528114141124,41.59550926039815,0,1,0.6077290126369881
6.005463737880051,3.341027728050128,38.21637777112544,0,1,0.6836033768549106
5.676234794194869,2.691003276410218,45.49454442390089,0,1,0.625032772272036
3.853454943583697,2.490764990790801,30.509604270110657,1,0,0.3344082638561166
3.271672184548188,2.921182842539415,14.44430154486498,1,0,0.18247601069686958
3.167206329842028,2.953677130778406,21.66619741849905,1,0,0.22340202401552092
3.2520987935900565,3.079797987438347,13.72794605455908,1,0,0.20187719574222643
6.067777099276508,5.881100080226607,12.076153688646352,0,1,0.6887420691101673
3.129823442061922,3.014099328839894,18.619756879629417,1,0,0.20908709559016306
3.1851095951491675,2.464094465094437,19.440008910406192,1,0,0.16042682607099787
3.337558884869751,3.0024626446266525,54.05666797193348,1,1,0.4431597713806303
3.283135177550767,3.0024626446266525,38.76440686417706,1,0,0.3538618845367312
6.437372856788785,2.771669337783252,26.5804596574861,0,1,0.5169367101882439
3.171729316864807,2.6309592730709195,41.28809239101962,1,0,0.3150070788107598
6.983336781404667,3.724853075425512,20.566146256771138,0,1,0.6733522101620261
6.854390873332818,3.3909231145907435,10.71132259309672,0,1,0.5225211053431912
3.0024626446266525,2.6203805198221444,32.735164246869175,1,0,0.24322269414293954
3.014099328839894,2.5163684049435684,18.70167275429979,1,0,0.14482722458182581
3.1201262868487367,2.3446794535229736,23.382646744999697,1,0,0.17371925960883017
6.813087172163758,3.1487877925300003,23.812362846536058,0,1,0.5627392375858634
2.7546016596506684,2.3446794535229736,54.36569211655874,1,1,0.3357191547375597
3.167206329842028,2.2568707357543434,30.05356951633171,1,0,0.21747679723139846
5.007645395761677,2.552949789801136,53.356890072549646,0,1,0.632006711761313
2.927815026242165,2.376686122690757,56.97557775840156,1,1,0.3506370929683813
6.997199889088453,3.65255056943928,23.87106655790771,0,1,0.6799853180221279
2.812447458990361,2.6309592730709195,6.357856890737003,1,0,0.06494153426668765
7.030598190013929,2.812447458990361,35.20670838362147,0,1,0.5896387184730743
3.167206329842028,2.7190369549115903,28.60946727114512,1,0,0.23855592260500236
6.523172029997125,2.5646932385487817,44.99226259043265,0,1,0.6184783178648209
4.616340262294316,3.3941151411578083,56.5345337060133,0,1,0.7290388548057259
3.4803707577108454,2.959982600501933,17.85609373498802,1,0,0.23769073462324997
3.896988720285981,3.0083074341071465,7.084902837738329,1,0,0.24880708929788684
2.927815026242165,2.310987464092303,59.25847472493108,1,1,0.3530491321902365
6.222863281185036,2.328055142224887,11.348217888553426,1,1,0.38052540506528243
3.847210991618664,2.4775686469810494,44.60317528142205,1,1,0.42509569503434536
6.670279108744435,2.328055142224887,19.13377119579888,1,1,0.43705101987310574
4.095100758102533,2.812447458990361,17.272265388976834,1,0,0.3299512348592103
3.491405513828929,2.7281151213064425,10.701787212941264,1,0,0.16160662786429655
5.712801174422101,3.531169853737413,17.674985359597574,0,1,0.5973205390383305
3.4775820822747137,3.227792074828318,18.974864385805738,1,0,0.2923286665617954
3.663094465249524,3.129823442061922,54.84768087900588,0,1,0.511850453568245
3.870318194589618,3.341027728050128,24.508071156429743,1,0,0.41888207225630536
3.7880920667348135,2.7098281629422463,27.67943694752833,1,0,0.3167636725918934
3.675522040198069,3.227792074828318,29.871634051544884,1,0,0.3904881757642494
3.563740482407102,3.1440991268710734,56.93718547523711,0,1,0.5047978606260815
6.558152139065848,6.558152139065848,35.84443042796602,0,1,0.8527083005610613
6.626940811854715,6.626940811854715,16.053197758786908,0,1,0.7226679251219128
6.553597121795402,6.553597121795402,16.398595617692962,0,1,0.7240312516386136
4.3765793285423005,4.3765793285423005,13.725686440574751,0,1,0.5967175292328667
5.943576539487301,4.03601618364673,38.354579686223786,0,1,0.8195689790781815
6.777124856804496,5.723258647828385,26.12771526397467,0,1,0.7887892611818992
7.03289369046997,5.586710623781935,36.288463424246125,0,1,0.8626186356247706
3.793232656621063,3.416024371008844,8.715861625530954,1,0,0.3130145246709664
3.811735916457492,3.341027728050128,50.16389592557807,0,1,0.5672224844003986
3.853454943583697,3.3909231145907435,50.787971472244095,0,1,0.5917885795186408
3.660999537028744,3.3340711378185097,11.515893134889405,1,0,0.28802894447066224
5.456484110129104,3.6265130803919567,21.71516080869001,0,1,0.6409207697551257
2.934379186349166,2.4775686469810494,48.47297322641529,1,1,0.33060668029993184
4.073440484385223,3.483147334733948,32.27811967651921,0,0,0.5494730218656599
4.262768095897399,4.136338852429229,27.588614998465097,0,1,0.656834985055844
4.44667972391358,3.732404785461451,12.509156886858335,0,0,0.5322741335011273
3.9552106583376463,3.2639145138074874,8.051117782202086,1,0,0.3160557915159142
3.0255282039758984,2.376686122690757,5.52502724921892,1,0,0.05403492213308164
3.899884652828887,3.0083074341071465,22.43859892757332,1,0,0.34924754863405166
3.510270037434019,2.7281151213064425,15.666577309380846,1,0,0.19731529547480467
3.523412182996712,2.737066316170276,24.68156150632624,1,0,0.2597399192491217
6.883981193864494,3.0477913182705643,51.15863990978965,0,1,0.7159823816265535
6.971193323111593,3.0422977223080734,56.77207913770891,0,1,0.730900319857375
3.9295261134248034,3.134617471968584,34.47506611479556,1,0,0.45883802632268883
6.705302030204693,2.1977518108704936,40.98373863489677,0,1,0.5760316711236957
6.985668253355202,6.203804994010607,40.60035295799821,0,1,0.890566829217136
6.981933810491547,6.343680773312854,8.004543029494231,0,1,0.6772062293534686
4.855229636577741,4.58095070991994,35.27233214602427,0,1,0.8055162288291123
4.569382615017548,3.801709601741076,10.793924796302296,0,1,0.5474542499082377
2.7631923926632385,2.4775686469810494,16.563492840460185,1,0,0.11661685281317184
2.576225082070496,2.376686122690757,22.423442816014497,1,0,0.14461748204079491
2.6616851733501905,2.4071680740438794,13.290655844000034,1,0,0.08741020397462117
2.8357227512597207,2.5163684049435684,49.10286312111207,1,1,0.3338314718682817
4.146246171013484,2.3921085557013555,32.01893866790648,1,0,0.39879922395259815
2.7281151213064425,2.360882850632919,43.84657646597364,1,1,0.2873997168475696
3.244098689420949,2.886950084170784,19.201968547401613,1,0,0.20525929421634945
3.896988720285981,2.310987464092303,36.74474019040191,1,0,0.376828692779613
2.7546016596506684,2.4775686469810494,19.82370951248761,1,0,0.13782706727492003
3.932278805840413,2.275422759353225,7.467017745614983,1,0,0.19149493996119762
3.65255056943928,3.523412182996712,12.19841918977106,1,0,0.34161816370405323
3.952555052867688,3.7863693200687583,26.73209753806612,0,1,0.555476902102669
4.157935993718953,3.832935306809513,53.452950343525806,0,1,0.7610245923129358
2.6203805198221444,2.310987464092303,34.563448290778,1,0,0.2220649153164491
3.8361353134762046,3.608546988373597,5.138501917085487,1,0,0.35383566671910227
3.689722305782301,3.231907844639704,42.43654444835156,1,0,0.47711184521000477
3.939109180170508,2.376686122690757,11.273095921288244,1,0,0.2205180640763463
3.793232656621063,3.014099328839894,40.65804767080106,1,0,0.44287137538671284
2.771669337783252,2.4071680740438794,14.816992995687832,1,0,0.10148917204131928
3.158063317203643,2.7458940423349705,56.73006887641291,1,1,0.3947878978553825
2.953677130778406,2.780035469986358,51.95956211797836,1,1,0.3720308321535315
3.240060821137259,2.8432968041538027,47.49421285848201,1,1,0.38225578102878716
3.286910999712168,2.9144812106243463,50.22436484022808,1,1,0.4146085679828011
3.286910999712168,2.804497046191284,37.83084798662716,1,0,0.3228986419170468
3.301795391497299,2.8727272766285696,19.441997767047127,1,0,0.21207592679985318
3.3234923845697346,2.9965639853595007,33.05608978017536,1,0,0.3211944837711709
3.2678051032963715,2.900863675618084,24.77917828624096,1,0,0.24681453515809346
3.2560616545487258,2.8280579889898227,25.01416670774542,1,0,0.2371925960883016
3.3163414721869344,2.820300318249122,54.57469258444256,1,1,0.4158145875937287
3.2678051032963715,2.900863675618084,25.98208785610064,1,0,0.25504692989355565
3.167206329842028,2.737066316170276,39.394992205343634,1,0,0.312516386136018
3.202525635805094,2.8727272766285696,56.26413123778965,1,1,0.4117770436788842
3.279336946818085,2.87987818901137,57.26369091876922,1,1,0.42488595249331446
3.248111241749649,2.893944689311386,38.167618219332056,1,0,0.33102616538199364
3.231907844639704,2.7458940423349705,54.174703267384025,1,1,0.3958890461957947
3.248111241749649,2.8727272766285696,41.84116973812474,1,0,0.35268208274343243
3.206806588221604,2.820300318249122,13.268321793369012,1,0,0.15384615384615383
3.2560616545487258,2.7546016596506684,53.3487174452636,1,1,0.39803890724136126
3.206806588221604,2.8507822696022447,12.108862581808264,1,0,0.14965130302553614
3.275516039946724,2.8357227512597207,37.90784861036381,1,0,0.32533689895653084
3.240060821137259,2.804497046191284,20.12032394001565,1,0,0.20048765140789682
3.248111241749649,2.8357227512597207,28.147520250421447,1,0,0.25745896911541083
3.248111241749649,2.8280579889898227,59.06657464534695,1,1,0.41864611189764567
3.202525635805094,2.8357227512597207,13.919083217089062,1,0,0.15945676681873
3.202525635805094,2.8507822696022447,33.39855413713829,1,0,0.2894971422578785
3.327038100010129,2.771669337783252,55.72016810375472,1,1,0.41471343925331655
4.471993758080635,3.1626511504699546,45.27550451658053,0,1,0.6230926537675004
2.959982600501933,2.490764990790801,16.024935921664763,1,0,0.12251586177966546
3.0693059491819144,2.953677130778406,42.86285887693988,1,0,0.354255151801164
3.058639035591379,2.886950084170784,29.15086193726434,1,0,0.2520318808662367
2.691003276410218,2.310987464092303,48.12958578453063,1,1,0.3098159509202454
3.211059095561552,2.966226552466967,48.59737524660266,1,1,0.40414765874888575
6.857241594065772,2.651606224890581,41.02833003319041,0,1,0.6054218446856484
3.260000128516328,3.0255282039758984,20.08091174327606,1,0,0.23436107178438467
3.244098689420949,3.0693059491819144,11.433087493031808,1,0,0.18268575323790048
6.17925778799824,5.75188596022408,16.55169327442281,0,1,0.7187352524775837
6.938597981102041,5.125779638444628,54.97131460212351,0,1,0.9560589376540296
2.907708660652802,2.376686122690757,44.63472000454927,1,1,0.3010329820145771
3.1002797353334985,2.6309592730709195,10.295083251797744,1,0,0.10285249855802003
3.4968523552163906,3.4859119178664386,36.27869006307744,1,0,0.46971842063866603
5.644491225987129,4.532831084387392,46.62414906296007,0,1,0.9007131246395049
6.658747611532667,2.886950084170784,43.14568530663336,0,1,0.6429133238949191
2.5875528114141124,2.237764839338547,51.17903872586199,1,1,0.31904462272560435
3.11027993879147,2.1093355942427707,40.024991405213264,1,0,0.2744743327565413
6.814609134308797,2.275422759353225,42.29167935259447,0,1,0.5907660846311154
3.058639035591379,2.978534624100815,31.04561931547464,1,0,0.27759425305437574
2.8581811959389336,2.5646932385487817,30.12348056162256,1,0,0.21448796602170836
4.126275752026376,3.6265130803919567,32.41754027692666,0,0,0.594960935451733
4.56326304648037,3.941821048634837,49.09309561968029,0,1,0.8157149598867389
6.267271587961723,3.726749373109132,17.680097322278836,0,1,0.6435163337003827
6.230481965285265,4.278951006123751,50.456138271728456,0,1,0.9155524094174402
5.235942949134982,2.737066316170276,33.88620578801427,0,1,0.5470347648261759
5.182352831102216,2.934379186349166,24.474542701365653,0,1,0.507891563106287
4.394170287925402,2.6716078527332074,18.51453849760398,1,0,0.36683970426301715
6.943960862275286,3.523412182996712,48.69800472258253,0,1,0.8111530596193174
6.148587703480757,3.305463023311049,19.978553882149395,0,1,0.5579675947774108
3.650420783779969,3.4490059070825607,24.091331039000966,1,0,0.39906140212888674
3.491405513828929,2.812447458990361,58.89475501633268,1,1,0.44856064181217553
3.1534423585006115,2.681379034896912,7.276035988002342,1,0,0.09590477688637199
3.7949370517695327,2.376686122690757,29.80808115266504,1,0,0.30719416915735936
4.37863390494566,3.844066022145109,43.91512007893257,0,1,0.7484400398510829
2.7458940423349705,2.421881365707687,52.86462522860979,1,1,0.33564050128467304
3.667263861103088,2.1093355942427707,12.008595697767246,1,0,0.15948298463635888
4.186259199481539,2.310987464092303,57.84366758317528,0,1,0.5370457763095801
4.500879527057925,2.528795979892114,49.093331522165286,0,1,0.567510880394316
3.594733502506606,2.886950084170784,23.50562908792241,1,0,0.27887892611818993
6.751355302155669,2.900863675618084,31.47289747564277,0,1,0.5676157516648314
4.352821142061837,3.889691035743382,39.75880830950376,0,1,0.7243196476325311
3.953884232992384,2.17676632426378,57.182686504159264,1,1,0.4865764773740234
3.9404665507747554,2.155069331191344,58.11151001269083,1,1,0.4853966755807247
5.017800309324905,3.1440991268710734,31.47864078233871,0,1,0.5820617691783335
2.796446625578894,2.3446794535229736,29.717746096526074,1,0,0.19571600859944419
2.9724101754504786,2.436263993453005,28.969734640689897,1,0,0.2035289182528446
3.713355760241321,2.812447458990361,45.325256873900905,1,1,0.42999842693094226
2.953677130778406,2.7098281629422463,50.83730349323683,1,1,0.36233023963085315
3.139375858200595,3.03675656215248,38.54243950028957,1,0,0.34541974726023805
3.660999537028744,2.8432968041538027,25.35337416235664,1,0,0.2957107650359184
4.98206287087134,3.1487877925300003,22.26508465888317,0,1,0.5230454616957684
6.906495606917497,2.328055142224887,16.766353881803703,1,1,0.42619684337475744
6.909123893398121,3.615343512423172,42.61447710964436,0,1,0.7932200723611768
3.3647970380977803,3.0198392776288605,57.30790263454304,1,1,0.45925751140475063
3.4312269860540323,3.058639035591379,7.89286159061796,1,0,0.18386555503119925
2.8432968041538027,2.7004849313127086,52.45973887452761,1,1,0.35957736877982277
4.193605047702138,3.361454993949843,37.26340064925578,0,0,0.5714435530386451
5.061603032821278,4.328886341479959,34.32256380877102,0,1,0.7991190813276704
6.883599161320691,4.163701798482067,9.580282924392373,0,1,0.6506737979130618
6.00707637101952,4.208940524190863,29.27664867733404,0,1,0.7727177389754077
5.345332909665688,4.129311330839824,49.94535775252852,0,1,0.8936343138797126
3.4634534731872257,2.771669337783252,26.38847452457313,1,0,0.26708090818520264
3.129823442061922,3.0477913182705643,49.08334873066802,1,1,0.4138220334539353
3.014099328839894,2.5163684049435684,15.934771858941026,1,0,0.126736930417912
4.078924665329287,3.3941151411578083,45.85848802076219,0,1,0.6133396256095643
4.631717776719832,4.3682944232033964,32.49314933558102,0,1,0.7508258612553091
6.936339642321516,2.804497046191284,58.601855095873255,0,1,0.7000943841434638
4.427964940173102,2.8357227512597207,27.46548237728429,1,0,0.44790519637145404
4.6600868246849805,4.116051892437427,45.2219500240356,0,1,0.8216401866708615
6.4441883923183045,2.8432968041538027,14.47819288752391,1,1,0.44669917676052645
6.876434907405074,3.0745734686292843,20.992552848347795,0,1,0.532536311677416
5.640790971072138,1.8844409466665213,11.523570976775115,1,1,0.36815059514446014
2.691003276410218,2.4071680740438794,20.581315577247217,1,0,0.13688322584028106
3.1002797353334985,2.3921085557013555,12.01042786044468,1,0,0.09897226154894867
4.500879527057925,2.528795979892114,52.71501961244096,0,1,0.5785223637984375
5.544888045162907,2.4071680740438794,47.84419936351818,0,1,0.6148078233967805
2.886950084170784,2.450330493753021,58.4105449386452,1,1,0.35637879502910175
3.240060821137259,2.812447458990361,42.4823922844941,1,0,0.3486969744638457
3.1201262868487367,3.058639035591379,26.82367640310635,1,0,0.2701221750301505
2.8727272766285696,2.5875528114141124,34.65221808777275,1,0,0.24757485186933037
3.244098689420949,2.681379034896912,11.637726125736911,1,0,0.13153479104399352
2.436263993453005,2.0600805279156487,40.47619252287208,1,0,0.25053746526139165
2.966226552466967,2.2568707357543434,57.30243293835513,1,1,0.34880184573436107
6.810032346669864,2.6716078527332074,21.76753696970273,1,1,0.4804152902312411
6.781862228981492,2.771669337783252,22.66855654722998,1,1,0.4960411095380421
2.984601020231723,2.5646932385487817,34.40670974165142,1,0,0.24954118819149496
3.0693059491819144,2.360882850632919,10.702016039053031,1,0,0.0855225211053432
5.619015225730861,3.206806588221604,48.73919294442014,0,1,0.7218027371401604
2.7458940423349705,2.6203805198221444,44.171008424529305,1,1,0.30784961459808086
2.8654955612660524,2.6716078527332074,27.1486524370282,1,0,0.2046562844108856
2.9144812106243463,2.7004849313127086,57.95685580055655,1,1,0.3768024749619842
4.390153538338689,3.862708116815844,28.15577710335972,0,1,0.6487598972261548
4.420323058335074,3.709476960489838,25.713204065105863,0,0,0.610953804205338
4.53818228613119,4.018253711466141,7.905887708130771,0,1,0.5526191599811232
4.559150582530949,3.912756595092629,29.00067388439048,0,1,0.6808505060038802
4.408686374121833,3.6996758501070905,49.91722501296157,0,1,0.7628336217293272
4.603958923772872,3.991276537730371,31.76528009073613,0,1,0.7129148969639768
4.6413145291858005,3.826486889536718,40.10847396574888,0,1,0.753867128100257
4.632178042831003,3.679611510981282,18.014274907207636,0,1,0.57915159142153
3.358095406182711,3.0255282039758984,7.221070600324611,1,0,0.16498872633841957
4.854904845908502,3.6309268909897554,5.380774817469121,0,1,0.5154947302186567
6.353754268375573,3.805069189508208,8.85772131452267,0,1,0.6003880237009072
7.172843584536601,3.54891356446692,20.89525510854544,0,1,0.6429657595301768
4.750701600671629,4.015847693594841,18.29926672228694,0,1,0.6461381154632688
5.410176677330213,3.7829098521859374,33.62854956990289,0,1,0.7504588118085049
5.235584606460447,3.75453955643731,53.05721023480895,0,1,0.8522363798437418
4.162744431063453,3.701648116691032,23.43409998933728,0,0,0.5578365056892663
6.387516728894024,4.264404925434114,25.799053581236,0,1,0.7590058203555136
3.319926915738084,3.1487877925300003,42.26133169555344,1,0,0.41143621204970904
3.327038100010129,3.139375858200595,36.74817831067642,1,0,0.37439043574012904
5.171550058127679,4.336964475118197,15.541972785869122,0,1,0.6798017932987258
6.876848825412,4.243637366811118,56.558152013726776,0,1,0.9348749410099103
3.354718089638171,2.788293649081339,41.5326341231858,1,0,0.3556184783178648
3.83132928338204,2.6309592730709195,11.989089408428107,1,0,0.2168737874259347
7.030272689040581,3.1152220482915727,21.808826419959487,0,1,0.5492370615070001
7.035998974793714,2.907708660652802,14.624101658025584,1,1,0.46751612395784176
6.994680696699768,2.4775686469810494,5.910110939157135,1,1,0.36841277332074873
4.429861237856723,2.328055142224887,25.892815394736875,1,0,0.3973834618006397
3.5993712039598966,2.7098281629422463,35.966942313359965,1,0,0.34085784699281635
6.895203384382698,2.033954451422685,21.28155685927216,1,1,0.448481988359289
6.956992180111662,5.42634255468765,52.93363223577412,0,1,0.95259818572702
5.966061560414316,2.8654955612660524,10.422594879929358,1,1,0.4171779141104294
6.902532827750456,2.1326108865121305,24.282305364482525,1,1,0.4696135493681506
5.09169650018188,1.7331521287054146,24.78127842175707,1,1,0.4431859891982592
3.1982158552090336,2.900863675618084,37.43003561010852,1,0,0.32274133501127367
3.358095406182711,2.966226552466967,16.179819949146278,1,0,0.21291489696397672
3.3340711378185097,2.953677130778406,48.85179794715439,1,1,0.41998322059671755
5.887603540313497,5.837136043298444,10.362718321757256,0,1,0.6754234177547062
3.129823442061922,3.0693059491819144,43.67541667794743,1,0,0.3849824340621886
3.0745734686292843,2.681379034896912,39.60616041230934,1,0,0.29980074458602063
3.3340711378185097,2.8507822696022447,44.082112721453406,1,1,0.37690734623249966
3.3779933819075314,2.8727272766285696,6.357387370696184,1,0,0.1396360966913114
6.776237726352587,2.7631923926632385,23.35762453577324,1,1,0.49952807928268045
3.167206329842028,2.6309592730709195,16.90618381004634,1,0,0.15400346075192703
6.953453293010632,3.1002797353334985,55.281802715101534,0,1,0.7374547742645903
6.663577677324621,3.4490059070825607,55.745378997092985,0,1,0.8049656546589062
3.079797987438347,2.0600805279156487,5.606036158635773,1,0,0.04905353678359813
3.1440991268710734,2.490764990790801,27.73320155426284,1,0,0.21233810497614178
3.095220420448946,2.237764839338547,18.88017363557996,1,0,0.1369094436579099
6.967971599550847,3.124993230455277,38.80923178572522,0,1,0.6600073409889361
4.482543447502515,2.360882850632919,9.716198984644445,1,0,0.29686434901158826
6.360279863849827,2.4071680740438794,46.713600421215205,0,1,0.6159614073724503
4.294734790049554,2.552949789801136,49.928888297516686,0,1,0.5470872004614336
2.796446625578894,2.328055142224887,41.15174580498255,1,0,0.270961145194274
6.922105819604751,3.3909231145907435,38.68039693008542,0,1,0.7082481254260395
2.691003276410218,2.360882850632919,23.83904232826269,1,0,0.1553930050862566
6.878226621901155,2.651606224890581,8.871031080444473,1,1,0.39478789785538254
3.4775820822747137,2.5646932385487817,33.661855104683795,1,0,0.2969692202821037
6.399259638945844,2.5875528114141124,33.06248645315442,0,1,0.5407687064128782
4.691039800986568,3.65255056943928,26.89603543771968,0,1,0.6389282156153322
3.768881893333044,2.927815026242165,23.49243114030837,1,0,0.31251638613601807
3.988766730592335,3.2520987935900565,53.05869481524561,0,1,0.5997587960778145
2.900863675618084,2.2934521206119105,37.3533262021664,1,0,0.24948875255623723
6.576054778324939,2.436263993453005,29.271269440211004,0,1,0.5065282365895863
3.1440991268710734,2.3921085557013555,9.114122653120742,1,0,0.08476220439410624
5.868558424766479,2.503694723474013,58.35984706916448,0,1,0.6595092024539877
3.425189205424682,2.9144812106243463,8.906876497398246,1,0,0.1661685281317183
3.2520987935900565,2.8727272766285696,47.45013732920908,1,1,0.38652928530229147
3.7949370517695327,3.469142399534263,38.99765769400696,0,0,0.5277908866865921
5.835032162376871,5.835032162376871,6.6069047782077615,0,1,0.6529809658644015
6.059619740685869,6.059619740685869,48.37083299412303,0,1,0.9253840910282628
5.683574734785597,5.683574734785597,43.98943102023018,0,1,0.8943946305909497
5.111363160674557,5.111363160674557,7.228439676973834,0,1,0.6416810864663626
6.885343737224726,3.4775820822747137,14.847843332027256,0,1,0.5770017303759635
6.954064843720314,6.078622354632753,28.050086468920483,0,1,0.8058046248230296
6.994221594440165,4.874421479411446,31.240394734699137,0,1,0.823632740810655
4.064566858697433,3.3909231145907435,6.628981531572987,1,0,0.3551465576005453
5.550829294637177,3.425189205424682,26.78254442321169,0,1,0.6234334853966756
4.095100758102533,3.443134306265894,52.7123372465369,0,1,0.6627864296575953
5.238088801941582,3.387715087823675,52.203032798825696,0,1,0.7616800377536573
6.890495106884507,3.5022532311497443,12.249191970961778,0,1,0.5652037124429763
4.081105246655121,3.7949370517695327,16.35206494371974,0,1,0.5147868491426774
4.086524415358545,3.800023171252753,8.608769821555887,1,1,0.4661265796235121
4.286891554633865,2.737066316170276,11.965450068372338,1,0,0.31558387079859473
4.855229636577741,2.7004849313127086,52.55523968445113,0,1,0.6334224739132714
3.811735916457492,2.691003276410218,45.96386284708094,1,1,0.4396990194536207
4.293954777765312,3.793232656621063,49.1877018443318,0,1,0.7623617010120078
7.104288542432762,2.8507822696022447,48.25232090010771,0,1,0.6791201300403754
4.084362251139903,2.7004849313127086,56.77298352983984,0,1,0.5429972209113313
6.996056030765337,2.6716078527332074,30.49898402367188,0,1,0.5410046667715379
6.4495890403735086,3.105299368908555,50.222535315993404,0,1,0.7187352524775837
4.419682096839337,2.7631923926632385,14.909553169019272,1,0,0.35677206229353464
3.6016775127620075,2.7546016596506684,58.271107794421205,1,1,0.454485868596298
3.3127358288472504,2.7546016596506684,49.61503063541265,1,1,0.39557443238424833
4.422880504295639,2.6716078527332074,30.76086972493599,1,0,0.4502910177756803
6.183754485086463,2.8654955612660524,50.6548445613075,0,1,0.6778878926118189
6.985086181138129,2.503694723474013,51.92244498835261,0,1,0.6573069057731634
6.994336400883984,2.503694723474013,15.87445827877114,1,1,0.4327775155996015
6.59325543261148,2.528795979892114,20.54112623845357,1,1,0.45760578889413245
7.028316199006185,2.5163684049435684,7.853854817621382,1,1,0.38254417702270466
3.4312269860540323,3.0745734686292843,49.70266732958312,1,1,0.45912642231660633
3.587713322429438,2.804497046191284,17.853060457814223,1,0,0.23042839914005556
7.02295969590409,2.934379186349166,33.49527690245018,0,1,0.5937286980231765
3.6265130803919567,2.7631923926632385,29.63192801043957,1,0,0.30732525824550366
3.6016775127620075,2.8280579889898227,39.01312037538198,1,0,0.3736563368465209
6.057638468304088,2.5646932385487817,13.62470303467843,1,1,0.40844738084001886
5.920395659823842,2.6203805198221444,26.87293738256565,1,1,0.49929211892402076
3.0024626446266525,2.4775686469810494,36.95219623962288,1,0,0.2617324733889151
4.105662053869821,3.65255056943928,14.401128754605486,1,0,0.47839651827381885
4.062329094179847,3.167206329842028,36.66975749356573,0,0,0.5078653452886581
4.8010460530453845,3.585356045363009,33.32920728960798,0,1,0.6801950605631587
4.056700210050037,3.54891356446692,41.49442881984218,0,0,0.6255046929893556
3.967026378555077,2.237764839338547,19.20617137227263,1,0,0.2741335011273662
4.449134185215304,3.2520987935900565,58.668829468347845,0,1,0.6863038120706833
3.341027728050128,2.576225082070496,37.73056243416006,1,0,0.30753500078653456
3.543893930891864,2.5875528114141124,38.33400159134367,1,0,0.337737926694982
6.757235025097296,3.428215215790088,57.80630795019758,0,1,0.8066173771695245
6.946563701094086,4.347818324851207,48.39769940540704,0,1,0.9185412406271302
3.949888382342986,2.934379186349166,37.45286803687639,1,0,0.44892769125897963
6.692368985376865,3.5155593237379508,52.27457086031411,0,1,0.8164228409627183
6.9638914072233264,5.717376253476034,32.51186059896787,0,1,0.8341985213150857
6.9646133339416,5.719062461802266,37.12080642623689,0,1,0.8655025955639454
4.703507727752534,3.663094465249524,30.006394178581427,0,1,0.6621047663992449
4.133336501340666,3.531169853737413,5.214563610020908,1,0,0.4007393424571339
2.691003276410218,2.490764990790801,33.04499917296044,1,0,0.22258927166902628
2.609623964099661,2.3921085557013555,29.69227877108612,1,0,0.1927533952073829
2.6309592730709195,2.436263993453005,24.27687713578736,1,0,0.1607938755178019
3.1201262868487367,2.5163684049435684,12.34485166622142,1,0,0.11082271511719366
2.7458940423349705,2.376686122690757,47.66319365789212,1,1,0.3118871585129254
2.436263993453005,2.1977518108704936,46.84241538582308,1,1,0.292407320014682
3.1201262868487367,3.0024626446266525,36.45849638056454,1,0,0.3236851764459126
2.576225082070496,2.360882850632919,17.54369686556609,1,0,0.11137328928739972
2.771669337783252,2.5163684049435684,12.177311685716932,1,0,0.09045147081956899
4.226524047744302,3.440178180917866,11.469999376562331,1,0,0.4264065859157884
3.803391600081089,3.469142399534263,21.979752398859056,1,0,0.4181479733626973
3.9113390972817146,3.6198347589247057,15.972514271683783,1,0,0.44140317759949665
4.0395102778578655,3.87783884517235,8.557231927890175,1,1,0.46777830213413035
2.609623964099661,2.328055142224887,57.88892153786363,1,1,0.3400713124639505
3.932278805840413,3.2906646761617027,29.756110160823887,1,0,0.45629489801268946
3.922592134438749,1.77445678223346,40.25529899099275,1,0,0.3961774421897122
2.8432968041538027,2.085181784333749,19.85909662854153,1,0,0.12618635624770594
4.672302601131391,4.421603058761741,40.9907161903991,0,1,0.8154003460751925
3.8823091776663983,3.1762205633663405,14.908014241759856,1,0,0.32793246290178807
2.7458940423349705,2.376686122690757,36.102553791817655,1,0,0.23905406113995073
3.1851095951491675,2.651606224890581,11.486198780531526,1,0,0.12167689161554192
3.211059095561552,2.737066316170276,42.04711634409716,1,0,0.3349064023910649
3.491405513828929,3.0745734686292843,43.23055634933476,1,0,0.42669498190970584
3.298106620478579,3.014099328839894,56.97883369890145,1,1,0.44635834513135125
3.3234923845697346,3.014099328839894,40.36853157258713,1,0,0.37323685176445914
3.354718089638171,3.0198392776288605,57.63587661000184,1,1,0.4585234125111426
3.305463023311049,3.0083074341071465,57.950023303517526,1,1,0.44882281998846424
3.387715087823675,3.0255282039758984,19.89829964809661,1,0,0.2509831681610823
3.3091097568244168,2.984601020231723,59.76659199524956,1,1,0.4495831366997011
3.3091097568244168,2.99061045405562,29.03995766428943,1,0,0.2915159142153007
3.358095406182711,3.03675656215248,21.221725077091453,1,0,0.2585338996381941
3.337558884869751,2.99061045405562,17.116518240397042,1,0,0.21912851974201666
3.286910999712168,3.0198392776288605,29.403607558684044,1,0,0.29668082428818626
3.260000128516328,3.0083074341071465,53.05196972187496,1,1,0.43054900110114835
3.2639145138074874,3.0198392776288605,9.707244727647332,1,0,0.16433328089769808
3.279336946818085,3.0198392776288605,40.98246391654971,1,0,0.3720832677887893
3.330564279729149,3.053238159658026,5.174405474199958,1,0,0.15513082690996802
3.3163414721869344,2.984601020231723,56.05944410925503,1,1,0.4412196528760946
3.3234923845697346,3.014099328839894,44.657703151043904,1,1,0.4015520948036286
3.305463023311049,3.031167006972477,10.048548661834918,1,0,0.1740338734203765
3.3163414721869344,2.966226552466967,17.743074330030414,1,0,0.21674269833779036
3.37142922180053,3.0639947153805096,49.57123416698391,1,1,0.44866551308269104
3.279336946818085,3.0083074341071465,30.80661917778673,1,0,0.3013475958261234
3.301795391497299,3.0255282039758984,15.253054397887976,1,0,0.20769755125583345
3.3163414721869344,2.99061045405562,59.70426537898557,1,1,0.451103770122175
3.361454993949843,2.953677130778406,14.368476433285494,1,0,0.199701116879031
3.3909231145907435,2.691003276410218,28.357594743832227,1,0,0.2623354831943789
4.587397877962524,3.134617471968584,20.47955693825788,1,1,0.4697446384562949
3.2520987935900565,2.155069331191344,13.45891405593845,1,0,0.11478160557915158
3.11027993879147,2.966226552466967,5.041108869119591,1,0,0.11504378375544021
3.090120791873473,2.966226552466967,55.38576272878135,1,1,0.4135336374600178
2.6716078527332074,2.1977518108704936,15.221338967749205,1,0,0.09173614388338314
3.347909514786936,2.7281151213064425,44.21611204062025,1,1,0.3650568926642546
6.822165123942625,2.691003276410218,22.57963406549744,1,1,0.4877038435320644
3.3127358288472504,3.1201262868487367,57.60612047153046,1,1,0.4704525195322741
3.298106620478579,3.158063317203643,30.18032192002684,1,0,0.3293744428713754
3.1201262868487367,2.5409868246733582,29.89103274319766,1,0,0.2273609144774789
2.99061045405562,2.7458940423349705,13.63471426206338,1,0,0.1300665932567773
3.124993230455277,2.7546016596506684,34.55863488169809,1,0,0.2791411042944785
2.966226552466967,2.737066316170276,29.44939208026674,1,0,0.23084788422211736
3.368121720899127,2.771669337783252,42.42392596108858,1,0,0.36191075454879135
3.105299368908555,2.796446625578894,55.02610851193344,1,1,0.3911960568402286
3.654673291119917,3.0422977223080734,35.66639226864365,1,0,0.39326726443290855
2.3446794535229736,2.085181784333749,34.781040361041924,1,0,0.21304598605212102
3.4312269860540323,2.7458940423349705,12.524235383697189,1,0,0.16957684442347018
3.327038100010129,2.450330493753021,30.92114680848385,1,0,0.2506947721671648
2.8581811959389336,2.8432968041538027,37.24113636612585,1,0,0.2908342509569503
3.1487877925300003,2.6309592730709195,49.25511890013691,1,1,0.36272350689528604
3.189508237893336,2.5646932385487817,26.909398616434547,1,0,0.21627077762047087
3.286910999712168,3.244098689420949,49.17978540986533,1,1,0.466519846887945
2.8507822696022447,2.609623964099661,26.349408039129685,1,0,0.19367101882439308
3.42214881965918,2.691003276410218,55.305259335373485,1,1,0.4172827853809449
3.37142922180053,2.490764990790801,40.6654353190718,1,0,0.3250485029626134
2.3921085557013555,2.085181784333749,27.32532208167241,1,0,0.16378270672749198
3.354718089638171,2.1326108865121305,8.71007244994323,1,0,0.09789733102616538
3.206806588221604,2.7190369549115903,47.48830740976391,1,1,0.3644014472235331
2.6616851733501905,1.917268655074554,14.403057886456391,1,0,0.0827958680719417
3.387715087823675,3.0255282039758984,41.11790977974943,1,0,0.3903046510408474
3.0477913182705643,2.886950084170784,31.706959486294902,1,0,0.2678674427140684
2.7281151213064425,2.275422759353225,55.57165580490725,1,1,0.33419852131508576
3.842487722948185,2.812447458990361,29.65939230697593,1,0,0.3545697656127104
2.8432968041538027,2.085181784333749,26.635399191795265,1,0,0.1704944680404803
3.428215215790088,2.7281151213064425,20.78688561091592,1,0,0.22206491531644904
5.1003889548904615,4.263587033948999,52.36202473607084,0,1,0.9010277384510514
4.123225706539648,2.651606224890581,42.27574077626539,1,0,0.4825389334591788
3.930903939575908,3.608546988373597,23.95024333422682,1,0,0.49651303025536153
3.9363857718056185,3.615343512423172,19.87879804476143,1,0,0.4717634104137171
2.421881365707687,1.9484943601429907,53.68120797491113,1,1,0.3177337318441613
5.403318489114353,3.784641923608493,30.520544265481647,0,1,0.7285931519060354
4.442361635243761,3.813391803539061,53.08052810926434,0,1,0.7974411409994232
5.585674354125484,3.772417813929504,33.25671276460051,0,1,0.7477059409574748
3.4995584903264847,2.598683526749708,51.60486178629066,1,1,0.40981070735671965
3.5464086689013925,2.8357227512597207,27.191126258085003,1,0,0.2901788055162288
4.553972560758051,3.0083074341071465,45.74193754365294,0,1,0.6056578050443081
3.526008535441905,1.3308425866750953,34.14271139025758,1,0,0.2678674427140685
5.231990101083576,3.3972913263367714,33.66291893440339,0,1,0.6559697970740915
3.079797987438347,2.651606224890581,28.031961587813434,1,0,0.2207802422526349
2.87987818901137,2.651606224890581,52.3722272345258,1,1,0.35588065649415346
3.014099328839894,2.7098281629422463,29.8473843857913,1,0,0.2334696659850034
4.81156107598917,4.1472285196330585,42.82258674843496,0,1,0.8263069582087987
4.877564904198301,4.237699617129046,40.256600429668005,0,1,0.8212469194064287
2.87987818901137,2.7458940423349705,28.02347413109141,1,0,0.21823711394263542
4.127289212253989,3.494134729052262,59.62838436707387,0,1,0.699124324891196
4.476703990933165,3.656788995525996,17.860471027430844,0,0,0.5542708824917414
3.810075733944182,3.5464086689013925,57.711745477666085,0,1,0.6396623145089403
3.92814531461519,3.510270037434019,5.8312457637579085,1,0,0.3564836662996172
7.271008479582799,5.451131629708099,59.79379087341064,0,1,0.9742541030884588
7.050883119311632,3.4775820822747137,32.69993931196541,0,1,0.6988097110796497
4.148209362736916,3.3844908996445024,6.147164056410107,1,0,0.3660793875517802
6.679732472547085,6.571625848155812,20.294001353264875,0,1,0.7516386136018038
2.953677130778406,2.5163684049435684,20.61064775617864,1,0,0.15497352000419484
3.92814531461519,3.409840748025332,42.09078037306854,0,0,0.5647055739080279
4.052161183931962,3.7671065801281,6.930539445133595,1,1,0.44399874154475377
4.51650366828665,3.8911572448611778,20.94216086785976,0,1,0.621860416338944
3.969622731000271,3.3909231145907435,49.03817249173635,0,1,0.6106129725761628
3.58299005375896,2.237764839338547,38.37982295113375,1,0,0.32274133501127367
3.9253747475178553,2.5875528114141124,50.51038110095962,1,1,0.4838760421582508
3.805069189508208,3.283135177550767,20.1596521504896,1,0,0.36170101200776045
4.595731967388516,4.595731967388516,34.51121700805514,0,1,0.7715641549997377
3.864237388750168,3.805069189508208,29.210164167303702,0,1,0.5533532588747313
4.119136235756434,3.428215215790088,44.53200984332452,0,1,0.6240364952021394
3.0639947153805096,2.6203805198221444,15.845096554600268,1,0,0.1365948298463636
4.229120400189496,3.728640068723488,17.552500858069997,0,0,0.5351056578050443
4.078924665329287,3.9113390972817146,25.448794434374324,0,1,0.590058203555136
3.6265130803919567,3.279336946818085,34.55169393056764,1,0,0.42354884379424257
4.028970240921374,3.578231667526948,13.60181119406547,1,0,0.4429762466572283
4.003680026722155,3.556369959487704,28.87130256526841,0,0,0.532352786954014
4.087602764392093,3.387715087823675,6.979023558116861,1,0,0.3613077447433275
5.208120438385667,3.2906646761617027,35.50843979422325,0,1,0.6456399769283205
4.097227005905399,3.6287237907075327,43.89398614643247,0,1,0.6663782706727492
3.858098252947647,3.5464086689013925,18.903551160599203,1,0,0.433616485763725
4.0049072562448895,3.65255056943928,57.0998279068496,0,1,0.7065701850977925
4.176956710125306,3.67346746379471,32.379671547147304,0,0,0.6114781605579153
6.86389122502385,3.425189205424682,8.326366454586834,0,1,0.518614650516491
2.886950084170784,2.464094465094437,12.923314798592768,1,0,0.09658644014472235
3.0422977223080734,2.6203805198221444,34.35927362476428,1,0,0.25706570185097793
3.622068618086158,3.622068618086158,5.537559365160848,1,0,0.3182580881967385
3.922592134438749,3.922592134438749,14.714471745359024,1,1,0.4880971107964973
4.559150582530949,4.559150582530949,23.557398404788334,0,1,0.694064286088826
4.6503224189161285,4.6503224189161285,22.3649924539096,0,1,0.7001468197787216
4.548752303430852,4.548752303430852,17.270804789050963,0,1,0.6502805306486288
4.645834321982145,4.645834321982145,28.57164715812687,0,1,0.7389754076870642
6.647004521921064,2.376686122690757,19.51013641119489,1,1,0.4415604845052698
2.5163684049435684,2.155069331191344,33.5567981749618,1,0,0.20872004614335904
2.8357227512597207,2.237764839338547,57.974592927774886,1,1,0.34353206439096007
6.484134034372468,2.450330493753021,30.95167089577628,0,1,0.5173037596350479
3.286910999712168,3.1487877925300003,56.06176269479848,1,1,0.46764721304598605
2.7098281629422463,2.450330493753021,22.77025952057363,1,0,0.15355775785223638
4.175079875935688,3.9631119932639183,19.465908661453184,0,1,0.5735934140842116
4.429861237856723,4.148209362736916,45.94501173017223,0,1,0.800115358397567
5.27553246015312,4.616340262294316,8.766974505273307,0,1,0.6520371244297625
5.213708366782722,4.667095792751281,49.343450651317866,0,1,0.9148445283414609
5.213893793410124,3.0198392776288605,41.54915770923654,0,1,0.6350217607886319
3.5993712039598966,3.1152220482915727,53.93198737035831,1,1,0.4972995647842273
3.796636919966727,2.8432968041538027,33.9250138618863,1,0,0.375884851344974
6.928372104727829,4.023038780485674,53.61857867526037,0,1,0.9115410833202245
5.0356827299331925,3.9377489246106254,22.26674296243328,0,1,0.685805673535735
3.648283886970039,3.2520987935900565,17.11781873242661,1,0,0.30792826805096746
5.332677345420235,2.7190369549115903,52.65362914689835,0,1,0.6560222327093492
3.368121720899127,2.788293649081339,27.216838144842512,1,0,0.2628336217293273
3.3941151411578083,2.3921085557013555,24.5879043177186,1,0,0.21692622306119239
4.113987374518142,3.6287237907075327,14.715491459126694,1,0,0.47787216192124177
2.7458940423349705,2.360882850632919,18.87631473426499,1,0,0.12411514865502594
3.803391600081089,2.1093355942427707,26.25962182451132,1,0,0.27775155996014894
3.341027728050128,2.360882850632919,26.51274566507995,1,0,0.22022966808242883
4.475529678677095,2.503694723474013,9.966855749591668,1,0,0.3058570604582875
4.6825908333971045,2.7631923926632385,37.98460411570697,0,1,0.5404016569660741
5.8472773451366455,3.5734376376202874,28.75455666485973,0,1,0.6798280111163546
4.414531163602327,4.2204246142398585,33.43233995284509,0,1,0.7215405589638718
3.167206329842028,2.275422759353225,13.228501328241723,1,0,0.10854176498348278
3.158063317203643,2.2568707357543434,11.799677518964431,1,0,0.0967437470504955
4.255350112015857,3.1152220482915727,38.54231177929091,0,0,0.5420271616590635
2.6309592730709195,2.3446794535229736,18.83322498273252,1,0,0.11989408001677941
2.978534624100815,1.6415675887753836,57.70639682171126,1,1,0.34379424256724866
3.635310469770924,2.9408767040861377,17.68912410611204,1,0,0.25452257354097846
2.9724101754504786,2.609623964099661,16.55872689784445,1,0,0.13496932515337423
3.227792074828318,3.11027993879147,6.100249649468051,1,0,0.15696607414398825
3.608546988373597,2.966226552466967,33.806126047953846,1,0,0.3597346756855959
3.594733502506606,3.189508237893336,14.07050322252769,1,0,0.2681296208903571
7.024823157639181,3.556369959487704,48.56679004930164,0,1,0.8200933354307587
7.032006784358995,3.7671065801281,26.932722473196065,0,1,0.7242409941796445
3.286910999712168,3.090120791873473,19.018280192642017,1,0,0.2431178228724241
3.3513228562111674,3.124993230455277,35.60678938000654,1,0,0.3687011693146663
2.804497046191284,2.5409868246733582,57.12884826724496,1,1,0.35601174558229776
3.972208593103954,3.1534423585006115,58.56222886464654,0,1,0.5913428766189502
4.976176541751592,4.525263428646577,47.52493424295172,0,1,0.8884694038068272
6.868379420314954,4.323692110069924,12.928399832200826,0,1,0.6847569608305805
5.880903951720041,4.138332623512076,22.02609611150877,0,1,0.7213570342404698
4.953189889721023,1.1467260603059553,36.17776966558533,1,1,0.49575271354412465
2.927815026242165,2.691003276410218,32.29150956734628,1,0,0.24277699124324892
3.3234923845697346,3.202525635805094,9.84971721020457,1,0,0.20751402653243148
3.167206329842028,2.5409868246733582,54.27149584835575,1,1,0.37142782234806776
3.896988720285981,3.4312269860540323,12.763860723590916,1,0,0.3701955849195113
4.482543447502515,3.6957129891484217,29.068579895713736,0,0,0.6357296418646112
3.330564279729149,2.7546016596506684,12.550043201889489,1,0,0.1580672224844004
4.656110284449774,2.7281151213064425,11.982184089884814,1,1,0.36159614073724505
4.499182663492087,4.184409487211309,47.01046122810716,0,1,0.8153741282575638
6.5434604857213285,2.8280579889898227,31.508151422854528,0,1,0.5556866446436999
6.893995988728406,3.1440991268710734,42.82377638653672,0,1,0.6880341880341881
2.959982600501933,1.77445678223346,27.8393469105506,1,0,0.18155838707985947
2.9144812106243463,2.436263993453005,7.231586735093651,1,0,0.05982905982905983
3.646139831363459,2.641366006428859,16.183538339829745,1,0,0.21066016464789472
3.2639145138074874,1.6415675887753836,51.52727013580503,1,1,0.35239368674951493
3.079797987438347,2.464094465094437,41.02601109072644,1,0,0.2926170625557129
3.105299368908555,2.5163684049435684,37.25112290744185,1,0,0.2739237585863353
3.0693059491819144,2.5875528114141124,36.74843897244644,1,0,0.2725079964343768
3.3163414721869344,3.1534423585006115,9.64598039042677,1,0,0.19584709768758848
2.900863675618084,2.464094465094437,11.997133677774697,1,0,0.09060877772534215
3.400451826586744,2.691003276410218,53.32945494863318,1,1,0.411069162602905
2.7631923926632385,2.006716298194656,40.77542463533637,1,0,0.25984479051963716
6.872697549263003,3.681646488848405,26.547999125500013,0,1,0.6989145823501652
6.986830812029853,2.87987818901137,23.89611526074887,0,1,0.5224948875255623
3.084980201987224,2.5409868246733582,44.638664590397,1,1,0.3221645430234387
2.8507822696022447,2.6203805198221444,56.89728086247573,1,1,0.3629594672539458
5.881753408172275,3.014099328839894,32.703120406190045,0,1,0.5847622043941062
4.132332579566184,2.436263993453005,55.61286562777231,0,1,0.5271878768811283
2.8507822696022447,2.6203805198221444,36.56681230208738,1,0,0.2622830475591212
2.87987818901137,2.651606224890581,18.331261198775127,1,0,0.1457710660164648
4.635848303785909,4.1589005756649176,6.081342995586748,0,1,0.5673011378532851
4.4784614291084335,4.091898082528404,56.35065950806547,0,1,0.8393372135703424
4.566839902098012,4.196338147941147,29.14865806309338,0,1,0.7088511352315033
4.568366741788382,4.181624856277341,55.62774458896991,0,1,0.8556709139531226
4.4177553517815,4.102511924458347,6.625295545773484,0,1,0.5391694195375177
4.470810763289093,4.195428410758826,31.506608190530063,0,1,0.7119186198940799
4.547703122868014,4.08327842361585,16.787882356753325,0,1,0.6172985160715222
4.509297009202888,4.003680026722155,36.61419384067582,0,1,0.7362749724712915
3.319926915738084,3.058639035591379,32.842953603192065,1,0,0.33128834355828224
4.891829060529409,4.002450439408303,52.3856004650814,0,1,0.8689109118556971
6.567837008562537,3.815043417358895,5.747267934533381,0,1,0.5872791148864768
6.952105820936103,4.592313416719502,28.029275085331456,0,1,0.7982014577106602
4.6583225230852365,4.086524415358545,40.71574826212793,0,1,0.7892611818992187
4.304789377509598,3.8503405822069454,55.44618512028106,0,1,0.7891300928110745
4.798922157290868,3.8823091776663983,41.933358613305565,0,1,0.7924073200146818
4.3806819066932885,3.806742393075613,55.86073924549399,0,1,0.7930889832730325
5.280563932608415,4.598162657739081,10.236217339080394,0,1,0.6596927271773897
3.275516039946724,3.079797987438347,25.553165165391988,1,0,0.28252320276860154
3.283135177550767,3.0639947153805096,37.196232819551,1,0,0.3571128939227099
4.886903591293175,4.34853541176096,6.895278485369805,0,1,0.6124482198101829
4.915016729578478,4.084362251139903,49.607709192347,0,1,0.8712442976246657
6.10771614033159,4.199059626173807,44.91053594694406,0,1,0.8759897226154895
3.823238151596328,2.953677130778406,22.107326565159045,1,0,0.3201195532483876
3.0083074341071465,2.450330493753021,20.01071778084156,1,0,0.14836662996172198
6.919143209154028,3.658897728899982,58.960063860253015,0,1,0.8678884169681716
7.041994234505832,2.812447458990361,5.543381468363538,1,1,0.3986681348644539
6.647794133692672,2.9724101754504786,22.752894805256787,0,1,0.5211839966441193
3.231907844639704,1.6415675887753836,9.160638957832257,1,0,0.08048870012060196
3.536289881044342,2.376686122690757,25.11187365399652,1,0,0.2365895862828378
3.42214881965918,1.77445678223346,47.95455133934085,1,1,0.3583189135336375
7.098461579979796,6.4365500935626825,38.41406889646572,0,1,0.8801845734361072
4.152117771830151,2.1977518108704936,40.11628318933963,1,0,0.4459388600492895
5.673528277615482,1.8132565401959784,35.51101720518286,0,1,0.5271354412458708
4.3806819066932885,2.7458940423349705,45.3100167582743,0,1,0.5480048240784438
3.1201262868487367,2.5875528114141124,52.992183062523786,1,1,0.3674164962508521
3.167206329842028,2.8432968041538027,9.62452301339075,1,0,0.12849352419904567
3.223649665544723,2.737066316170276,33.301168174736134,1,0,0.27738451051334484
5.893400681399417,5.844099445688346,29.44173951662568,0,1,0.8010067641969482
3.347909514786936,3.223649665544723,33.990180612872535,1,0,0.37436421792250013
3.090120791873473,2.5875528114141124,38.86240685056969,1,0,0.2875308059357139
3.327038100010129,2.927815026242165,13.682303787397398,1,0,0.18596298044150805
3.2906646761617027,2.87987818901137,37.65398272116857,1,0,0.33155052173457084
6.577157238461122,2.8280579889898227,11.854956112498638,1,1,0.4279534371558911
3.361454993949843,2.7004849313127086,26.662199009974568,1,0,0.2487284358450003
6.925949598050302,3.219480269691158,14.469087703189118,0,1,0.5165958785590686
6.83701463350651,3.244098689420949,38.563491105823225,0,1,0.6764983482774894
2.966226552466967,2.528795979892114,9.86683577320108,1,0,0.08436893712967332
2.893944689311386,2.421881365707687,26.418720561792973,1,0,0.1831838917728488
2.87987818901137,2.2934521206119105,30.44111302617586,1,0,0.20145771066016463
6.889143498179579,3.8503405822069454,52.56075329470699,0,1,0.8877090870955903
3.219480269691158,2.328055142224887,21.71774114759232,1,0,0.17122856693408842
2.907708660652802,2.450330493753021,48.01083729962148,1,1,0.32434062188663415
5.742620361240047,2.576225082070496,18.54939974385472,1,1,0.43935818782444547
2.9408767040861377,2.5409868246733582,20.124187763614767,1,0,0.15214199570027792
7.050883119311632,3.3091097568244168,5.332655220419128,1,1,0.4808872109485607
2.966226552466967,2.598683526749708,23.66576024975532,1,0,0.1810078129096534
7.021861002049601,2.9408767040861377,40.52963786705533,0,1,0.6408945519374968
3.215283533341617,2.7281151213064425,38.53317845692629,1,0,0.30999947564364744
2.9408767040861377,2.436263993453005,19.56811906248073,1,0,0.14113051229615647
4.57845363301046,3.587713322429438,29.78004280501354,0,1,0.630328771433066
3.687712884979313,2.87987818901137,35.649062990479514,1,0,0.3721881390593047
3.880822533560069,3.1762205633663405,37.58386595927092,1,0,0.47682344921608727
3.171729316864807,2.275422759353225,36.42579120232142,1,0,0.26257144355303863
6.506169777793571,2.7004849313127086,11.443311473355514,1,1,0.40981070735671965
3.139375858200595,2.450330493753021,20.12635591850336,1,0,0.1599286875360495
5.766359236884137,2.2568707357543434,28.660115122006804,1,1,0.4871794871794872
5.574585485682016,2.886950084170784,23.1211905518266,1,1,0.4998689109118557
4.024229478503542,2.6309592730709195,40.42077682016538,1,0,0.44853442399454674
3.6957129891484217,3.4775820822747137,46.54196299691769,0,1,0.5595144460175135
6.344631927753254,6.344631927753254,40.09460878008578,0,1,0.876828692779613
6.593470226545568,6.593470226545568,5.672355738638704,0,1,0.6578050443081118
4.889986448891926,4.889986448891926,25.728391998096303,0,1,0.749908237638299
3.347909514786936,3.347909514786936,50.008837888309614,1,1,0.4997640396413403
5.750684984078827,3.446076840185017,18.88172414560499,0,1,0.581039274290808
6.569622786289815,5.670991827020186,23.75247478847879,0,1,0.7700173037596351
6.655247253379831,4.543489115873979,21.31787288324104,0,1,0.7476797231398459
3.811735916457492,3.4775820822747137,14.132641233671505,1,0,0.37069372345445967
3.724853075425512,3.347909514786936,10.970564073021826,1,0,0.29662838865292857
3.781173080428116,3.466304257410829,55.26665541626199,0,1,0.6046877457920402
3.643988568833728,3.283135177550767,44.88595450111736,1,1,0.4946777830213413
5.347142098149626,3.703614324074693,39.67011284416012,0,1,0.7725604320696345
4.055568467933723,3.658897728899982,21.587196593079582,0,0,0.5166745320119553
4.0723379862658975,3.761750900338969,32.42073275982404,0,1,0.6113995071050286
3.3779933819075314,2.7098281629422463,20.77872778205944,1,0,0.2142782234806775
3.0198392776288605,2.651606224890581,9.615966497012808,1,0,0.09524933144565047
3.0639947153805096,2.651606224890581,18.942417051862115,1,0,0.15982381626553407
4.1589005756649176,3.904204129292841,10.741417859042407,0,1,0.506764196948246
7.075417859262696,3.0024626446266525,7.184676292042295,1,1,0.43364270358135387
3.3234923845697346,2.7004849313127086,20.01964193917341,1,0,0.19925541397934035
3.231907844639704,2.780035469986358,31.684451601322863,1,0,0.2710397986471606
7.019105987119619,2.737066316170276,33.496951501102,0,1,0.5688479890933879
4.480214054576147,2.7281151213064425,36.04168987450453,1,0,0.4984269309422684
5.330672282929537,2.7004849313127086,59.85716264391107,0,1,0.6712285669340884
5.333908115030311,2.7098281629422463,24.190567124638363,1,1,0.4830370719941272
6.506169777793571,2.7190369549115903,25.068681598243188,0,1,0.5020974254103089
3.319926915738084,3.0083074341071465,30.00877865325985,1,0,0.3025011798017933
3.531169853737413,2.927815026242165,10.93980480991077,1,0,0.1932253159247024
3.637491051096756,2.886950084170784,45.472190451666265,1,1,0.428556446961355
6.445542832847528,2.8727272766285696,13.011117294832395,1,1,0.44001363326516696
6.52580321923168,2.87987818901137,58.70064255491584,0,1,0.7026112946358345
3.235997315422917,3.0693059491819144,30.08796794576313,1,0,0.3044937339415867
3.5285943975455893,3.139375858200595,26.86767369219942,1,0,0.3345393529442609
3.663094465249524,3.129823442061922,57.44078221740023,0,1,0.5188768286927796
3.671406270386683,3.058639035591379,50.07099021834912,1,1,0.48883120969010535
3.510270037434019,3.260000128516328,7.25423338005292,1,0,0.2270987363011903
3.260000128516328,2.464094465094437,36.6862122952217,1,0,0.2815531435163337
3.227792074828318,2.464094465094437,52.25954063073472,1,1,0.36644643699858426
3.124993230455277,2.464094465094437,17.11232729265781,1,0,0.1395574432384248
5.240938792735281,3.361454993949843,55.78212700782811,0,1,0.7644329086046877
4.2204246142398585,3.67346746379471,47.63516386334166,0,1,0.7160872528970689
3.896988720285981,3.69372231880321,32.75903369215155,0,0,0.5631062870326674
4.471402534020113,3.129823442061922,18.959477752618504,1,0,0.4446017513502176
3.9683258713873215,2.2568707357543434,6.682540797054167,1,0,0.19458864244140317
4.170363568667497,2.788293649081339,53.79377556844938,0,1,0.5601436736406061
3.5686074260136422,2.576225082070496,28.276217564481907,1,0,0.2725866498872634
3.858098252947647,2.681379034896912,25.378518742911872,1,0,0.31823187037910966
6.735074020540467,3.381250386392313,48.181702680312384,0,1,0.7616800377536573
7.04135456494849,2.8357227512597207,44.75804474148279,0,1,0.6556289654449163
3.6957129891484217,2.87987818901137,23.605712996995944,1,0,0.2939541712547848
6.728673275222334,3.3091097568244168,23.244411988013024,0,1,0.5862828378165802
7.0633711173449605,4.2133819021816095,23.124207679040406,0,1,0.750301504902732
7.076933107145189,4.302483068707487,27.016572751572,0,1,0.7823921136804572
4.812603138634585,4.131327080537679,17.4529384781804,0,1,0.6588799748308951
4.3266654022933935,1.1467260603059553,28.81659073657946,1,0,0.3759110691626029
2.7190369549115903,2.528795979892114,31.852305437473422,1,0,0.21787006449583135
2.609623964099661,2.3446794535229736,33.24985735936193,1,0,0.2141209165749043
2.576225082070496,2.421881365707687,20.893757888951253,1,0,0.137276493104714
2.681379034896912,2.436263993453005,56.52124951881733,1,1,0.34271931204446543
2.576225082070496,2.421881365707687,36.722709113135984,1,0,0.2409941796444864
2.376686122690757,2.2934521206119105,22.85427249635143,1,0,0.14026532431440408
3.1201262868487367,2.820300318249122,12.457125472759047,1,0,0.1405012846730638
3.9786279046943136,2.3446794535229736,12.99136083287656,1,0,0.24002412039221857
2.7458940423349705,2.4775686469810494,17.265407078960568,1,0,0.12081170363378953
3.811735916457492,3.2520987935900565,56.90152913136105,0,1,0.5660951182423575
3.689722305782301,3.2520987935900565,34.718616432737065,1,0,0.4303392585601175
3.8596385665672086,3.510270037434019,22.942316451667747,1,0,0.4513135126632059
4.001218485226168,3.54891356446692,38.19386595172023,0,0,0.5929683813119396
2.609623964099661,2.275422759353225,56.59954971270914,1,1,0.3340674322269414
3.7829098521859374,3.271672184548188,53.91987777661534,0,1,0.5568140108017409
3.617593075371937,3.079797987438347,41.19181786654946,1,0,0.4294740705783651
2.576225082070496,2.2934521206119105,26.63706924072149,1,0,0.16800377536573854
4.6503224189161285,4.146246171013484,27.896185695750063,0,1,0.7087462639609878
3.7829098521859374,3.283135177550767,44.0752192688972,0,1,0.5133710869907189
3.058639035591379,2.576225082070496,18.47671652623168,1,0,0.14978239211368047
2.934379186349166,2.788293649081339,33.652737722762346,1,0,0.2640658591578837
2.959982600501933,2.7546016596506684,47.729721872210725,1,1,0.3511614493209585
3.3513228562111674,3.095220420448946,41.36438159304637,1,0,0.40016255046929894
3.3234923845697346,3.095220420448946,31.490585072035685,1,0,0.3293482250537465
3.301795391497299,3.0422977223080734,27.276644640220105,1,0,0.28939227098736303
3.354718089638171,3.0639947153805096,57.90738537143016,1,1,0.46783073776938805
3.3234923845697346,3.095220420448946,45.37928148799836,1,1,0.42158250747207804
3.319926915738084,3.053238159658026,24.54576457855049,1,0,0.27630957999056155
3.2639145138074874,3.053238159658026,27.523576981996225,1,0,0.287321063394683
3.29439646516061,3.03675656215248,34.90722106671183,1,0,0.33855067904147657
3.400451826586744,3.0639947153805096,12.430086978129015,1,0,0.210607729012637
3.305463023311049,3.105299368908555,14.304883894911002,1,0,0.21713596560222326
3.279336946818085,2.900863675618084,56.31535280305516,1,1,0.4247548634051701
3.240060821137259,3.0255282039758984,41.28497155614642,1,0,0.37103455508363475
3.279336946818085,3.053238159658026,55.01486894555733,1,1,0.4456766818730009
3.330564279729149,3.0745734686292843,47.31661803373924,1,1,0.42973624875465366
3.3234923845697346,3.0255282039758984,57.82792141354865,1,1,0.45545592784856587
3.3163414721869344,3.124993230455277,51.97287601570327,1,1,0.4575795710765036
3.3091097568244168,3.0639947153805096,19.912428130595288,1,0,0.2465523569818048
3.2678051032963715,3.0255282039758984,19.92796035015317,1,0,0.23391536888469402
3.3340711378185097,3.0198392776288605,6.756200964241057,1,0,0.15804100466677154
3.327038100010129,3.058639035591379,20.07196773466292,1,0,0.24969849509726813
3.305463023311049,3.0639947153805096,17.778654480624457,1,0,0.23239473546222014
3.286910999712168,3.058639035591379,35.972152340563376,1,0,0.34859210319333017
3.2560616545487258,3.0422977223080734,28.6260330984286,1,0,0.2915945676681873
3.2520987935900565,2.886950084170784,11.28897861839996,1,0,0.15300718368203034
3.206806588221604,2.576225082070496,43.63846301211462,1,0,0.32879765088354046
4.319955964024685,3.271672184548188,45.065904287822775,0,1,0.6228829112264695
2.900863675618084,2.450330493753021,57.4892632979369,1,1,0.3547532903361124
3.330564279729149,3.1440991268710734,54.71951432241637,1,1,0.4704000838970164
3.347909514786936,3.1534423585006115,56.38934475541727,1,1,0.47847517172670545
2.5163684049435684,2.2934521206119105,51.04940031700336,1,1,0.3195165434429238
2.812447458990361,2.576225082070496,45.659788743069136,1,1,0.3147186828168423
6.899877277375061,3.993776540909293,42.359471814710005,0,1,0.853154003460752
3.2520987935900565,3.079797987438347,57.02403702898712,1,1,0.45409260133186513
3.235997315422917,3.090120791873473,37.97656044146613,1,0,0.36125530910806986
3.1201262868487367,2.9408767040861377,56.308916114376544,1,1,0.41442504325939905
2.927815026242165,2.7631923926632385,32.58169624219617,1,0,0.2528708510303602
3.105299368908555,2.927815026242165,48.572964087602735,1,1,0.388312096901054
2.9408767040861377,2.737066316170276,55.01817873369586,1,1,0.37376120811703634
3.409840748025332,3.0024626446266525,8.551277470262425,1,0,0.17361438833831475
3.171729316864807,3.0422977223080734,6.300694399360076,1,0,0.14021288867914636
3.646139831363459,3.3513228562111674,34.56096084512648,1,0,0.44082638561166165
2.641366006428859,2.1093355942427707,51.56385547003576,1,1,0.31802212783807876
3.483147334733948,2.9144812106243463,10.137195660353624,1,0,0.1793560903990352
3.327038100010129,3.1762205633663405,34.27535097085333,1,0,0.36539772429342987
3.3127358288472504,3.0024626446266525,54.50064084977186,1,1,0.4394106234597032
3.0639947153805096,2.9408767040861377,27.1709079320098,1,0,0.2480467725866499
3.211059095561552,3.1002797353334985,26.1408488083596,1,0,0.28307377693880764
3.381250386392313,3.271672184548188,31.18096680857788,1,0,0.3688846940380683
3.327038100010129,3.244098689420949,56.0514890347087,1,1,0.49053536783598134
2.7190369549115903,2.360882850632919,45.40677080943535,1,1,0.29694300246447486
2.804497046191284,2.376686122690757,6.041267692632944,1,0,0.0457500917623617
2.8280579889898227,2.033954451422685,32.31158396406873,1,0,0.2058885218394421
3.095220420448946,2.886950084170784,23.43196986267068,1,0,0.21878768811284152
2.927815026242165,2.4775686469810494,43.44556736002744,1,0,0.3001940118504536
2.9144812106243463,2.464094465094437,32.11536615607186,1,0,0.2231660636568612
3.134617471968584,2.5646932385487817,31.9199225803594,1,0,0.2435373079544859
4.257832338786143,3.658897728899982,15.979044483385865,0,0,0.5139478789785538
5.167576124217289,3.6198347589247057,7.361135507078083,0,1,0.5395102511666929
3.483147334733948,2.780035469986358,18.68006009163017,1,0,0.21949556918882074
3.5686074260136422,2.8280579889898227,47.406475930979454,1,1,0.4216873787425935
3.330564279729149,2.966226552466967,18.32640463772758,1,0,0.2230349745687169
3.227792074828318,3.0422977223080734,47.62139876832353,1,1,0.4114886476849667
3.915582206746463,3.531169853737413,29.9763060791952,0,0,0.5146033244192754
4.11810977202397,3.538834616007311,42.83252450668487,0,0,0.644014472235331
4.8191637571850166,3.60626534602832,49.59179365686921,0,1,0.7913848251271564
4.313932390147983,2.6203805198221444,21.31632465935256,1,0,0.37056263436631537
3.553894134349836,2.681379034896912,13.041206896567571,1,0,0.18103403072728227
4.526892619174214,2.7004849313127086,22.0607174270473,1,0,0.409181479733627
3.283135177550767,2.820300318249122,41.5162583859683,1,0,0.3483299250170416
3.211059095561552,2.6616851733501905,44.58165718991655,1,1,0.3431912327617849
2.9724101754504786,2.609623964099661,20.98168858115244,1,0,0.1651198154265639
3.0745734686292843,2.528795979892114,6.306852992044586,1,0,0.07133868176812962
2.820300318249122,2.464094465094437,28.014917867459182,1,0,0.19201929631377482
2.8727272766285696,2.609623964099661,44.6856795273883,1,1,0.3147186828168423
2.796446625578894,2.7004849313127086,51.56796910313681,1,1,0.3553825179592051
4.469625577765206,4.165612247661876,38.63872293762592,0,1,0.7581406323737613
4.528517672946168,4.272526861846303,27.23607234009632,0,1,0.6984426616328457
4.64176794755404,4.335503287268873,33.1867623616757,0,1,0.755754810969535
2.8507822696022447,1.9484943601429907,34.624059484002856,1,0,0.222825232027686
4.006132137001551,3.594733502506606,57.21491565501649,0,1,0.695951968958104
4.270910699371298,3.701648116691032,53.19866480706532,0,1,0.7534476430181951
3.784641923608493,3.531169853737413,56.89227356909221,0,1,0.6279167322112108
3.8487776998673935,3.4312269860540323,19.600832982353893,1,0,0.40433118347228775
6.897611363645236,6.56267496627008,51.59424148931052,0,1,0.9508678097635154
2.900863675618084,2.4071680740438794,46.14594170120242,1,1,0.31057626763148233
3.75453955643731,3.4035967960602984,18.910234536663552,1,0,0.3682554664149756
4.163701798482067,3.286910999712168,14.074999902195124,1,0,0.3994284515756908
4.255350112015857,3.42214881965918,19.58253201974343,1,0,0.4792879240732002
3.758155385264266,3.1201262868487367,43.97164696793602,1,1,0.4783178648209323
3.171729316864807,2.8507822696022447,35.54265231207813,1,0,0.30226521944313356
3.014099328839894,2.6309592730709195,49.28712193848765,1,1,0.35215772639085524
3.8596385665672086,2.6309592730709195,40.697376163657445,1,0,0.41426773635362596
4.056700210050037,3.5734376376202874,16.567239328116383,1,0,0.4669393319700068
3.079797987438347,2.7546016596506684,38.90553770666972,1,0,0.3034712390540611
3.728640068723488,2.6203805198221444,15.063570107140617,1,0,0.2143044412983063
3.7829098521859374,2.691003276410218,46.53662060891799,1,1,0.43597608935032245
4.132332579566184,3.551408694332941,23.607551042987684,0,0,0.5225997587960778
3.0639947153805096,2.5646932385487817,43.28573506710367,1,0,0.3128309999475644
4.095100758102533,3.8248645819506777,29.29540104657437,0,1,0.6067851712023492
4.051021379534525,3.728640068723488,26.265713063447446,0,0,0.5617429605159666
3.646139831363459,3.283135177550767,39.83282374877571,1,0,0.46227256043206966
4.148209362736916,3.6265130803919567,22.10217541052666,0,0,0.5316449058780347
4.186259199481539,3.768881893333044,42.092744265393065,0,1,0.6990456714383096
4.20983126894147,3.526008535441905,51.42059684664354,0,1,0.7017723244717109
4.775081929186741,3.211059095561552,8.254021644347894,1,1,0.42669498190970584
3.832935306809513,3.2906646761617027,46.41524780979763,0,1,0.540821142048136
6.929808522233334,3.5337349874318376,40.87521308502205,0,1,0.7644329086046877
3.9644194503069903,3.510270037434019,11.194849407468007,1,0,0.3958628283781658
4.064566858697433,3.6309268909897554,53.21134830913309,0,1,0.7049184625871744
3.747246030209553,3.2520987935900565,9.332848177591677,1,0,0.2730585706045829
3.761750900338969,3.2520987935900565,50.957857131663474,0,1,0.5415028053064863
4.051021379534525,3.8361353134762046,52.01685016327675,0,1,0.7378218237113942
4.222173249207457,4.222173249207457,33.63960217845322,0,1,0.697079335116145
6.998797863915878,2.8654955612660524,28.07228595740741,0,1,0.5475329033611243
2.804497046191284,2.4071680740438794,20.68106452355521,1,0,0.14139269047244507
2.9724101754504786,2.5409868246733582,34.24713876348128,1,0,0.24678831734046458
4.371067992007952,2.651606224890581,48.5498117283766,0,1,0.5561847831786482
4.357078363967952,3.1440991268710734,47.951557304960346,0,1,0.62033978291647
3.914170960309142,3.798332285196536,7.787744511516195,1,1,0.4245189030465104
3.7949370517695327,3.67346746379471,9.16485882757511,1,0,0.37848041529023124
3.9799040766027054,3.832935306809513,43.25883786450235,0,1,0.6778616747941902
4.270101085095083,3.8733370681116273,53.209992383798216,0,1,0.7828640343977767
4.440502069770854,4.056700210050037,5.666274686756744,0,1,0.5336374600178281
4.430492090544568,4.430492090544568,36.810783625153306,0,1,0.7597137014314929
4.402128939706448,4.337693819926475,34.456590546205696,0,1,0.7348067746840753
4.507622346232538,4.329624945139546,55.1986670890438,0,1,0.8579780819044623
4.1472285196330585,4.1472285196330585,30.44050028705849,0,1,0.6574904304965655
3.561293060686524,3.561293060686524,57.2367488181438,0,1,0.600230716795134
7.111498424017639,6.078622354632753,17.999097848377648,0,1,0.745215248282733
2.8727272766285696,1.3990728171123803,25.791941349209328,1,0,0.15612710397986473
2.275422759353225,1.4475283830232255,5.5193685577325455,1,0,0.018981699963295056
2.376686122690757,1.391841101749863,31.8589566260848,1,0,0.18053589219233393
2.450330493753021,1.391841101749863,42.788211977270045,1,0,0.25460122699386506
3.2520987935900565,1.3990728171123803,35.80390677002531,1,0,0.25053746526139165
2.528795979892114,1.3466458587329329,14.20268391094476,1,0,0.06273923758586336
3.819972838390634,1.3990728171123803,17.795464315535302,1,0,0.21592994599129567
4.025417965381759,1.3990728171123803,15.956034631277326,1,0,0.2511666928844843
4.874421479411446,1.4272092161018948,13.68852445314831,1,1,0.35533008232394736
5.040076339865788,1.4202902297951965,46.47213659795933,0,1,0.5772639085522521
3.058639035591379,1.406223729495181,30.731300371555072,1,0,0.19846887945047453
3.171729316864807,1.4202902297951965,37.908420693442615,1,0,0.26023805778407005
2.927815026242165,1.4408267511081576,34.03449542731663,1,0,0.21891877720098582
3.750903183018154,1.406223729495181,55.860084620731776,1,1,0.42470242776991246
3.796636919966727,1.406223729495181,37.08016569537033,1,0,0.33868176812962086
3.520805254748625,1.406223729495181,57.22674137739364,1,1,0.39457815531435164
2.576225082070496,1.406223729495181,20.719039705750298,1,0,0.11585653610193487
2.7098281629422463,1.4672222445699483,28.80425526581247,1,0,0.17508258612553093
2.3446794535229736,1.3990728171123803,50.26327215660547,1,1,0.29977452676839184
3.54891356446692,1.3845267364227445,43.57307689385862,1,0,0.3370300456190027
2.436263993453005,1.3696423446376134,21.369316671089084,1,0,0.11129463583451314
2.1093355942427707,1.406223729495181,44.91110141830152,1,1,0.2689161554192229
2.503694723474013,1.406223729495181,5.0677282858959485,1,0,0.014970373866079386
2.8357227512597207,1.406223729495181,14.418123741986696,1,0,0.08193068009018929
2.984601020231723,1.3990728171123803,18.074725147538416,1,0,0.11121598238162655
3.665182558455806,1.406223729495181,31.176481584384536,1,0,0.2751559960148917
3.981177708863833,1.3990728171123803,58.41004103716897,1,1,0.4829322007236118
2.328055142224887,1.3845267364227445,22.78309304072485,1,0,0.1204970898222432
2.2568707357543434,1.3845267364227445,29.683973751404384,1,0,0.16399244926852288
3.240060821137259,1.4408267511081576,13.056640103268473,1,0,0.10497614178595775
2.328055142224887,1.4672222445699483,52.27486781177811,1,1,0.31044517854333803
2.3446794535229736,1.3466458587329329,25.93115342070832,1,0,0.1378532850925489
2.820300318249122,1.3845267364227445,41.48276791821081,1,0,0.25423417754706096
2.651606224890581,1.3620682917435314,42.60399693621845,1,0,0.25363116774159716
3.206806588221604,1.391841101749863,45.47596396309806,1,1,0.3061454564522049
3.0693059491819144,1.3620682917435314,49.754318850891536,1,1,0.3165277122332337
2.978534624100815,1.4408267511081576,55.94545299634542,1,1,0.33687273871322954
4.271719290761233,1.3990728171123803,33.18473183652762,1,0,0.40637617324733893
5.46493099724656,1.406223729495181,30.61464520072084,1,1,0.4829059829059829
3.124993230455277,1.3845267364227445,53.626346035872,1,1,0.3337003827801374
3.1152220482915727,1.3696423446376134,55.52601838971331,1,1,0.3346704420324052
2.5409868246733582,1.3620682917435314,58.859447916385946,1,1,0.3175764249383881
3.158063317203643,0.9904400055782484,20.39989928782343,1,0,0.13108908814430287
4.393502577901351,1.3990728171123803,11.186053863546562,1,0,0.27670284725499456
5.1516333165508446,1.406223729495181,38.82154045304067,0,1,0.5306748466257668
4.573934194849688,1.4340542011366133,54.487296953325256,0,1,0.5676681873000892
4.22304577831329,1.4202902297951965,5.317590443908011,1,0,0.22340202401552098
2.5409868246733582,1.3227921660627049,10.49417323899026,1,0,0.03641654868648734
3.244098689420949,1.3146391895651497,32.57571249715754,1,0,0.21902364847150124
2.641366006428859,1.3845267364227445,24.171021459777023,1,0,0.1348644538828588
3.5155593237379508,1.4202902297951965,40.60518091480539,1,0,0.31988359288972784
4.149188704932607,1.4340542011366133,32.260216320725995,1,0,0.38555922605002363
3.279336946818085,1.4340542011366133,57.588125965057095,1,1,0.36694457553353255
3.3163414721869344,1.4272092161018948,33.44094314064269,1,0,0.24739132714592837
2.812447458990361,1.4272092161018948,35.65257094669477,1,0,0.22387394473284047
2.552949789801136,1.406223729495181,25.800096970779475,1,0,0.14826175869120653
4.060083477840852,1.3990728171123803,9.89345320909808,1,0,0.21710974778459444
2.780035469986358,1.3387929994741714,20.85611491280596,1,0,0.11368045723873944
2.7004849313127086,1.3466458587329329,34.96359606819835,1,0,0.20350270043521576
2.552949789801136,1.3544035294736336,9.190765357274962,1,0,0.030963242619684337
2.4775686469810494,1.3227921660627049,39.312153518731606,1,0,0.226023805778407
2.328055142224887,1.3227921660627049,30.83568693317012,1,0,0.1669026270253264
2.450330493753021,1.3696423446376134,34.1286565192034,1,0,0.19527030569975357
2.503694723474013,1.3990728171123803,22.74389759348348,1,0,0.12532116826595355
2.421881365707687,1.3227921660627049,56.66724727017986,1,1,0.30777096114519426
3.327038100010129,1.3466458587329329,9.126351864586123,1,0,0.07878454197472602
2.5646932385487817,1.3387929994741714,53.99774990453201,1,1,0.3045986052121022
2.6716078527332074,1.3771278100860556,59.4135195800134,1,1,0.3235803051753972
1.9782671701493224,1.3620682917435314,9.323561849423427,1,0,0.028184153951025113
2.310987464092303,1.3845267364227445,24.991813587229583,1,0,0.13423522625976614
3.134617471968584,1.3990728171123803,28.02490269561877,1,0,0.18674951497037387
2.8280579889898227,1.3696423446376134,39.9052726742936,1,0,0.2425148130669603
2.5646932385487817,1.4202902297951965,6.873615933865007,1,0,0.027633579780819043
2.9473089190323787,1.4272092161018948,15.280510876350736,1,0,0.09532798489853704
2.328055142224887,1.3466458587329329,24.149196621907564,1,0,0.125609564259871
2.651606224890581,1.3620682917435314,23.380349447289483,1,0,0.1272088511352315
3.223649665544723,1.413295624654595,13.010658542409534,1,0,0.1000209742541031
3.084980201987224,1.413295624654595,30.893144215506023,1,0,0.2038697498820198
4.008574888058639,1.406223729495181,11.400069021487546,1,0,0.219443133553563
3.967026378555077,1.391841101749863,45.36017305594052,1,1,0.4297362487546537
3.9267615302923127,1.391841101749863,40.522740166053474,1,0,0.38891510670651774
4.055568467933723,1.3845267364227445,10.901063198077232,1,0,0.2200985789942845
4.014641284189548,1.391841101749863,43.3635713401937,1,0,0.4283204866026952
3.914170960309142,1.3990728171123803,50.80567774452785,1,1,0.4490063447118662
4.092967422793888,1.3990728171123803,43.01041475348746,1,0,0.4427665041161974
3.87634176846632,1.3990728171123803,25.867037740160868,1,0,0.2840176183734466
3.770652295568493,1.3990728171123803,39.17939114012805,1,0,0.3447118661842588
3.158063317203643,1.3990728171123803,32.315721215274536,1,0,0.21682135179067694
4.157935993718953,1.4340542011366133,27.122858497642262,1,0,0.3542289339835352
3.8550064594950615,1.4340542011366133,8.38479444855559,1,0,0.17015363641130513
3.752723952382782,1.4202902297951965,25.92091340952394,1,0,0.25963504797860626
4.144276938690618,1.4202902297951965,44.51732087942714,1,1,0.4649992134654712
3.4490059070825607,1.406223729495181,7.804594840254666,1,0,0.09493471763410415
4.246165349031479,1.4800226712622169,20.107654269057296,1,0,0.3236589586282838
3.823238151596328,1.4202902297951965,12.95345820668308,1,0,0.18882072256305385
4.815028040047038,1.4202902297951965,56.94711150192296,0,1,0.6013843007708038
3.058639035591379,1.3620682917435314,14.948455056693112,1,0,0.08956006502018772
3.079797987438347,1.3771278100860556,24.583571286719724,1,0,0.1568087672382151
4.188103581161467,1.3990728171123803,33.06706488571024,1,0,0.39310995752713546
2.966226552466967,1.4340542011366133,45.65633607018707,1,1,0.2952388443185989
2.9408767040861377,1.4272092161018948,19.47187657126726,1,0,0.12269938650306748
2.966226552466967,1.4202902297951965,32.3867885819329,1,0,0.20738293744428715
3.129823442061922,1.4408267511081576,18.317289902461283,1,0,0.12938492999842693
4.424155405115633,1.4340542011366133,6.088686596456875,1,0,0.25685595930994704
4.173197521637566,1.391841101749863,14.403801372465136,1,0,0.2661370667505637
4.062329094179847,1.4408267511081576,40.984867942310935,1,0,0.4286351004142415
3.1002797353334985,1.413295624654595,49.77590240278841,1,1,0.3273556709139531
2.5409868246733582,1.413295624654595,16.313983016095953,1,0,0.08646636253998218
3.728640068723488,1.391841101749863,43.49340179275786,1,0,0.36421792250013113
3.0693059491819144,1.413295624654595,54.6906300518258,1,1,0.3366367783545698
3.167206329842028,1.4202902297951965,59.075099000644514,1,1,0.3571128939227099
1.5903402558643205,1.3620682917435314,42.849354818724336,1,0,0.24883330711551574
2.598683526749708,1.3696423446376134,44.73206363241129,1,1,0.26742173981437783
2.490764990790801,1.3845267364227445,29.32036856850205,1,0,0.16414975617429606
6.168501927580656,1.3845267364227445,26.47690402241384,1,1,0.4598867390278433
2.7190369549115903,1.3466458587329329,26.26336512188585,1,0,0.1465051649100729
2.490764990790801,1.3387929994741714,37.76628930312355,1,0,0.2167164805201615
2.3921085557013555,1.3308425866750953,7.626296461284335,1,0,0.017906769440511772
2.6616851733501905,1.3146391895651497,13.72174894083344,1,0,0.06085155471658538
2.99061045405562,1.3227921660627049,10.834732634039892,1,0,0.055214723926380375
2.87987818901137,1.3146391895651497,20.745676455818,1,0,0.11569922919616171
5.865283734804726,1.3990728171123803,56.50047719936102,0,1,0.6268680195060563
3.271672184548188,1.3466458587329329,29.07845751822302,1,0,0.20009438414346392
2.4775686469810494,1.3696423446376134,31.61003143847685,1,0,0.1771537937182109
3.053238159658026,1.391841101749863,22.695471140534963,1,0,0.14364742278852707
3.03675656215248,1.3387929994741714,25.721729564339466,1,0,0.15725447013790572
2.893944689311386,1.3771278100860556,48.04712910431656,1,1,0.29675947774107286
2.771669337783252,1.391841101749863,37.4464521166316,1,0,0.2274395679303655
3.781173080428116,1.3990728171123803,20.80928988074641,1,0,0.22707251848356144
3.158063317203643,1.3990728171123803,18.718346317165164,1,0,0.12830999947564364
2.5875528114141124,1.3990728171123803,33.58424312023804,1,0,0.19873105762676313
2.552949789801136,1.391841101749863,56.97710096560685,1,1,0.3167636725918935
2.4071680740438794,1.3771278100860556,40.31183686308751,1,0,0.2357243983010854
3.5076089109388744,1.391841101749863,35.82222503890624,1,0,0.28199884641602435
2.328055142224887,1.3771278100860556,19.44117648382052,1,0,0.09771380630276334
2.528795979892114,1.3544035294736336,21.81826196806725,1,0,0.1137853285092549
2.576225082070496,1.3990728171123803,7.619126186462758,1,0,0.028262807403911697
2.450330493753021,1.3990728171123803,43.861964969151686,1,1,0.2629384929998427
2.6616851733501905,1.3990728171123803,30.06109309457231,1,0,0.17581668501913902
2.641366006428859,1.3990728171123803,26.341593170112905,1,0,0.15151276807718525
2.886950084170784,1.391841101749863,26.914965525233377,1,0,0.1619736773111006
2.8432968041538027,1.391841101749863,57.144885295532525,1,1,0.32622830475591214
2.6203805198221444,1.3771278100860556,32.91529411126691,1,0,0.19055109852655863
4.140320202749295,1.4340542011366133,32.95813584550963,1,0,0.38930837397095064
3.0693059491819144,1.3990728171123803,22.241558770414468,1,0,0.14409312568821772
3.090120791873473,1.413295624654595,35.480718905300115,1,0,0.23582926957160086
2.3921085557013555,1.3845267364227445,20.711008445031,1,0,0.10812227990142102
2.7281151213064425,1.4987557159342892,26.093374178369896,1,0,0.1600597766241938
2.328055142224887,1.3990728171123803,58.20693851361693,1,1,0.3185202663730271
2.4071680740438794,1.391841101749863,26.65478403113301,1,0,0.14742278852708302
2.900863675618084,1.3771278100860556,28.49580592963964,1,0,0.17073042839914007
2.804497046191284,1.3620682917435314,17.722643059585224,1,0,0.09506580672224844
3.4775820822747137,1.4272092161018948,34.287492345451575,1,0,0.27429080803313927
3.1982158552090336,1.4272092161018948,47.947176468165104,1,1,0.32607099785013893
2.99061045405562,1.4340542011366133,44.38388179143927,1,1,0.2898117560694248
3.286910999712168,1.413295624654595,24.04157175095022,1,0,0.1806145456452205
2.7631923926632385,1.4272092161018948,5.15722789231786,1,0,0.025142887106077292
3.1534423585006115,1.4272092161018948,24.401298996387624,1,0,0.170179854228934
3.134617471968584,1.406223729495181,15.369207318840864,1,0,0.1066016464789471
6.36336405853237,1.3990728171123803,19.19094539965406,1,1,0.41686330029888313
6.47850447506493,1.406223729495181,31.47159119253676,1,1,0.49853180221278376
6.441470881547761,1.3990728171123803,16.84719941273052,1,1,0.4020240155209481
5.780818323622436,1.3227921660627049,14.375321031174908,1,1,0.37279114886476844
4.861369547339865,1.4202902297951965,47.37737221575866,0,1,0.5717319490325625
6.188381598087922,1.406223729495181,44.32032873804444,0,1,0.5822715117193645
6.312605761919324,1.4272092161018948,12.666145031945575,1,1,0.3781920192963138
3.1982158552090336,1.4408267511081576,50.16329691278095,1,1,0.34093650044570295
3.124993230455277,1.4475283830232255,15.243003868326538,1,0,0.10924964605946201
3.368121720899127,1.4672222445699483,12.636019939866063,1,0,0.12120497089822242
3.0255282039758984,1.4672222445699483,30.854672026554105,1,0,0.2031618688060406
3.368121720899127,1.413295624654595,46.06438328139219,1,1,0.33540454092601335
3.622068618086158,1.413295624654595,42.750828218759736,1,0,0.3465471134182791
3.5900619489183745,1.406223729495181,22.170668785635563,1,0,0.20612448219810187
2.737066316170276,1.4475283830232255,5.514875042561069,1,0,0.027423837239788158
2.737066316170276,1.406223729495181,51.87256124995468,1,1,0.3122804257773583
2.7281151213064425,1.4202902297951965,19.614103739889167,1,0,0.11394263541502804
3.982448811565676,1.3990728171123803,48.597334727941146,1,1,0.4546693933197001
2.7458940423349705,1.413295624654595,7.007668888868255,1,0,0.03245765822452939
2.681379034896912,1.4202902297951965,23.98774628593638,1,0,0.1413664726548162
2.788293649081339,1.406223729495181,32.07355506536484,1,0,0.19498190970583607
2.5646932385487817,1.391841101749863,17.197513897060087,1,0,0.08809186723297154
2.641366006428859,1.391841101749863,18.375517988834485,1,0,0.09750406376173247
2.5646932385487817,1.3990728171123803,15.871965683270853,1,0,0.08117036337895234
2.576225082070496,1.413295624654595,55.89333967738517,1,1,0.31891353363746
2.6203805198221444,1.3990728171123803,58.42180839160336,1,1,0.3238949189869435
3.014099328839894,1.413295624654595,53.65792623487384,1,1,0.3308426406585916
3.0083074341071465,1.413295624654595,39.89591803535067,1,0,0.25829793927953437
3.0024626446266525,1.4202902297951965,59.23695320866364,1,1,0.3442661632845682
3.0477913182705643,1.391841101749863,47.14175042620454,1,1,0.3006921503854019
3.0255282039758984,1.413295624654595,14.672204484441604,1,0,0.09451523255204236
2.7458940423349705,1.4408267511081576,48.67373945123961,1,1,0.305385139740968
2.7458940423349705,1.4408267511081576,34.59109653412409,1,0,0.21530071836820305
2.450330493753021,1.391841101749863,26.96609082800986,1,0,0.15014944156048451
2.598683526749708,1.391841101749863,25.098638344732034,1,0,0.14102564102564105
2.552949789801136,1.3771278100860556,43.28418522308223,1,0,0.2578260185622149
3.3091097568244168,1.413295624654595,34.85516947409796,1,0,0.2546274448114939
2.328055142224887,1.3845267364227445,9.911276610481664,1,0,0.03465995490535368
3.1002797353334985,1.4272092161018948,32.61786066998664,1,0,0.21821089612500655
2.8507822696022447,1.391841101749863,18.92177381617376,1,0,0.10827958680719418
2.9144812106243463,1.406223729495181,5.830576055902002,1,0,0.03154003460751927
3.301795391497299,1.3466458587329329,33.29061928662907,1,0,0.23291909181479734
4.2781515057074735,1.391841101749863,55.94395198153992,0,1,0.5262964710817472
2.7098281629422463,1.391841101749863,27.83568005736188,1,0,0.1606627864296576
3.643988568833728,1.3696423446376134,48.17585238855068,1,1,0.3756226731686854
2.7098281629422463,1.3620682917435314,12.214643208218884,1,0,0.05445440721514341
6.198293700156653,1.406223729495181,35.84252039658963,0,1,0.527266530334015
6.243229150192544,1.406223729495181,45.67331114305991,0,1,0.590241728278538
5.552688330544915,1.413295624654595,59.2806480142659,0,1,0.632583503749148
3.8867485018242593,1.4272092161018948,11.253009517966085,1,0,0.1935661475538776
2.5409868246733582,1.3544035294736336,18.87168607418624,1,0,0.09378113365843427
2.310987464092303,1.3620682917435314,57.6569931369809,1,1,0.3116774159718945
2.376686122690757,1.3544035294736336,37.79260078658712,1,0,0.21637564889098634
2.5163684049435684,1.3387929994741714,25.051425529768583,1,0,0.13342247391327147
2.2934521206119105,1.3387929994741714,40.017728903259474,1,0,0.22851449845314878
2.2568707357543434,1.3387929994741714,42.32291668115341,1,0,0.24466467411252688
2.812447458990361,1.413295624654595,32.19155936898648,1,0,0.19783965182738192
3.425189205424682,1.3620682917435314,31.18210466304939,1,0,0.23643227937706465
3.368121720899127,1.3771278100860556,47.4347548698083,1,1,0.3363483823606523
3.580615282945177,1.3620682917435314,27.546031932914048,1,0,0.2318179434743852
3.6418300507673984,1.3696423446376134,13.977443793676418,1,0,0.1534004509464632
2.1977518108704936,1.3696423446376134,11.537220379453714,1,0,0.043600230716795134
3.409840748025332,1.3466458587329329,53.95939208772404,1,1,0.3643227937706466
3.1440991268710734,1.3620682917435314,45.15897863689168,1,1,0.2949242305070526
2.275422759353225,1.3620682917435314,52.26681446768516,1,1,0.2977033191757118
2.436263993453005,1.2809472001344795,21.18948745500522,1,0,0.1066016464789471
2.6716078527332074,1.3620682917435314,11.35786055441909,1,0,0.04784751717267055
2.7098281629422463,1.3696423446376134,51.64840603346791,1,1,0.3047296943002465
3.171729316864807,1.3696423446376134,37.52622425946397,1,0,0.24935766346809293
3.202525635805094,1.3544035294736336,40.558491403391926,1,0,0.2696240364952021
3.134617471968584,1.3620682917435314,8.083445455587098,1,0,0.05222589271669026
3.090120791873473,1.3544035294736336,52.48145816602988,1,1,0.3240522258927167
3.171729316864807,1.3696423446376134,9.336774017759671,1,0,0.0638403859262755
3.1534423585006115,1.3696423446376134,23.26894999519999,1,0,0.1538723716637827
3.105299368908555,1.3544035294736336,51.71309545697616,1,1,0.3233181269991086
3.1440991268710734,1.3620682917435314,56.355544638732326,1,1,0.33865555031199207
3.1152220482915727,1.3771278100860556,43.11360521314058,1,0,0.2812123118871585
3.1440991268710734,1.3544035294736336,28.536499279560857,1,0,0.18465208956006504
3.1626511504699546,1.3620682917435314,55.09940659008763,1,1,0.33739709506580673
3.139375858200595,1.3620682917435314,20.749528289973263,1,0,0.13549368150595145
2.7458940423349705,1.3696423446376134,19.490761706564733,1,0,0.1057364584971947
3.1440991268710734,1.4340542011366133,37.95325891299986,1,0,0.2590582559907713
2.490764990790801,1.406223729495181,8.20849848514322,1,0,0.032011955324838755
3.244098689420949,1.3544035294736336,44.65454347670641,1,1,0.30098054637931937
3.271672184548188,1.3544035294736336,28.27671530223322,1,0,0.19592575114047506
2.360882850632919,1.3696423446376134,25.12193297422009,1,0,0.1347858004299722
2.6309592730709195,1.3146391895651497,8.037485655654192,1,0,0.023858214042263123
3.469142399534263,1.3990728171123803,54.04843447080039,1,1,0.3781133658434272
3.1002797353334985,1.3696423446376134,15.131431459808518,1,0,0.09488228199884641
3.1201262868487367,1.3696423446376134,44.44026597675983,1,1,0.2898379738870536
3.053238159658026,1.4475283830232255,49.674343431957226,1,1,0.3263856116616853
2.006716298194656,1.4672222445699483,45.130377267858535,1,1,0.275287085103036
2.959982600501933,1.4987557159342892,44.49695246311426,1,1,0.2905720727806617
2.953677130778406,1.5109465607155337,50.701965605449054,1,1,0.32468145351580935
2.5646932385487817,1.4475283830232255,6.280653253598463,1,0,0.027161659063499557
2.4775686469810494,1.3771278100860556,13.197189970449298,1,0,0.05862304021813224
3.0083074341071465,1.3990728171123803,55.465966496701846,1,1,0.33102616538199364
3.65255056943928,1.3990728171123803,51.4722795480568,1,1,0.39654449163651617
3.738010660718975,1.413295624654595,14.269442625410768,1,0,0.1793298725814063
3.105299368908555,1.4202902297951965,23.076296934112435,1,0,0.15623197525038016
3.2639145138074874,1.4408267511081576,10.352159494660617,1,0,0.0889046195794662
3.298106620478579,1.4408267511081576,29.86322833381256,1,0,0.22188139059304704
3.344477871176449,1.4408267511081576,11.74564406408094,1,0,0.11029835876461642
2.5163684049435684,1.3544035294736336,6.635727683151767,1,0,0.015153898589481412
2.8432968041538027,1.391841101749863,20.305543483673432,1,0,0.11732473388915106
3.0477913182705643,1.3990728171123803,38.29046093007486,1,0,0.2473126736930418
4.041829120974295,1.391841101749863,34.25880076214947,1,0,0.3734203764878612
4.091898082528404,1.3990728171123803,29.516926338586995,1,0,0.35244612238477274
2.3446794535229736,1.3308425866750953,50.95855974739951,1,1,0.2936395574432384
3.518187664187649,1.4607247268329768,50.28107495870473,1,1,0.38257039484033345
3.713355760241321,1.4340542011366133,17.509769891584437,1,0,0.19762990928635102
3.457713524398258,1.4408267511081576,21.696812201135565,1,0,0.19065596979707408
3.510270037434019,1.4408267511081576,31.027402994933706,1,0,0.25680352367468934
3.211059095561552,1.3771278100860556,53.1218490330194,1,1,0.33986156992291966
5.3378918482663575,1.391841101749863,56.62508480026707,0,1,0.6186880604058519
2.421881365707687,1.3620682917435314,5.685907772453102,1,0,0.010146295422369042
2.5875528114141124,1.3544035294736336,20.92094203489276,1,0,0.10977400241203922
2.984601020231723,1.3990728171123803,23.20684215905509,1,0,0.14498453148759896
3.895535825223876,1.3696423446376134,33.14614848703308,1,0,0.33107860101725134
3.871829411348453,1.4340542011366133,33.20961664918032,1,0,0.3361124220019926
3.806742393075613,1.4202902297951965,26.30174462967666,1,0,0.2720360757170573
3.948550868794532,1.3990728171123803,14.154828687864018,1,0,0.22306119238634578
4.297845367254196,1.3771278100860556,45.83187814546248,1,1,0.4882019820670127
3.939109180170508,1.391841101749863,41.68901489296926,1,0,0.40042472864558754
3.976067901280972,1.3990728171123803,37.367434530458254,1,0,0.38175764249383887
3.965724241788493,1.413295624654595,31.65645154602267,1,0,0.34311257930889827
3.193876855538391,1.4408267511081576,32.06654477430595,1,0,0.22476535053222169
3.808411233656145,1.4408267511081576,44.357002596633,1,1,0.393188610980022
4.006132137001551,3.271672184548188,62.479246429161655,0,1,0.6264747522416234
3.608546988373597,3.4995584903264847,14.6991821828475,1,0,0.3435845000262178
4.22304577831329,3.996266816424791,76.99197608389058,0,1,0.8246814535158093
4.741071566438143,4.442361635243761,41.03657090906101,0,1,0.8247076713334383
3.67346746379471,3.2520987935900565,44.00463909032269,1,1,0.48830685333752816
3.585356045363009,3.400451826586744,76.56556444785572,0,1,0.583110481883488
5.259333380380996,5.025809799860316,34.805127607693514,0,1,0.8264904829322007
4.398161984856952,3.803391600081089,31.880106945091843,0,1,0.6648052016150175
3.948550868794532,3.663094465249524,70.95007448203414,0,1,0.7137800849457291
4.38880900002905,3.9734976167018425,32.74880038911238,0,1,0.6917309003198574
3.1201262868487367,2.796446625578894,12.364714270180595,1,0,0.13696187929316764
3.1851095951491675,3.058639035591379,41.537180752830025,1,0,0.37386607938755173
3.871829411348453,3.471968011188098,43.00942498815908,0,0,0.5757957107650359
3.941821048634837,3.908494648155044,18.75680180379588,0,1,0.5176183734465943
3.635310469770924,3.466304257410829,72.86003422953816,0,1,0.6057888941324524
4.041829120974295,3.65255056943928,37.83293591366774,0,0,0.6201824760106969
3.777685333376874,3.671406270386683,36.16743366410127,0,0,0.5519374967227728
3.5710270886311823,2.8654955612660524,22.35245953248976,1,0,0.26521944313355356
3.933650724908096,3.592401988088365,43.39774488896411,0,0,0.6213360599863668
6.092207546319729,4.458255479747912,12.286896404214923,0,1,0.678071417335221
4.08327842361585,3.4312269860540323,63.4374334470192,0,1,0.6781238529704788
4.159863706019747,3.864237388750168,72.05550450675935,0,1,0.7936395574432384
3.922592134438749,3.443134306265894,74.959753076958,0,1,0.6599286875360494
3.0255282039758984,2.8654955612660524,45.225085156791664,1,1,0.3535472707251848
4.284519717453501,3.663094465249524,10.497319383630485,1,0,0.48149022075402437
4.122205786005069,4.015847693594841,17.067230247800858,0,1,0.554900110114834
6.927404202129561,6.019043312932813,22.39500631438694,0,1,0.7683917990666457
4.027788338461748,3.531169853737413,73.6516214587506,0,1,0.7070945414503697
4.371067992007952,3.5337349874318376,61.532400591181634,0,1,0.748230297310052
2.421881365707687,2.237764839338547,73.87769599846672,1,1,0.35228881547899954
4.608271931484772,4.461867907024505,55.80405862348713,0,1,0.8785852865607467
4.386786881443213,4.126275752026376,10.416944154539534,0,1,0.5591211787530806
3.717211193587484,3.4995584903264847,71.48155523912435,0,1,0.6251114257249227
3.079797987438347,2.966226552466967,56.15773633445069,1,1,0.41458235016517225
6.746605556685453,3.454824128971361,72.57507293360699,0,1,0.8325992344397252
6.768606217215332,4.589368626248003,49.39655843074876,0,1,0.9324104661527973
2.328055142224887,2.328055142224887,74.5401713231734,1,1,0.3552776466886896
6.808192427815612,5.392190193095488,25.780775248619246,0,1,0.7865869645010749
6.940299012023872,4.095100758102533,63.52949484747556,0,1,0.937208326778879
5.202294528239678,3.248111241749649,26.249422955860737,0,1,0.575218918777201
3.6957129891484217,2.237764839338547,63.03695105663448,1,1,0.439830108541765
4.631717776719832,4.342052520088092,66.71523389316913,0,1,0.8927166902627025
3.840905521895137,3.42214881965918,73.27945015984562,0,1,0.632583503749148
3.791523710345301,3.466304257410829,46.76347638530265,0,1,0.5745634733364794
3.330564279729149,3.095220420448946,41.359489313448606,1,0,0.39748833307115516
3.358095406182711,3.1440991268710734,46.88445917198976,1,1,0.4434481673745478
3.75453955643731,3.5734376376202874,28.07248897404052,1,0,0.474988201982067
4.859436984220683,4.581448958290765,50.834836161882656,0,1,0.9015258769859997
4.858791497529558,4.591333324644348,20.401142775837577,0,1,0.7089822243196475
4.639497636553209,4.397498428550749,57.719544255957935,0,1,0.8848251271564155
4.144276938690618,3.839319399645877,45.28743484252417,0,1,0.7231136280216034
6.971014763306852,6.636047396916277,75.60027468528354,0,1,0.9903518431125793
4.993413962398155,4.181624856277341,54.50670978507646,0,1,0.8950500760316711
6.227064776341158,4.076736629010066,78.82321515012191,0,1,0.9420324052225894
5.090348658335871,3.761750900338969,24.20849172532909,0,1,0.675266110848933
4.359900860273586,3.945867426708109,14.021501338450149,0,1,0.5621886634156573
4.442361635243761,4.186259199481539,51.21509077519652,0,1,0.831498086099313
4.805623789205937,4.3682944232033964,55.92962467963596,0,1,0.8974358974358974
5.776907221641762,4.045291708320373,12.27981885168186,0,1,0.6468459965392481
3.5900619489183745,3.520805254748625,60.14713293639809,0,1,0.6005191127890515
4.238551247327898,3.75453955643731,63.02031161138807,0,1,0.7776991243248913
4.889371064229128,3.9113390972817146,25.49725365012163,0,1,0.6954276126055268
4.028970240921374,3.717211193587484,36.07375904808418,0,0,0.6207854858161607
3.815043417358895,3.639664228057485,67.96844926018048,0,1,0.6738765665146033
4.246165349031479,3.732404785461451,51.268918571276885,0,1,0.7510356037963399
4.127289212253989,3.7599556677453,26.89141389286111,0,1,0.5859420061874049
3.981177708863833,3.597056554058976,78.07130557895474,0,1,0.7163756488909864
4.176956710125306,3.603975540365674,78.71320844972483,0,1,0.754968276440669
3.83132928338204,3.327038100010129,59.22074767650189,0,1,0.5910544806250327
3.615343512423172,3.42214881965918,28.302519009305183,1,0,0.411619736773111
4.143290045665456,3.87783884517235,32.380213833133986,0,1,0.6424414031775995
3.654673291119917,3.4775820822747137,28.402955626277368,1,0,0.43600230716795135
3.667263861103088,3.454824128971361,59.32770071974384,0,1,0.5930208169471972
5.018806994550159,3.374719717480798,16.60563163845315,0,1,0.5299669655497876
3.916990348128608,3.469142399534263,17.201412869058576,1,0,0.41502805306486285
3.227792074828318,3.0693059491819144,16.61907211824211,1,0,0.2159823816265534
3.275516039946724,3.1851095951491675,11.443932696362932,1,0,0.20780242252634892
3.1762205633663405,3.058639035591379,72.36948945191394,1,1,0.4619579466205233
3.03675656215248,2.900863675618084,15.13271890565964,1,0,0.16186880604058518
3.11027993879147,2.934379186349166,44.53879583043346,1,1,0.36563368465208956
3.1201262868487367,2.886950084170784,52.073058263192415,1,1,0.3967280163599182
3.510270037434019,3.347909514786936,79.55326483275445,0,1,0.5645220491846259
3.368121720899127,3.158063317203643,53.691694418021655,1,1,0.47650883540454086
3.319926915738084,3.1487877925300003,12.762117119310536,1,0,0.21684756960830578
3.0255282039758984,2.820300318249122,18.365638900929778,1,0,0.17225106182161398
3.11027993879147,2.8432968041538027,49.71862936255367,1,1,0.38482512715641554
3.368121720899127,3.283135177550767,12.245780073135435,1,0,0.2451103770122175
3.603975540365674,3.510270037434019,74.73792636269744,0,1,0.6147816055791515
3.724853075425512,3.526008535441905,53.77361998511363,0,1,0.6079911908132768
3.5661785805937694,3.305463023311049,64.8932879950038,0,1,0.5471134182790625
3.158063317203643,3.0255282039758984,70.06899614616164,1,1,0.4512086413926905
3.1201262868487367,2.966226552466967,72.21602042590274,1,1,0.44056420743537306
3.235997315422917,3.129823442061922,29.61686747131299,1,0,0.3123852970478737
3.1002797353334985,2.9144812106243463,65.70365843693386,1,1,0.42433537832310836
3.211059095561552,3.014099328839894,26.045605896589965,1,0,0.26582245293901735
3.1002797353334985,2.886950084170784,73.12384963342,1,1,0.4280320906087777
3.0693059491819144,2.7281151213064425,48.76607230045354,1,1,0.36198940800167795
3.0255282039758984,2.8727272766285696,43.21463992024071,1,0,0.34203764878611503
3.454824128971361,2.17676632426378,74.08772138327348,1,1,0.4182790624508416
5.7165314803861165,3.3340711378185097,39.3109722700755,0,1,0.686933039693776
3.8361353134762046,3.483147334733948,44.88810579552554,0,1,0.580278957579571
4.813643507327513,4.468438193380089,46.3290024163385,0,1,0.8676524566095117
4.66447641665288,4.507622346232538,45.93121267433269,0,1,0.8497194693513711
4.885666278196331,4.628023682769674,22.90636201273736,0,1,0.7281736668239737
5.166578773228479,3.861175181951233,63.40776323648072,0,1,0.8863981962141471
4.79322373344558,4.5612101176952375,53.89993300863734,0,1,0.9013947878978553
5.6808991456044415,4.420963378548568,57.578895243279575,0,1,0.9354517329977453
4.373829592840856,3.734278871720067,37.169340872406174,0,0,0.685412406271302
5.550500668185798,5.101494882243588,54.83087934908114,0,1,0.9382832573016621
5.249764084259608,4.586904241223821,69.48517714981324,0,1,0.9507891563106288
4.55604879939973,4.091898082528404,21.94543333210192,0,1,0.6539248072990403
4.434264203625386,4.271719290761233,54.1414219680384,0,1,0.8442137276493105
5.253260405437974,5.00379537412522,11.346633027052391,0,1,0.6705731214933669
4.713715280653449,4.408686374121833,25.926857351145248,0,1,0.720570499711604
3.777685333376874,3.510270037434019,60.249222210510624,0,1,0.6276283362172932
4.506503464828679,4.207155306854814,24.112858685426083,0,1,0.6705993393109958
4.216032009487869,4.08327842361585,46.49599855256061,0,1,0.7672644329086048
4.278951006123751,4.0049072562448895,31.39397370974672,0,1,0.6708615174872844
4.77765295129571,3.914170960309142,21.183898251388744,0,1,0.6577263908552252
6.807424231065037,4.714929318323848,65.21001067169375,0,1,0.9684337475748519
3.541369272785613,2.927815026242165,12.014305211629592,1,0,0.2020869382832573
3.883792376476231,3.675522040198069,78.33168201435367,0,1,0.7103455508363483
4.373829592840856,4.30937721077591,18.3308469933684,0,1,0.623354831943789
4.136338852429229,4.031327517987803,73.47722622872132,0,1,0.8102616538199361
4.571409536743437,4.051021379534525,53.59051331162217,0,1,0.8413559855277647
4.585915824038941,4.105662053869821,47.93579654095139,0,1,0.8264904829322007
2.8727272766285696,2.2568707357543434,57.54700973076352,1,1,0.3443185989198259
3.29439646516061,2.7281151213064425,77.56079212507618,1,1,0.43448167374547747
2.376686122690757,1.8498379250535453,11.30491673366985,1,0,0.05602747627287505
2.5163684049435684,1.8132565401959784,59.49522487177044,1,1,0.3323632740810655
3.671406270386683,3.215283533341617,23.571335322983487,1,0,0.3477793508468355
4.117081659353075,3.6309268909897554,45.89497587402369,0,1,0.6816894761680038
4.37726492046646,3.3234923845697346,70.2565417981379,0,1,0.7025326411829479
4.402787714854681,3.907067668745592,65.99606854262474,0,1,0.8269624036495201
4.307851584308533,3.87783884517235,64.13064097171865,0,1,0.8088458916679775
3.69372231880321,3.1440991268710734,68.20930547402254,0,1,0.5397986471606103
3.520805254748625,2.4775686469810494,48.23445133391652,1,1,0.3890986314299198
3.3844908996445024,2.9408767040861377,43.29762512484428,1,0,0.39140579938125947
3.494134729052262,3.381250386392313,28.703027903944648,1,0,0.38728960201352836
3.419093921257479,3.419093921257479,21.232106793920146,1,0,0.34148707461590894
3.635310469770924,3.504936673236167,78.89227064454708,0,1,0.6225420795972942
4.21779267084588,4.018253711466141,58.94258627854511,0,1,0.8049656546589062
4.187182054724355,4.015847693594841,12.851017423131738,0,1,0.5385926275496828
4.3968341835508005,3.7829098521859374,75.46576400365211,0,1,0.8190446227256043
4.297845367254196,4.069019050565184,51.17354768041161,0,1,0.8025011798017934
4.30402153098678,4.084362251139903,71.1405069578527,0,1,0.8375019663363221
4.088679299549203,3.777685333376874,57.73462959651959,0,1,0.7510880394315977
5.102598901837699,4.632178042831003,56.883684729950026,0,1,0.9301557338367155
4.653890372407916,4.091898082528404,67.61808039514732,0,1,0.8789261181899218
4.408033645865356,3.9683258713873215,42.993341453928025,0,1,0.7619422159299459
4.32220026790258,3.9253747475178553,31.729813153499897,0,1,0.6707042105815111
4.6503224189161285,4.0993462131397385,36.913697865089055,0,1,0.7651932253159246
6.980996785013501,4.883495207541522,78.5545180577227,0,1,0.9885690315138168
4.737959098297658,4.415177301971193,74.57891430777036,0,1,0.9178071417335221
4.877564904198301,4.613504216294528,53.70244989798826,0,1,0.9108332022442451
3.6309268909897554,3.419093921257479,35.24804034525336,1,0,0.45975564993969903
4.313175441508592,4.026604249317325,38.6824564259457,0,1,0.7269938650306749
4.591823558295281,4.402128939706448,74.8251155133082,0,1,0.8999528079282682
4.768050924676799,4.369682710081825,17.635154666915906,0,1,0.6712023491164595
4.73990616399169,4.469625577765206,39.95554230679037,0,1,0.8188610980022023
4.642673821732172,4.413884372238536,53.34318780161274,0,1,0.87551780189817
4.620102212876199,3.995022889891306,46.56646204660736,0,1,0.811598762519008
4.687251562369483,3.675522040198069,32.19348602166084,0,1,0.6774421897121284
4.555011522025181,4.30402153098678,43.927286103753104,0,1,0.8140894551937495
4.479630379205095,4.288467910110598,71.20335076833562,0,1,0.8753604949923969
4.57945363321391,4.289254634241626,13.222782967383251,0,1,0.6144407739499764
4.074541086548121,3.639664228057485,73.81983852233932,0,1,0.7392375858633528
4.628486612265446,4.008574888058639,19.002684232781583,0,1,0.6351004142415185
4.438014214354277,4.2528582204836125,28.13303582566565,0,1,0.6924649992134655
3.995022889891306,3.85189965727759,73.57185709766655,0,1,0.7636201562581931
2.921182842539415,2.155069331191344,73.58713935018689,1,1,0.3642703581353888
3.4995584903264847,3.0477913182705643,78.35876842580706,0,1,0.5062660584132977
3.844066022145109,2.886950084170784,76.7425660247801,0,1,0.537779875203188
3.677570041945698,3.451921629665512,59.66860957653476,0,1,0.5941219652876094
3.3972913263367714,2.6616851733501905,43.45898815154422,1,0,0.3607047349378638
4.15600245750508,3.842487722948185,59.3996353315081,0,1,0.7763095799905616
4.262768095897399,3.965724241788493,48.7097209814738,0,1,0.7772796392428295
6.738678600148821,4.2536899295025465,76.8954259488269,0,1,0.9598080855749568
5.459775256622304,5.255870168467052,23.994209222318272,0,1,0.7594777410728332
3.745409587055664,3.483147334733948,38.99346450453813,0,0,0.5223113628021604
4.235137905903666,3.707528709365852,44.43138643690643,0,1,0.7078548581616065
3.7880920667348135,3.551408694332941,59.86640899241668,0,1,0.6401604530438886
4.392834170529891,3.691725437308014,16.26070838126568,0,0,0.5401919144250432
4.274138953378773,3.745409587055664,21.682610336525848,0,0,0.5722563053851397
4.242792482199967,3.608546988373597,27.521667607803032,0,0,0.5765035918410152
3.829719219639802,3.703614324074693,34.5658043238062,0,0,0.5610088616223585
3.454824128971361,2.771669337783252,18.87765414581949,1,0,0.21655917361438834
3.1201262868487367,2.780035469986358,19.966303181166133,1,0,0.18520266373027106
3.1851095951491675,2.7631923926632385,73.36931167569826,1,1,0.4217922500131089
2.7190369549115903,2.5163684049435684,44.19167518820057,1,1,0.29932882386870113
3.3234923845697346,3.090120791873473,46.485602502410856,1,1,0.4265114571863038
3.3091097568244168,3.0745734686292843,50.505844557754216,1,1,0.44475905825599077
3.3513228562111674,3.124993230455277,17.509354320883155,1,0,0.24904304965654664
3.443134306265894,3.0745734686292843,40.4878429780925,1,0,0.40236484715012316
3.3234923845697346,3.0745734686292843,65.04531474747755,1,1,0.4745949347176341
3.3234923845697346,3.124993230455277,17.046788254767993,1,0,0.2409941796444864
2.820300318249122,2.5646932385487817,71.63423205540619,1,1,0.37675003932672646
3.469142399534263,3.2678051032963715,77.06654517463596,0,1,0.5424728645587541
4.241099359519376,3.617593075371937,10.165990759856651,1,0,0.4636883225840281
4.874106286102934,4.689358907045947,67.31583215417362,0,1,0.9346127628336217
4.302483068707487,3.5900619489183745,52.13448213058293,0,1,0.7310838445807771
3.504936673236167,3.202525635805094,35.58347252109475,1,0,0.4014210057154843
4.555530370857814,4.270101085095083,45.24715756268866,0,1,0.819857375072099
4.175079875935688,4.009792776152135,79.84656623072078,0,1,0.8212207015887998
4.534976937193991,4.344941915514989,22.511145214999324,0,1,0.6728540716270778
4.58343808188108,4.389481622266474,67.0167783984612,0,1,0.8895705521472393
4.58343808188108,4.2204246142398585,65.2331753893375,0,1,0.8765402967856956
4.517605217611945,4.107753558999176,27.834193590310296,0,1,0.688584762204394
4.302483068707487,4.031327517987803,72.54939596323801,0,1,0.834513135126632
4.521992552702539,3.92814531461519,19.176011342620967,0,1,0.6145980808557495
4.03367614447674,3.781173080428116,70.8187077089096,0,1,0.7563840385926275
4.367599148827575,3.772417813929504,72.07000563282347,0,1,0.8091867232971528
3.959173519296316,3.523412182996712,55.26971342823173,0,1,0.663232132557286
3.949888382342986,3.592401988088365,13.613890983081392,1,0,0.42879240732001467
4.15600245750508,3.967026378555077,45.40016113857738,0,1,0.7409941796444864
4.438014214354277,3.637491051096756,45.20661300467994,0,1,0.7264695086780977
4.551889564614983,4.144276938690618,22.037924403958336,0,1,0.658512925384091
4.049879541586685,3.5900619489183745,21.127612685353217,1,0,0.49931833674164966
4.762069572729127,3.7671065801281,78.11570799823421,0,1,0.8630381207068324
4.745326644064376,3.709476960489838,28.87695510975029,0,1,0.6690000524356353
5.267057760052408,4.08327842361585,52.72061024291408,0,1,0.8936343138797126
5.0376391701269805,4.653890372407916,65.59977549220379,0,1,0.9412983063289811
4.628486612265446,4.120161055831296,26.625600175445832,0,1,0.6956635729641865
4.918555909104533,4.364111401776333,75.6997616938608,0,1,0.93419327775156
4.7661877501440255,3.805069189508208,58.84971170410685,0,1,0.848251271564155
5.1298094777739,3.823238151596328,39.30717678362347,0,1,0.7865345288658171
4.803515055831952,3.768881893333044,23.1403207902202,0,1,0.6519584709768759
4.6600868246849805,3.965724241788493,52.08706746174545,0,1,0.8395731739290021
4.627560418181948,4.2536899295025465,64.70502963870881,0,1,0.8839337213570341
4.456441590956953,3.74356785916599,32.69003712662329,0,0,0.6668501913900687
4.437390736467657,3.781173080428116,17.287532940630026,0,1,0.5728068795553458
4.870628875720216,3.775934306292795,20.696569290569112,0,1,0.6445650464055372
4.4576514211849005,3.6242947072870058,54.94531563356247,0,1,0.7653767500393268
4.344220788678131,3.719130235505088,73.56811976945711,0,1,0.797493576634681
4.449134185215304,3.74356785916599,30.12293680852057,0,0,0.649677520843165
4.854904845908502,3.717211193587484,41.93295465771276,0,1,0.7703843532064392
4.3427760928050745,3.705574509374242,58.59487697861629,0,1,0.7766504116197367
4.105662053869821,3.953884232992384,69.74882003656772,0,1,0.792014052750249
4.757168223295091,4.054434720958758,28.69999922087341,0,1,0.7175030150490272
4.439259350933792,3.726749373109132,37.628133909455485,0,0,0.6960568402286195
4.756789637066957,4.086524415358545,43.36599002041385,0,1,0.8186513554611713
4.70924400174914,4.089754026921824,61.068004644785375,0,1,0.877405484767448
4.473174570223718,3.6265130803919567,68.48825680210865,0,1,0.7892087462639611
4.705562304155893,3.8361353134762046,67.0309498239823,0,1,0.8561690524880708
4.282139057547881,3.858098252947647,27.64104935915285,0,1,0.6303287714330659
4.237699617129046,3.8550064594950615,11.438741541247964,0,1,0.5165958785590687
4.373829592840856,3.819972838390634,45.377019579195895,0,1,0.7532379004771643
4.557601570076507,4.012221621572008,78.22372619001646,0,1,0.8707199412720885
4.424155405115633,4.013432596389312,21.336214419123504,0,1,0.6272350689528604
4.613504216294528,3.919797370172292,39.69356576379455,0,1,0.759136909443658
4.5534524469545365,3.847210991618664,65.91857925837546,0,1,0.8375806197892087
4.338422334518513,3.3340711378185097,50.08399451877335,0,1,0.6664831419432646
4.705151916196977,4.116051892437427,66.42119149207451,0,1,0.8857689685910545
3.883792376476231,3.5155593237379508,59.99093232103312,0,1,0.6561795396151224
4.588384010669184,4.363411565730656,30.62771826995564,0,1,0.732420953279849
4.592313416719502,4.075639799264315,44.12379199055842,0,1,0.8018457343610718
4.757924724565206,4.329624945139546,27.63896473532512,0,1,0.7322636463740758
3.939109180170508,3.563740482407102,63.87361963850728,0,1,0.6842063866603745
4.492922053319632,4.465460058643679,13.499454364816147,0,1,0.6144669917676052
4.105662053869821,3.4342246496139848,10.73565655636624,1,0,0.40016255046929894
4.046441753553462,3.752723952382782,53.94641451541861,0,1,0.7276755282890252
4.571915265730637,4.144276938690618,27.253865401710826,0,1,0.6949556918882073
4.295513852835955,3.826486889536718,26.488915329032345,0,1,0.6213884956216246
4.815028040047038,4.180693947022304,52.859654667410446,0,1,0.8788736825546642
4.480797198124464,3.4490059070825607,47.03053054768143,0,1,0.6937758900949085
4.51041102166867,4.082192757537015,30.8645004576093,0,1,0.7040794924230508
4.154063062081605,3.466304257410829,12.60886612778824,1,0,0.43146662471815844
6.9739250200918175,3.960489038772857,61.7609044579286,0,1,0.9225525667243458
4.869994584290695,3.921196277833079,65.7620383828762,0,1,0.883042315557653
4.592802900490972,3.454824128971361,41.733422745141645,0,1,0.6788841696817157
4.737568973323676,3.749077218869414,59.925159333169965,0,1,0.8365056892664254
3.9552106583376463,3.844066022145109,18.53310770633484,0,1,0.5115882753919564
5.463802801870673,5.032736809887137,32.912610479785975,0,1,0.8167898904095224
4.564287046698824,4.361307454246373,55.30882290080869,0,1,0.867049446804048
4.2026703550740745,3.939109180170508,53.44238812922014,0,1,0.7810287871637565
4.53818228613119,4.146246171013484,61.81778272606324,0,1,0.8618321010959047
4.095100758102533,3.952555052867688,47.42109418935736,0,1,0.739552199674899
4.15600245750508,3.939109180170508,71.16713736442647,0,1,0.8008232394735462
3.939109180170508,3.819972838390634,38.9235195618256,0,1,0.637643542551518
4.15600245750508,3.896988720285981,50.78171963647063,0,1,0.7626763148235541
4.175079875935688,4.175079875935688,72.4491263174824,0,1,0.8270410571024067
4.8961079685408,4.246165349031479,62.424896315167786,0,1,0.9100466677153793
4.8961079685408,4.482543447502515,76.72042644881864,0,1,0.9399349798122804
4.084362251139903,3.9113390972817146,51.797454813676126,0,1,0.7538146924649992
4.632178042831003,4.632178042831003,33.14849055668672,0,1,0.7671333438204604
3.965724241788493,3.8823091776663983,49.40478581117776,0,1,0.7190236484715012
4.382043609334643,4.184409487211309,17.34565162787529,0,1,0.6091185569713177
4.667966541184921,4.482543447502515,61.69253471207664,0,1,0.8987992239525981
4.084362251139903,3.9253747475178553,73.39284744678108,0,1,0.7896806669812806
3.991276537730371,3.939109180170508,76.74963548434528,0,1,0.7766504116197369
4.0395102778578655,3.9113390972817146,30.761544226340348,0,1,0.6163546746368832
4.940243098180309,4.578953828424744,40.49711250214241,0,1,0.8453148759897227
4.733261829505309,3.9253747475178553,50.32796457103765,0,1,0.8400450946463217
3.919797370172292,3.580615282945177,62.519075559378805,0,1,0.6811651198154265
4.073440484385223,3.709476960489838,17.372546852589977,0,0,0.5033820984741231
5.378002070482089,4.532831084387392,31.735757220488924,0,1,0.8005086256619999
4.420323058335074,4.286891554633865,18.29256540510687,0,1,0.628231346022757
4.303252762125574,4.075639799264315,16.380768550763904,0,1,0.5833726600597766
4.634932709924455,4.230845468619366,13.29327746593346,0,1,0.6168265953542028
3.945867426708109,3.7398684269000704,69.53803942945156,0,1,0.7282261024592313
4.415177301971193,4.182554413448742,75.02260800359998,0,1,0.8647947144879661
4.480797198124464,4.206260827324165,54.13838100115884,0,1,0.8434534109380736
4.591333324644348,4.292391895425758,30.79227987374983,0,1,0.7301924387813958
4.458858968712949,4.3682944232033964,73.45680703527306,0,1,0.8807089297886844
3.283135177550767,2.7631923926632385,78.38340290507269,1,1,0.4378899900372293
3.732404785461451,3.279336946818085,18.946787247010047,1,0,0.33881285721776516
4.382043609334643,3.750903183018154,38.73211081517101,0,1,0.6990718892559383
4.51650366828665,2.953677130778406,43.08468152999858,0,0,0.5774474332756542
4.095100758102533,3.510270037434019,47.09741952352472,0,1,0.6568349850558439
4.768422909575385,4.53818228613119,15.29425466096465,0,1,0.6639924492685229
4.689358907045947,4.476703990933165,66.19384978835195,0,1,0.9066907870588853
4.018253711466141,3.592401988088365,64.39892710139176,0,1,0.708352996696555
3.3340711378185097,1.5903402558643205,38.64853440004951,1,0,0.28766189502385825
3.7398684269000704,3.5022532311497443,70.20720096479447,0,1,0.6291489696397672
3.11027993879147,2.9408767040861377,48.36075295066261,1,1,0.38878401761837345
3.0255282039758984,2.927815026242165,16.388971321783252,1,0,0.17353573488542814
3.283135177550767,3.014099328839894,23.56586201286895,1,0,0.25759005820355513
3.202525635805094,2.927815026242165,56.32046057195102,1,1,0.420088091867233
3.425189205424682,3.129823442061922,38.27007853915782,1,0,0.3956006502018772
3.0693059491819144,2.886950084170784,55.43902500240793,1,1,0.400346075192701
3.298106620478579,3.129823442061922,62.41096861831057,1,1,0.4775051124744376
3.1487877925300003,3.0255282039758984,47.58250195815359,1,1,0.4010277384510513
3.235997315422917,3.0693059491819144,19.81578931232901,1,0,0.2375858633527345
3.158063317203643,2.966226552466967,37.28458855711119,1,0,0.32751297781972627
3.775934306292795,3.6976974868625,75.06835808173383,0,1,0.6844947826542919
4.460064242138847,4.426063007124041,19.42449098972064,0,1,0.6480257983325468
3.905637500552684,3.7863693200687583,35.046193872680576,0,1,0.59986366734833
3.896988720285981,3.7863693200687583,53.06914780168918,0,1,0.7001992554139793
3.9253747475178553,3.7863693200687583,77.38606428232893,0,1,0.7413874469089192
3.1487877925300003,3.058639035591379,68.68768160084304,1,1,0.4553248387604216
4.37726492046646,3.648283886970039,24.6058532820071,0,0,0.5841854124062713
3.995022889891306,3.615343512423172,48.88544345027364,0,1,0.6742698337790363
4.024229478503542,3.615343512423172,25.40663093448276,0,0,0.5276597975984479
3.908494648155044,3.4775820822747137,35.51942249027146,0,0,0.5364427665041163
6.422398819032537,5.938576979049364,41.12464236890867,0,1,0.8830160977400241
4.203569863303665,3.864237388750168,62.56795903153688,0,1,0.7897855382517959
3.5686074260136422,3.0745734686292843,50.06279241548327,1,1,0.47713806302763356
3.3909231145907435,3.058639035591379,43.29588857000298,1,0,0.411436212049709
3.594733502506606,3.124993230455277,25.01474187491173,1,0,0.3284306014367364
3.932278805840413,3.469142399534263,72.43510430822101,0,1,0.6674269833779035
4.433637060018123,3.957855290199989,79.51141315684144,0,1,0.8513187562267316
3.0693059491819144,2.886950084170784,75.59353646232408,1,1,0.42866131823187037
4.9310796306768605,4.699378681172381,69.13790814245647,0,1,0.9401447223533114
5.3977785280995,3.617593075371937,36.815967229142124,0,1,0.7379529127995386
4.812603138634585,3.844066022145109,40.27413353089244,0,1,0.7776991243248913
4.989477103562319,3.5993712039598966,41.25618297921491,0,1,0.7492265743799487
5.032736809887137,3.6242947072870058,42.937769610440334,0,1,0.7683393634313879
4.297069139142062,3.991276537730371,71.7624689301878,0,1,0.828509254889623
4.417111812260208,4.175079875935688,51.232203476391255,0,1,0.8271459283729222
4.270101085095083,3.772417813929504,10.247623493735048,0,1,0.5007865345288659
3.37142922180053,3.0745734686292843,59.32436652270917,1,1,0.47540768706412884
3.344477871176449,3.1534423585006115,73.62931220930291,0,1,0.5016517225106182
3.347909514786936,3.11027993879147,24.327629722741527,1,0,0.29041476587488857
3.354718089638171,3.139375858200595,11.004611805663387,1,0,0.20798594724975092
3.4859119178664386,3.206806588221604,71.2738263580137,0,1,0.5257983325467989
3.358095406182711,3.124993230455277,23.183578624900484,1,0,0.28774054847674485
3.3234923845697346,3.105299368908555,43.34658643057208,1,0,0.4109380735147606
4.243637366811118,3.9183953980892072,27.34564442621349,0,1,0.6300403754391485
4.621507262836797,3.85189965727759,40.77514066734104,0,1,0.7588747312673693
4.730111053910833,4.341328128386534,41.91748374836551,0,1,0.8243930575218918
4.813989921409043,4.534441148129631,65.91982849541706,0,1,0.923653715064758
4.762069572729127,4.420323058335074,60.78210342050812,0,1,0.9060877772534214
4.349967179695907,4.092967422793888,76.86529502011507,0,1,0.8517120234911646
5.290509742710115,4.913239773323571,71.83477059351497,0,1,0.9593623826752662
4.855229636577741,4.449134185215304,77.77339737469978,0,1,0.9361858318913533
4.677467390425082,3.9786279046943136,60.93515043931238,0,1,0.8632216454302344
4.607315994040431,3.68569713528146,22.92619056970236,0,1,0.609433170782864
4.638131574134884,4.525806953095381,21.64797959891339,0,1,0.6893188610980022
4.523084703138225,4.287680217703474,16.76390492518273,0,1,0.6304598605212103
4.850340384380648,4.406071457307381,53.87856855715202,0,1,0.899008966493629
4.849358035761075,4.687251562369483,56.35864602157739,0,1,0.9149493996119763
4.815028040047038,4.447908131200495,48.8651260602047,0,1,0.8831209690105396
5.454959392314444,4.960668875501953,75.85389513030944,0,1,0.9667558072466047
4.947311868957582,4.593292010182337,78.07787176707775,0,1,0.949032562529495
5.0919208647766405,4.586904241223821,29.96927302611313,0,1,0.7830999947564364
4.331835655455123,3.810075733944182,10.791318264213288,0,1,0.5194011850453568
4.483704972322242,4.107753558999176,57.52468019192226,0,1,0.845813014524671
4.511523098403735,3.895535825223876,45.670295303111736,0,1,0.7822348067746839
4.494064910766182,4.115020465945048,58.5807893109936,0,1,0.8498505584395155
5.058774298934461,4.769908690857895,36.09588037007769,0,1,0.8267526611084893
2.99061045405562,2.796446625578894,22.41186136742258,1,0,0.19414293954171255
5.300303353863291,3.5464086689013925,35.53587528651649,0,1,0.7131246395050077
4.086524415358545,3.667263861103088,62.98363497355675,0,1,0.7345970321430443
3.3972913263367714,2.552949789801136,35.50128758137479,1,0,0.29935504168633004
3.687712884979313,3.358095406182711,64.3485678584108,0,1,0.5746683446069949
4.455229469382507,2.780035469986358,25.74119814938104,1,0,0.43377379266949817
4.498048916517123,3.090120791873473,21.61302040586065,1,0,0.4581039274290808
4.289254634241626,3.959173519296316,26.051691998715945,0,1,0.633868176812962
4.793581375254273,3.999984155046069,41.636029388228295,0,1,0.8031566252425147
4.576950696899031,3.834537310149108,71.44055939620127,0,1,0.8445283414608569
4.37863390494566,3.724853075425512,41.57599785960477,0,0,0.7127838078758324
4.589368626248003,3.8487776998673935,39.878886856022106,0,1,0.7486497823921137
4.179761681744567,3.711419298854736,49.07075743383393,0,1,0.7289602013528395
4.585421042413989,3.880822533560069,20.814947629581926,0,1,0.6281789103874994
4.382043609334643,3.719130235505088,22.818501600196704,0,0,0.5890357086676106
4.908178104697397,3.912756595092629,33.77097586061508,0,1,0.7517959205075769
4.759435049749905,3.1762205633663405,13.370003756439388,1,1,0.45170677992763886
4.440502069770854,3.834537310149108,59.36249074840669,0,1,0.8155052173457081
4.563775251389662,4.073440484385223,65.69888050515581,0,1,0.8631167741597189
4.704330349973759,3.779431582754925,51.1459561565362,0,1,0.8178910387499344
3.871829411348453,3.675522040198069,43.79473127260197,0,1,0.6263174453358502
4.668836106536084,4.021845863085313,43.10495107864722,0,1,0.800298883120969
4.934818127040769,4.030149964757719,40.36876713112592,0,1,0.8092391589324105
4.671004864965214,4.03367614447674,24.975635890398312,0,1,0.6825284463321273
4.841776180415316,3.451921629665512,31.103301005034687,0,1,0.6345498400713124
4.648979291455699,3.829719219639802,65.60080229273662,0,1,0.8469928163179697
4.710466542713057,3.987508126450229,77.15674529649507,0,1,0.8857165329557968
4.749936507932574,3.832935306809513,74.22208333344372,0,1,0.8687011693146663
4.700620194655791,3.9644194503069903,60.5743371892063,0,1,0.8633265167007499
4.640860789358217,3.800023171252753,25.39978796692716,0,1,0.6526139164175974
4.567349253497759,4.091898082528404,60.14466653296692,0,1,0.8597608935032248
4.853278415554152,3.7829098521859374,65.08212564374898,0,1,0.861045566567039
4.460064242138847,3.791523710345301,67.3591918870008,0,1,0.8194903256252949
4.951515956770237,4.634015804323498,22.15299952927596,0,1,0.7278852708300562
4.938534912112868,4.551889564614983,38.61133803181213,0,1,0.8317864820932305
5.0376391701269805,4.527434762366312,63.46017633795634,0,1,0.9346914162865083
4.655666917615277,3.622068618086158,34.62417048037265,0,1,0.6810078129096534
4.682165442886263,3.92814531461519,14.71991749042151,0,1,0.6053694090503906
4.347100433581318,3.510270037434019,79.04602910650927,0,1,0.75816685019139
4.62570399918634,4.177893067278432,30.406302710403384,0,1,0.7223270934927376
4.637219243260502,4.420323058335074,64.37503023849806,0,1,0.8950500760316711
5.1794246576245655,3.622068618086158,55.144833685026704,0,1,0.8276965025431283
4.9232445747634594,4.392165064352897,18.29955089997555,0,1,0.6896859105448062
4.7213655762137305,3.803391600081089,59.42064470608062,0,1,0.8435058465733313
4.013432596389312,3.1762205633663405,72.30957975829531,0,1,0.6212574065334802
4.599132354894288,3.67346746379471,24.13876194303649,0,1,0.6142048135913166
4.4292297627191575,3.779431582754925,44.58544640105963,0,1,0.7501966336322164
4.449746332559916,3.728640068723488,76.83034729715071,0,1,0.8172880289444707
4.03834769806497,3.4490059070825607,58.84273207526375,0,1,0.6681610822715117
4.270101085095083,4.261127069357279,11.833745143910855,0,1,0.5633946830265848
4.520898535342123,3.750903183018154,69.65227778630934,0,1,0.8207749986891092
4.3427760928050745,3.701648116691032,26.031245339581,0,0,0.6010959047768863
4.342052520088092,3.68569713528146,35.44856439036304,0,0,0.6587488857427508
4.331099600169851,4.2204246142398585,45.51024021960132,0,1,0.7893398353521054
4.556566808331287,4.556566808331287,50.28729482918462,0,1,0.8644801006764197
3.3091097568244168,3.139375858200595,55.577245053884674,1,1,0.46738503486969746
3.358095406182711,3.124993230455277,69.83835838218992,1,1,0.49386503067484666
3.3234923845697346,3.079797987438347,70.81366246745729,1,1,0.48151643857165327
4.006132137001551,3.732404785461451,19.05118019103844,0,0,0.50713124639505
4.573934194849688,4.192691414427779,51.159727966714,0,1,0.846940380682712
4.8961079685408,4.56069585491144,75.6505301933612,0,1,0.942294583398878
4.717350506583498,4.491777151404289,45.08553952217606,0,1,0.849955429710031
4.208940524190863,4.041829120974295,53.84348957640366,0,1,0.7936919930784961
4.679179766028563,4.044139592797718,29.667368715544992,0,1,0.7143306591159351
4.120161055831296,4.120161055831296,59.6165393704649,0,1,0.8007183682030309
4.484864392929186,4.219548501851159,67.01186661021461,0,1,0.8667610508101307
4.237699617129046,4.237699617129046,76.48200881366168,0,1,0.845786796707042
4.246165349031479,3.9975083299082,17.591722842094764,0,1,0.5761103245765823
4.350681864303955,4.15600245750508,16.048935034280593,0,1,0.5949084998164753
4.762069572729127,4.327406572034596,12.743829458007363,0,1,0.6354674636883225
4.854579890329041,4.319206110394675,46.77506285402486,0,1,0.8653452886581721
4.670138243302668,4.28134353227454,14.638007571068837,0,1,0.6345760578889413
5.06582282832837,4.437390736467657,50.97965210633488,0,1,0.9067694405117718
3.60626534602832,2.771669337783252,73.72648611253045,1,1,0.4752241623407268
4.483704972322242,3.11027993879147,41.50515944572108,0,0,0.5907923024487441
4.724161212484293,3.895535825223876,17.060268294716742,0,1,0.6210738818100782
4.268478777509043,4.003680026722155,36.220978715173736,0,1,0.7031356509884117
4.227390669406849,3.9113390972817146,37.13575506374643,0,1,0.6919668606785171
4.571409536743437,4.336234298199291,45.987437385530896,0,1,0.8301871952178702
4.532293495107569,4.30402153098678,13.896772160324042,0,1,0.6134182790624508
4.565819981563434,4.250356588633978,67.34978818076833,0,1,0.87966021708353
4.530678012550188,4.03367614447674,69.88818034475516,0,1,0.8599706360442557
4.152117771830151,3.87783884517235,68.42677540173862,0,1,0.7899428451575691
4.741071566438143,4.236846852179428,52.86188291557384,0,1,0.8742593466519847
4.667095792751281,4.450357894957143,14.641888563597426,0,1,0.643673640606156
4.629411467917721,4.189023782614028,18.96422980806232,0,1,0.6501494415604845
4.586904241223821,4.008574888058639,46.03383308857628,0,1,0.8060930208169471
8.414741167019997,5.372237564048795,65.34598840503358,0,1,0.9803366367783547
4.763195342588443,4.318455377170762,52.63269674142353,0,1,0.882858790834251
4.819507196957144,4.725355614075125,43.186568308415055,0,1,0.8580567353573488
4.199059626173807,3.9987474396853946,68.9612799604398,0,1,0.8122804257773583
4.599616653063444,3.709476960489838,10.430423426395055,0,1,0.5308059357139111
4.637219243260502,3.826486889536718,24.21362944510633,0,1,0.6492318179434743
4.7996309059790265,4.347818324851207,70.13692571012234,0,1,0.9165486864873368
4.909372692071755,4.577953046359987,17.47149819791407,0,1,0.6924649992134655
4.545599587695775,4.091898082528404,52.65808262610996,0,1,0.8388915106706518
4.826337571287237,4.5109673015820055,60.20455282439116,0,1,0.9174138744690891
3.0422977223080734,2.5163684049435684,32.738459558601654,1,0,0.23826752661108488
2.7546016596506684,2.006716298194656,62.516435298939214,1,1,0.342981490220754
4.344220788678131,4.191776475029639,68.43142037923405,0,1,0.8482250537465261
4.764693295291004,4.400809351610091,50.4370143138527,0,1,0.8822033453935294
3.9377489246106254,3.4490059070825607,70.46823957247561,0,1,0.6600073409889361
4.783854196734636,4.074541086548121,24.65930434820926,0,1,0.696686067851712
4.593292010182337,4.384758353595996,40.32443530169552,0,1,0.7992239525981857
4.287680217703474,4.287680217703474,73.31826803654744,0,1,0.8537570132662157
4.710059288483598,4.365508782244137,11.80745697217431,0,1,0.6245084159194588
4.673166298968276,4.601067352589007,53.59299612774463,0,1,0.8883907503539406
4.495775379490327,4.3427760928050745,31.78730632925511,0,1,0.7279114886476848
4.534976937193991,4.449746332559916,33.79541908742786,0,1,0.7525562372188138
4.6049198849143735,3.972208593103954,14.112150435557076,0,1,0.5961669550626606
4.766933670974384,4.524174993010086,25.624126851041648,0,1,0.7304546169576844
4.861369547339865,4.722964577670113,22.04409628962245,0,1,0.7228776676629437
5.076482017511286,4.496344521368654,25.642982318420906,0,1,0.7505899008966493
4.631717776719832,4.461267250011856,71.28510763927517,0,1,0.9035970845786796
4.640406727615155,4.484284945175706,38.28252150932504,0,1,0.7968119133763305
4.709651774939107,4.305556303904547,49.03478655062128,0,1,0.8643490115882754
4.6825908333971045,4.413884372238536,32.078439288105194,0,1,0.7570132662157202
4.687251562369483,4.195428410758826,43.99265444068907,0,1,0.8220334539352945
4.806675556081924,4.387461631110354,72.40982773260376,0,1,0.9217135965602224
4.224787275986481,3.9552106583376463,20.489977967091,0,1,0.5874888574275077
4.594269109608768,3.7829098521859374,56.03353743122872,0,1,0.8166063656861203
4.441742380236569,4.413236926558636,37.39226488519327,0,1,0.7639872057049971
4.481379810818318,4.395503621740987,27.29317136991532,0,1,0.6998059881495465
4.706382291455764,4.242792482199967,61.83154820858592,0,1,0.8896492056001258
4.727737750820324,4.208048537983757,75.6616462717357,0,1,0.9047768863719785
4.495775379490327,3.834537310149108,42.08031662209107,0,1,0.7510618216139688
4.499748784714318,4.076736629010066,58.509588110204106,0,1,0.8467306381416811
4.407380251219527,4.032502908584476,71.5245603082455,0,1,0.8472549944942583
4.483704972322242,3.711419298854736,31.001589708827403,0,0,0.6520109066121336
4.448521451803254,4.042985399518262,12.646721249954377,0,1,0.5755073147711184
4.693552893220918,4.239401745791932,70.93570425880034,0,1,0.8974621152535263
4.512078412972198,4.150166550806561,56.26500224650408,0,1,0.8485396675580724
4.673166298968276,4.239401745791932,69.46778380070263,0,1,0.8939227098736301
4.644030233402035,4.234281718485003,70.9454507347694,0,1,0.8913533637460018
4.515400219737441,4.150166550806561,74.90107246255013,0,1,0.8746263960987887
4.437390736467657,4.097227005905399,28.02743017377073,0,1,0.6796969220282104
4.812950116143762,3.9350197093872943,47.31877630567852,0,1,0.831891353363746
3.0745734686292843,2.6203805198221444,51.39668171781285,1,1,0.36219915054270885
3.0477913182705643,2.421881365707687,13.69332673668699,1,0,0.10757170573121493
4.844753699355297,4.536047171557103,54.94681039689231,0,1,0.9072937968643492
4.762445049419275,4.433009301262544,57.340921503101285,0,1,0.900529599916103
4.699378681172381,4.26030497547417,45.91992096221127,0,1,0.8397566986524042
4.559150582530949,3.870318194589618,77.22922793672387,0,1,0.8540716270777621
5.061838197255304,4.311658853121188,71.29516942700899,0,1,0.9335116144932095
4.644932913382427,3.3127358288472504,56.97234273621447,0,1,0.7169000052435636
4.629411467917721,4.006132137001551,37.89562016356052,0,1,0.7591893450789157
4.7480197649605085,4.2133819021816095,59.19679584375771,0,1,0.888705364165487
4.671437736134912,4.434264203625386,73.50373007295617,0,1,0.9101777568035238
4.7661877501440255,4.385435244193202,42.24988779643116,0,1,0.8337266005977663
5.147327678014488,5.0860616689238975,20.48106778785971,0,1,0.7287242409941795
4.28610191850655,4.08327842361585,68.17956876422032,0,1,0.8316553930050863
3.69372231880321,3.69372231880321,29.104291888313305,1,0,0.4939174663101044
4.837450715549212,4.282139057547881,39.13502354436322,0,1,0.814010801740863
4.757924724565206,3.9786279046943136,65.9589994553627,0,1,0.8782968905668292
4.853929483768998,4.514294865403953,52.60768231650912,0,1,0.9016569660741439
4.901869675306277,4.508181054255799,74.72836140739626,0,1,0.9390173561952704
4.666223858011508,3.981177708863833,50.24245393993192,0,1,0.8383147186828168
4.769908690857895,4.446064634966668,74.73612539519732,0,1,0.9239683288763043
4.688516801661295,4.346381736144759,35.81964597799629,0,1,0.780399559540664
4.741071566438143,4.519802644663396,12.837791629807391,0,1,0.643070630800692
4.751847527566854,4.297845367254196,38.45054012770791,0,1,0.8017146452729275
4.746482226683474,4.135339632866379,11.622314555314654,0,1,0.6123695663572964
4.541371661502421,4.214266491126859,55.8599396227436,0,1,0.8547795081537414
4.157935993718953,3.815043417358895,79.18864606365304,0,1,0.7946096166955062
4.619163796285782,4.3682944232033964,51.99983381930296,0,1,0.8660007340988937
4.672302601131391,4.4546225466248375,21.72645526706828,0,1,0.6908919301557339
4.102511924458347,3.750903183018154,62.85216155241032,0,1,0.7552566724345865
4.576950696899031,4.444215813266898,70.32467237993482,0,1,0.8951549473021866
4.482543447502515,4.078924665329287,12.342293358891313,0,1,0.5793351161449322
4.270910699371298,4.062329094179847,13.453179169744734,0,1,0.5588590005767919
4.525263428646577,4.289254634241626,45.6743194846412,0,1,0.8193330187195218
4.38880900002905,3.889691035743382,28.77668143006233,0,1,0.6553667872686277
3.8596385665672086,3.724853075425512,35.78015336242069,0,0,0.5829531749777149
4.424155405115633,3.327038100010129,31.03939491412161,0,0,0.5536416548686487
3.7599556677453,3.327038100010129,38.58582393849382,1,0,0.4810707356719626
3.858098252947647,3.211059095561552,19.2242316547692,1,0,0.3571653295579676
3.4634534731872257,3.014099328839894,79.74158048716258,1,1,0.4964605946201038
7.050883119311632,6.156287816417512,36.757050195860735,0,1,0.8680981595092024
7.050883119311632,6.156287816417512,60.31854477578008,0,1,0.9753814692464999
7.050883119311632,6.156287816417512,73.38455141547108,0,1,0.9893817838603115
7.050883119311632,6.156287816417512,41.57290148840491,0,1,0.8997168475696083
7.050883119311632,6.156287816417512,76.7522923310436,0,1,0.993629070316187
7.050883119311632,6.156287816417512,12.824349920858868,0,1,0.7104766399244927
7.050883119311632,6.156287816417512,42.96030421299175,0,1,0.9086833411986787
6.74089987533889,5.875189921255222,59.068827234225004,0,1,0.963504797860626
6.774492138483569,5.801135101338495,61.26117896870859,0,1,0.9667558072466047
6.954235973252636,5.976845781519822,29.139184186737207,0,1,0.8120706832363274
6.801555605691665,6.156287816417512,63.68822035180136,0,1,0.971606103507944
3.139375858200595,2.8432968041538027,61.39198539143779,1,1,0.41363850873053326
2.8280579889898227,2.651606224890581,65.26839838197297,1,1,0.3778774054847675
3.0083074341071465,2.436263993453005,30.480039886968484,1,0,0.2149861045566567
3.1002797353334985,2.1977518108704936,54.91989456891992,1,1,0.3490378060930208
2.886950084170784,2.218070977791825,12.140337504444371,1,0,0.07941376959781866
5.367879853159499,4.285311306917435,49.91288597223887,0,1,0.9048293220072362
4.962593688982885,4.6153963093208334,75.00141814971488,0,1,0.9470924440249594
3.9631119932639183,3.768881893333044,62.78365394447058,0,1,0.7300875675108806
4.142301628480577,3.701648116691032,62.234234457005215,0,1,0.7507734256200514
4.302483068707487,4.089754026921824,36.00181898851316,0,1,0.7144355303864507
4.43614195558365,4.288467910110598,11.303107001796324,0,1,0.5838445807770961
4.136338852429229,3.732404785461451,68.50399494037573,0,1,0.763803680981595
4.65920528184588,4.590842715191424,41.39563218819651,0,1,0.824524146610036
3.667263861103088,2.8581811959389336,64.30639167489961,1,1,0.48497719049866284
5.589190846488773,3.919797370172292,32.7162712593313,0,1,0.7647475224162341
4.020650718013444,4.007354677965467,49.43038915578641,0,1,0.7449268522888154
3.68569713528146,3.504936673236167,31.72826430389558,1,0,0.46825022285144985
3.705574509374242,3.536289881044342,58.20874658354357,0,1,0.618661842588223
3.6265130803919567,3.5155593237379508,63.72503792464949,0,1,0.6078076660898747
3.6265130803919567,3.491405513828929,25.16117817083176,1,0,0.41342876618950236
3.656788995525996,3.4995584903264847,11.439754689006156,1,0,0.3295579675947774
3.68569713528146,3.504936673236167,42.862539994453954,0,0,0.5430234387289602
4.294734790049554,3.823238151596328,70.40499319231294,0,1,0.8061978920874626
5.483812150626419,4.681739769441903,11.594543458868625,0,1,0.673745477426459
5.283064912735184,5.031012073520889,35.77021534299314,0,1,0.8340412144093126
8.391881639520516,6.375554322789737,68.26885313221308,0,1,0.9862094279272194
6.409933283975619,3.457713524398258,76.02493115305931,0,1,0.833779036233024
5.028540073537595,3.11027993879147,56.42436670840351,0,1,0.7118137486235646
4.012221621572008,2.7098281629422463,27.66669101410344,1,0,0.3698285354727073
3.635310469770924,3.1762205633663405,68.46358846678848,0,1,0.5375439148445283
4.948435662047031,3.211059095561552,33.06313411822153,0,1,0.6027738451051334
3.639664228057485,3.406726386648581,14.325218386925888,1,0,0.3198049394368413
3.689722305782301,3.327038100010129,44.010611312315646,0,1,0.5044308111792775
3.648283886970039,3.3340711378185097,69.05945974730642,0,1,0.5693199098107073
4.757168223295091,3.719130235505088,76.08734633268422,0,1,0.8512401027738452
4.648530955185175,3.635310469770924,75.85387274615466,0,1,0.8208274343243668
5.049733256390375,4.123225706539648,52.06463720658862,0,1,0.8884431859891982
4.671437736134912,3.991276537730371,54.950478455893645,0,1,0.8504273504273504
4.536047171557103,4.024229478503542,60.707266851135664,0,1,0.849745687169
4.6270968180168,4.011008351066472,65.71763201638305,0,1,0.8650568926642546
4.877878399183751,4.557601570076507,57.03954626794454,0,1,0.9172041319280583
4.229120400189496,3.603975540365674,16.374564782820617,0,0,0.5010487127051545
4.458255479747912,3.7829098521859374,29.86637548512271,0,1,0.6562319752503801
4.305556303904547,3.761750900338969,52.54025748218432,0,1,0.7680509674374706
3.976067901280972,3.734278871720067,24.496981615934185,0,0,0.5364165486864874
4.532831084387392,3.8748411816123975,18.988116512401948,0,1,0.6076765770017304
4.571915265730637,3.967026378555077,68.48214268815597,0,1,0.8571653295579676
4.53818228613119,4.107753558999176,44.20692160285363,0,1,0.798987992239526
4.328146884436403,4.2026703550740745,25.91729980491748,0,1,0.6602695191652247
4.28134353227454,3.7863693200687583,52.48438294245327,0,1,0.7696502543128311
4.571409536743437,4.249520533648983,73.15758708934959,0,1,0.886424414031776
4.672302601131391,4.302483068707487,64.37547351370095,0,1,0.8935556604268261
4.471993758080635,4.207155306854814,11.75381544919025,0,1,0.584237848041529
4.46486276508656,3.585356045363009,19.94013740270588,0,0,0.5522258927166903
4.672302601131391,4.559150582530949,56.28119556595541,0,1,0.8923234229982695
2.99061045405562,2.900863675618084,68.56900348129203,1,1,0.41809553772743957
3.1851095951491675,3.014099328839894,40.27716970587019,1,0,0.3565885375701326
3.1762205633663405,3.129823442061922,40.07333135359389,1,0,0.37635677206229357
3.0255282039758984,2.900863675618084,14.60610546130773,1,0,0.15848670756646216
3.260000128516328,3.079797987438347,63.56918727516727,1,1,0.46554978763567717
3.260000128516328,3.0693059491819144,38.958608492936655,1,0,0.36615804100466676
3.368121720899127,3.1152220482915727,59.21565115120343,1,1,0.481568874206911
3.330564279729149,2.953677130778406,28.708925102477465,1,0,0.28810759792354884
6.810032346669864,2.3446794535229736,65.75964737795101,0,1,0.6695768444234701
3.419093921257479,2.6616851733501905,17.762506849280182,1,0,0.1939069791830528
3.248111241749649,2.6616851733501905,23.08881230292488,1,0,0.20586230402181324
3.3844908996445024,2.9408767040861377,47.06688375928758,1,1,0.412747102931152
2.691003276410218,2.328055142224887,42.38211898560871,1,0,0.27641445126107705
7.219601690153303,2.6616851733501905,26.230761878387508,0,1,0.5169891458235016
6.6392543185365565,3.0083074341071465,21.999034306095712,0,1,0.5206596402915421
6.8699149966743605,4.540841201463764,23.155243375108,0,1,0.7632006711761313
5.201727905803374,3.454824128971361,43.224350337564495,0,1,0.7351213884956217
2.6716078527332074,2.490764990790801,35.2997426655216,1,0,0.23803156625242514
2.7190369549115903,2.17676632426378,48.78369589277036,1,1,0.3111792774369461
3.0693059491819144,2.691003276410218,72.82037334845688,1,1,0.40265324314404066
3.949888382342986,3.5022532311497443,33.03325456544092,0,0,0.5337685491059724
2.796446625578894,2.1326108865121305,11.7518497463524,1,0,0.07133868176812962
3.2678051032963715,2.6716078527332074,72.7148946235931,1,1,0.4197734780556866
3.3163414721869344,2.503694723474013,29.125737510836537,1,0,0.24062713019768234
5.150201319789121,3.996266816424791,52.88451195967932,0,1,0.8818362959467253
3.387715087823675,2.6203805198221444,60.90175556759468,1,1,0.41919668606785176
6.823815537460388,2.87987818901137,57.207908677822026,0,1,0.7035551360704734
5.049014020502729,4.247005795639454,75.3010874474937,0,1,0.9329872581406323
3.124993230455277,2.5409868246733582,20.4954121443451,1,0,0.1677153793718211
6.367351419268702,3.0255282039758984,49.44410550240095,0,1,0.6998059881495465
2.9408767040861377,2.450330493753021,19.72313541439314,1,0,0.14304441298306328
2.552949789801136,2.275422759353225,29.731136609221387,1,0,0.18633002988831207
5.383003770607058,3.510270037434019,67.21315304378861,0,1,0.8271197105552934
3.665182558455806,2.8357227512597207,28.382902907739616,1,0,0.3144827224581826
3.0477913182705643,2.576225082070496,77.60565813094392,1,1,0.3960201352839389
4.073440484385223,2.691003276410218,71.5885731365719,0,1,0.5589638718473074
3.756350024405616,3.0639947153805096,76.32276087606091,0,1,0.5459860521210215
2.9473089190323787,2.490764990790801,40.84546520145077,1,0,0.2847779350846836
4.231706262293178,4.078924665329287,51.15028786165372,0,1,0.7933773792669498
4.381363120168992,4.277351005290416,48.80017903269566,0,1,0.8204603848775628
4.57544422307674,4.219548501851159,12.963958631139793,0,1,0.6065229930260605
4.842439049454376,3.909918452969194,42.07106984296439,0,1,0.8010329820145771
2.436263993453005,2.006716298194656,56.509315285448174,1,1,0.3247076713334382
2.464094465094437,2.085181784333749,40.30444827431158,1,0,0.2504850296261339
3.031167006972477,2.155069331191344,48.39736877661003,1,1,0.3222431964763253
3.4312269860540323,2.3921085557013555,11.619234137688746,1,0,0.1352577211472917
2.953677130778406,2.237764839338547,76.80229358157105,1,1,0.37158512925384085
3.6996758501070905,2.691003276410218,59.59599076895199,1,1,0.4655760054533061
3.368121720899127,2.5646932385487817,17.588364228018968,1,0,0.17804519951759215
3.3844908996445024,2.1093355942427707,42.57317125977986,1,0,0.3243930575218919
3.1762205633663405,2.6203805198221444,76.16324380146983,1,1,0.4097582717214619
3.483147334733948,3.0198392776288605,52.162975047083854,1,1,0.4599916102983588
3.541369272785613,2.691003276410218,34.96603727036444,1,0,0.3252582455036443
3.643988568833728,3.11027993879147,52.22471813644212,1,1,0.49861045566567036
3.660999537028744,3.260000128516328,26.234788130720617,1,0,0.37161134707146976
3.1851095951491675,3.0255282039758984,76.17319339500094,1,1,0.46145980808557496
2.450330493753021,2.1326108865121305,40.98404069020781,1,0,0.25538776152273085
3.901327719956624,3.5285943975455893,68.58578110200517,0,1,0.6727492003565624
4.008574888058639,3.520805254748625,68.38497677673108,0,1,0.694641078076661
4.216032009487869,3.9900228644597577,72.09025533216722,0,1,0.8166063656861203
4.608749365300274,4.296291968433325,21.552995508666022,0,1,0.6733259923443972
3.585356045363009,3.0477913182705643,31.89233229605203,1,0,0.35656231975250385
3.717211193587484,3.440178180917866,70.15775375222287,0,1,0.6075979235488438
5.224375280373258,4.945340470259099,37.90693552302002,0,1,0.8449478265429186
3.965724241788493,3.779431582754925,36.84916324657488,0,1,0.624298673378428
3.867285013556724,3.416024371008844,35.45581095623554,0,0,0.5084683550941219
4.3177037622869605,3.8733370681116273,76.24787923945154,0,1,0.8231083844580778
3.0198392776288605,2.7546016596506684,22.437839116998944,1,0,0.19157359341408423
3.231907844639704,3.03675656215248,37.49340568780688,1,0,0.34743851921766034
4.775817561451641,3.471968011188098,29.19956904978533,0,1,0.6216506737979131
3.92814531461519,3.813391803539061,65.95385731591033,0,1,0.7337842797965498
3.6957129891484217,3.42214881965918,17.77197340714153,1,0,0.3563263593938441
3.9900228644597577,3.8361353134762046,62.60391808850175,0,1,0.7475486340517016
3.665182558455806,3.440178180917866,63.85879359496675,0,1,0.5930470347648261
4.908476960644925,3.703614324074693,63.11015217580456,0,1,0.8473336479471448
3.2560616545487258,2.7458940423349705,27.1103572009494,1,0,0.24120392218551726
4.017051833178653,3.732404785461451,39.41648287796851,0,0,0.6428346704420324
4.716947610756532,4.345662230728899,34.5074401611075,0,1,0.7738451051334486
4.154063062081605,3.536289881044342,75.31742512363414,0,1,0.7336531907084054
4.344941915514989,3.406726386648581,65.89429954686038,0,1,0.7131246395050076
3.901327719956624,3.504936673236167,74.24429172914694,0,1,0.6721724083687274
3.0477913182705643,2.8357227512597207,62.11549240577127,1,1,0.405222589271669
4.387461631110354,3.4995584903264847,25.95479931031895,0,0,0.5609302081694719
4.382723375728872,3.899884652828887,39.813294838879536,0,1,0.7301137853285092
6.9739250200918175,5.817225538590273,52.40302845299773,0,1,0.9527292748151645
4.007354677965467,3.6976974868625,29.782137373093583,0,0,0.5691101672696764
3.9445214745821695,3.518187664187649,13.139916289562027,1,0,0.40794924230507057
2.376686122690757,2.0600805279156487,79.30212159500876,1,1,0.3539405379896177
4.707610305903522,4.507063150041436,10.7754488950062,0,1,0.6241938021079126
4.382043609334643,4.136338852429229,55.703703025176736,0,1,0.8303182843060144
3.870318194589618,3.488664610282048,65.16035649005745,0,1,0.6511981542656389
2.9408767040861377,2.8432968041538027,63.47446685011621,1,1,0.4020502333385769
6.088625535349007,4.495205731032604,32.63022757064393,0,1,0.8128309999475644
6.834514400526179,3.895535825223876,20.340097181041845,0,1,0.6954538304231556
2.576225082070496,2.376686122690757,71.69466460686544,1,1,0.35813538881023543
6.673319404239543,3.211059095561552,68.80905894563759,0,1,0.7731372240574695
5.82383612840586,4.722165576317897,23.46521259258811,0,1,0.75816685019139
4.806325159139145,3.1201262868487367,45.43799303978272,0,1,0.6560222327093492
2.900863675618084,2.1093355942427707,18.38621891638762,1,0,0.11963190184049081
4.618224001696938,3.815043417358895,15.097927712811844,0,1,0.5842116302239001
4.137336514361575,3.709476960489838,39.1267919648517,0,0,0.6580147868491427
4.350681864303955,3.791523710345301,74.80444857469345,0,1,0.8138797126527187
3.37142922180053,3.129823442061922,63.0679454650988,1,1,0.48972261548948665
3.37142922180053,3.1440991268710734,59.29476643122543,1,1,0.48749410099103346
3.768881893333044,3.5285943975455893,75.95332650806189,0,1,0.6485763725027529
4.922952537341098,4.693552893220918,68.2106560161969,0,1,0.9385978711132085
4.894888339777229,4.570903407812354,17.04777186642473,0,1,0.6881652771223323
4.756789637066957,4.353532648527559,10.565784070674688,0,1,0.6210738818100782
4.242792482199967,3.709476960489838,23.52275142738949,0,0,0.5721252162969954
6.681606503929155,6.4861689313611945,78.5904206944428,0,1,0.9870483980913428
5.0172963722909945,4.410640574113442,67.25035499438762,0,1,0.9317812385297048
5.684197432728945,4.78349107615752,44.76168928559446,0,1,0.8969115410833203
4.981529981581602,4.796791189728341,72.33675569803646,0,1,0.947354622201248
4.551367754557541,3.69372231880321,30.762708069467774,0,1,0.6544229458339887
4.745712070152509,3.826486889536718,25.693873339718568,0,1,0.6713334382046039
4.2204246142398585,3.8503405822069454,43.93001334414252,0,1,0.7274133501127366
3.594733502506606,3.337558884869751,72.7368900590406,0,1,0.5658591578836978
3.901327719956624,3.7653263286324985,11.27293177682164,1,1,0.43689371296733254
4.757168223295091,3.669338417214557,22.22909146626785,0,1,0.6198416443815217
4.339876880599156,3.7229511423764494,11.765301119545512,0,0,0.5107755230454617
3.960489038772857,2.9408767040861377,79.02120910710894,0,1,0.5749829584185413
4.261948108597528,3.643988568833728,39.67161121146764,0,0,0.6670074982958418
4.21779267084588,3.896988720285981,73.39283560053454,0,1,0.808216664044885
3.888221459896758,3.658897728899982,26.64206998239493,0,0,0.5136857008022653
4.073440484385223,3.865763015217545,53.9133893635649,0,1,0.7505899008966495
3.675522040198069,3.531169853737413,57.04708791113794,0,1,0.6101148340412145
3.861175181951233,3.425189205424682,19.36444849673188,1,0,0.40372817366682395
4.2186711884855415,3.969622731000271,24.902124675368235,0,1,0.6165381993602852
3.681646488848405,3.319926915738084,14.109295424562806,1,0,0.30556866446437
3.715286380106552,3.3513228562111674,79.9153074114097,0,1,0.5948036285459598
3.721043540368042,3.536289881044342,59.214393419705175,0,1,0.6232761784909024
3.8487776998673935,3.4747812025308424,52.718757657424426,0,1,0.6198940800167794
3.1487877925300003,2.900863675618084,32.03946472173026,1,0,0.2815269256987048
3.2678051032963715,3.167206329842028,52.25194627462613,1,1,0.45949347176341043
3.2906646761617027,3.014099328839894,49.0539467994936,1,1,0.42365371506475796
3.374719717480798,2.8357227512597207,21.6010615772652,1,0,0.23291909181479734
3.014099328839894,2.812447458990361,34.052224767635074,1,0,0.2735304913219024
3.0024626446266525,2.8727272766285696,63.29222922939822,1,1,0.40815898484610136
3.368121720899127,3.167206329842028,75.83202210581598,0,1,0.510329820145771
3.167206329842028,2.812447458990361,39.12417502585964,1,0,0.31909705836086205
3.2520987935900565,3.0255282039758984,48.23951142820299,1,1,0.41518535997063605
3.0255282039758984,2.812447458990361,13.745871155579346,1,0,0.1405012846730638
2.978534624100815,2.8432968041538027,28.9811268121656,1,0,0.24102039746211523
3.541369272785613,3.298106620478579,31.61617823276376,1,0,0.3954695611137329
3.68569713528146,3.504936673236167,57.34892659916072,0,1,0.6043731319804939
3.689722305782301,3.510270037434019,48.078419926039246,0,1,0.5765035918410152
3.2906646761617027,3.1002797353334985,71.84105888675138,1,1,0.4818572702008285
3.1762205633663405,2.886950084170784,33.780767312154985,1,0,0.295029101777568
3.167206329842028,2.900863675618084,12.962083149513663,1,0,0.15880132137800848
3.2906646761617027,3.193876855538391,69.84996004304661,1,1,0.4961984164438153
3.227792074828318,3.0693059491819144,61.82277701309626,1,1,0.45723873944732835
3.275516039946724,3.0693059491819144,36.30003192086834,1,0,0.35150228095013364
3.1002797353334985,2.966226552466967,59.67916360507562,1,1,0.42493838812857215
2.927815026242165,2.7458940423349705,58.01033791704646,1,1,0.38246552356981806
3.0477913182705643,2.796446625578894,25.138420212316603,1,0,0.215117193644801
4.582941380265152,2.2934521206119105,49.96169589891192,0,1,0.5686644643699857
4.8961079685408,3.084980201987224,17.781589019643523,1,1,0.47745267683917997
3.726749373109132,3.409840748025332,48.91134190351846,0,1,0.5608253368989565
4.929346777632672,4.6413145291858005,78.0022543287029,0,1,0.9490849981647528
4.7522290476973765,4.521992552702539,73.09167429739388,0,1,0.9230244874416654
5.101715838572384,4.691459335580418,37.55055444739422,0,1,0.8366629961721986
5.1794246576245655,4.182554413448742,73.4640237109696,0,1,0.9300770803838287
4.827355869035872,4.319206110394675,51.621509471197925,0,1,0.8874469089193017
5.656301754468614,4.613977764225862,68.29997983010443,0,1,0.9576320067117613
4.349967179695907,3.896988720285981,66.7257869306369,0,1,0.8200671176131299
5.615065205477227,5.372237564048795,41.56744200505232,0,1,0.87758900949085
4.809820525555479,4.215149859106992,45.69026620271703,0,1,0.8477269152115778
4.483704972322242,4.092967422793888,48.41700176412878,0,1,0.8162917518745739
4.620102212876199,4.305556303904547,22.653764965477123,0,1,0.6823449216087253
5.835734224755303,4.868724112409466,66.89639985625269,0,1,0.9614073724503173
4.795723039271773,3.8823091776663983,52.51164647252913,0,1,0.8470976875884851
3.715286380106552,3.5993712039598966,70.29566030462578,0,1,0.6477374023386293
4.622909234919881,4.116051892437427,18.59943991980524,0,1,0.6420219180955377
4.415177301971193,4.073440484385223,38.99600452568477,0,1,0.7464212678936605
4.387461631110354,4.15600245750508,70.90275468329563,0,1,0.8540454092601332
4.622909234919881,4.025417965381759,66.59770522227939,0,1,0.8673116249803368
4.645834321982145,3.95122310649724,10.298070712790546,0,1,0.5723349588380263
6.80434219000248,5.033228739196522,17.067308286414914,0,1,0.7279114886476851
3.660999537028744,3.275516039946724,29.34150138992693,1,0,0.39371296733259925
3.871829411348453,3.615343512423172,16.10344851350053,1,0,0.4330134759582612
4.813643507327513,3.721043540368042,64.71161392977922,0,1,0.8454197472602379
4.782036530076878,4.303252762125574,55.3450409183045,0,1,0.890173561952703
4.476703990933165,4.030149964757719,57.62488022337229,0,1,0.8377379266949819
4.49349373714505,4.032502908584476,17.63928067017254,0,1,0.6126055267159561
2.7281151213064425,2.4071680740438794,72.6372285612198,1,1,0.3647422788527083
3.2906646761617027,2.796446625578894,54.79061018392945,1,1,0.4099155786272351
2.1326108865121305,1.5346529745909572,38.99498902090158,1,0,0.23593414084211628
2.3921085557013555,1.6889966909537657,64.92714350234321,1,1,0.3362435110901369
3.892620102640926,3.538834616007311,43.131336711554,0,0,0.5991557862723508
4.2026703550740745,3.92814531461519,33.543545921650264,0,1,0.6669550626605841
3.791523710345301,3.286910999712168,71.1259607314597,0,1,0.5869645010749305
4.319206110394675,4.073440484385223,46.05423344823921,0,1,0.7789575795710766
4.3682944232033964,3.83132928338204,25.0836689732622,0,1,0.6217293272507997
4.290040392474152,3.734278871720067,36.9887716866235,0,0,0.6738503486969746
4.204468109065149,3.3340711378185097,76.53072340085232,0,1,0.6890042472864559
3.7653263286324985,2.376686122690757,36.4578762274592,1,0,0.34665198468879455
3.466304257410829,2.6716078527332074,34.6067093404042,1,0,0.3111006239840596
3.6265130803919567,3.0024626446266525,12.351512407651551,1,0,0.2252897068847989
3.51292014474028,3.298106620478579,73.25754666679423,0,1,0.5486340517015363
3.9431726858848495,3.419093921257479,24.49416325339054,1,0,0.4540663835142363
3.789810188572042,3.240060821137259,11.780067551537051,1,0,0.2936657752608673
5.113969204316111,3.244098689420949,32.49781402443057,0,1,0.6122122594515232
4.407380251219527,4.212496088891409,74.25233238315487,0,1,0.8648995857584815
4.402128939706448,4.15600245750508,48.63661408037442,0,1,0.8129358712180799
4.477876152432985,4.2133819021816095,14.565731620008595,0,1,0.6048974883330711
4.27974950903457,4.129311330839824,18.092023247970257,0,1,0.5974778459441036
4.184409487211309,4.107753558999176,63.259386164629646,0,1,0.8141943264642652
4.160825389145849,4.0395102778578655,34.01985399426164,0,1,0.6758691206543967
5.002506869562753,4.633097583219076,75.07183191208053,0,1,0.9497142257878455
4.765440958927437,4.003680026722155,60.13951262495045,0,1,0.8753604949923969
4.244481137533203,3.806742393075613,32.39153804458954,0,1,0.6479471448796602
4.142301628480577,3.635310469770924,52.98568519756648,0,1,0.7190236484715012
4.477876152432985,3.953884232992384,43.73692962311192,0,1,0.7727177389754076
7.006728432192302,5.042019415362128,79.09015571518329,0,1,0.9909810707356721
4.685137255854554,4.564287046698824,40.48268850297334,0,1,0.8203292957894185
5.017800309324905,5.017800309324905,28.874344824433948,0,1,0.7765717581668502
4.27974950903457,3.5993712039598966,34.68741801512667,0,0,0.6288867914634786
4.346381736144759,4.159863706019747,11.193012689993626,0,1,0.5616118714278223
4.685137255854554,4.345662230728899,35.170731554967425,0,1,0.7750511247443764
4.7910736754324095,4.332570865185602,15.185807335962028,0,1,0.6546589061926485
4.747251457545309,4.239401745791932,72.3074567004685,0,1,0.9056682921713596
4.816064477520512,4.195428410758826,76.56798395755953,0,1,0.9154999737821824
4.690199905852904,4.361307454246373,36.04422253434693,0,1,0.7827591631272611
4.772869945417988,4.008574888058639,70.13258628580935,0,1,0.8872633841958996
4.874106286102934,4.262768095897399,54.11364240021131,0,1,0.8939227098736301
4.548752303430852,4.257832338786143,64.73837364023186,0,1,0.8747050495516753
4.666223858011508,4.293954777765312,50.2377989197402,0,1,0.8646374075821929
4.1589005756649176,3.952555052867688,58.16885152025541,0,1,0.7872161921241676
4.65121627381003,4.179761681744567,33.57611669993905,0,1,0.7490692674741753
4.540841201463764,4.200867536980562,26.34917168473158,0,1,0.6881128414870746
4.109838251396171,3.894079624368111,12.591563677490823,0,1,0.5100938597871113
2.503694723474013,2.275422759353225,31.68529955063597,1,0,0.19755125583346445
3.518187664187649,2.907708660652802,47.39479743603102,1,1,0.42635415028053064
4.5971914891157,3.014099328839894,21.50776076471366,1,1,0.4545383042315558
5.254827539944305,3.4312269860540323,45.19132379408165,0,1,0.7417807141733522
5.792260053798309,2.8432968041538027,76.35904339246484,0,1,0.712652718787688
4.012221621572008,3.4490059070825607,14.144980942538432,1,0,0.4099680142624928
4.382043609334643,3.768881893333044,33.047806344614244,0,1,0.6652246866970793
6.360588953008737,4.858791497529558,29.60790860001292,0,1,0.8024749619841645
5.361875919412947,4.943645853205464,64.10043401377777,0,1,0.9523360075507314
4.335503287268873,3.454824128971361,28.2934178444336,0,0,0.5574956740600912
3.921196277833079,3.656788995525996,42.53500576524209,0,0,0.6255046929893556
3.681646488848405,3.635310469770924,73.10038897728955,0,1,0.6536626291227519
4.361307454246373,3.580615282945177,19.256698481454155,0,0,0.5337423312883436
3.953884232992384,3.643988568833728,17.477012964043215,1,0,0.4662052330763988
4.057829954385761,3.69372231880321,20.41278591127596,0,0,0.5172513239997902
4.234281718485003,3.864237388750168,76.50688473755886,0,1,0.8099732578260186
3.7671065801281,3.717211193587484,36.28944471925258,0,0,0.561480782339678
2.953677130778406,2.7546016596506684,69.94220519706722,1,1,0.3991400555817734
2.984601020231723,2.7631923926632385,58.28171112573655,1,1,0.38810235436002305
2.978534624100815,2.7458940423349705,24.442227375595696,1,0,0.201012007760474
2.7458940423349705,2.5646932385487817,15.336315231007264,1,0,0.1137853285092549
3.286910999712168,3.0745734686292843,27.70222243879242,1,0,0.29686434901158826
3.358095406182711,3.105299368908555,18.50472695488507,1,0,0.2527135441245871
3.374719717480798,3.105299368908555,44.56040790328931,1,1,0.4262754968276441
3.488664610282048,3.219480269691158,49.87460854465447,1,1,0.4927114466991768
3.3234923845697346,3.11027993879147,23.50185851082104,1,0,0.2811598762519008
3.3340711378185097,3.129823442061922,18.89740180109865,1,0,0.25664621676891614
2.820300318249122,2.576225082070496,59.71604246290767,1,1,0.3648471501232237
3.622068618086158,3.275516039946724,31.491305659645057,1,0,0.4008179959100205
4.063448954483071,3.594733502506606,41.483384922117374,0,0,0.6364637407582193
5.008156986516336,4.62057090568367,53.67249791245743,0,1,0.9180431020921818
4.233424384130407,3.6242947072870058,59.99619068443583,0,1,0.7476797231398459
3.510270037434019,2.609623964099661,32.57870672974217,1,0,0.29620890357086677
4.488905903878738,4.313175441508592,31.5665650464966,0,1,0.7234806774684076
4.121184237504063,4.018253711466141,66.99042057255879,0,1,0.7995385664097321
4.484864392929186,4.117081659353075,10.39350968329462,0,1,0.5706308006921504
4.4906301976923,4.155033494413102,27.089573971999886,0,1,0.6839966441193436
4.41646762498891,4.257005999097426,47.37156112371576,0,1,0.8133815741177705
4.460666028737018,4.137336514361575,61.5821330641577,0,1,0.8526296471081748
4.246165349031479,4.014641284189548,37.97251394973986,0,1,0.7117613129883069
4.5109673015820055,3.85189965727759,66.75226196637011,0,1,0.8340149965916837
4.187182054724355,3.941821048634837,73.70160485928791,0,1,0.8097897331026166
4.229120400189496,3.703614324074693,58.60396042281775,0,1,0.7603691468722144
4.146246171013484,3.543893930891864,49.58053857140656,0,1,0.691049237061507
3.972208593103954,3.747246030209553,40.24536776063836,0,1,0.640475066855435
4.123225706539648,3.622068618086158,27.991167357482727,0,0,0.5641549997378218
4.315443606906818,3.811735916457492,10.717326230873002,0,1,0.5168580567353573
4.402128939706448,4.032502908584476,10.58933959784504,0,1,0.5538251795920507
3.9377489246106254,3.732404785461451,26.772921167704816,0,0,0.5412930627654554
4.170363568667497,3.810075733944182,79.0885231597223,0,1,0.795029101777568
4.920024810369043,3.734278871720067,18.94629664768707,0,1,0.6275234649467778
5.231990101083576,4.128301070172273,70.09249792961847,0,1,0.924597556499397
5.177465072505164,3.839319399645877,30.75482371999627,0,1,0.7328666561795396
5.115700689985018,3.889691035743382,60.077165840568505,0,1,0.8857427507734257
4.688095333091568,4.08327842361585,56.6985162937222,0,1,0.8657123381049762
4.937679106324548,3.889691035743382,70.93596811362002,0,1,0.8885742750773425
4.785304622284605,3.818333913039163,40.12064693079374,0,1,0.7694405117718001
4.195428410758826,3.5022532311497443,67.27507722594473,0,1,0.7211735095170678
4.714120215814061,4.176956710125306,79.4484124633344,0,1,0.9046195794662052
4.671004864965214,4.38611141963909,42.95816154753678,0,1,0.8263331760264276
4.411940066945687,3.905637500552684,25.773863852614497,0,1,0.6424938388128573
4.521992552702539,4.062329094179847,19.29861793469409,0,1,0.6290178805516229
4.897933064834681,4.076736629010066,22.41729207925016,0,1,0.6932777515599602
4.552931910122262,3.861175181951233,36.18771356529217,0,1,0.7224319647632531
4.543489115873979,3.811735916457492,79.64212735334152,0,1,0.8455246185307536
4.545599587695775,3.861175181951233,60.8201666952948,0,1,0.8321535315400346
4.4906301976923,3.818333913039163,12.118171229266572,0,1,0.5493681505951445
4.550845518706449,3.791523710345301,77.62681323716188,0,1,0.8413559855277647
4.5053826239117285,3.9552106583376463,23.582231376961342,0,1,0.6448534423994546
4.845743135264813,3.8361353134762046,26.86243813919075,0,1,0.6910754548791358
4.812255972908687,3.821607577465896,49.88998788557059,0,1,0.8343820460384878
4.842439049454376,4.103563691334334,62.97858508985014,0,1,0.8953646898432175
4.808075228591687,3.981177708863833,74.58076850882841,0,1,0.8932672644329086
4.804921649804738,4.103563691334334,40.58253825403705,0,1,0.8066173771695245
4.8101690145376805,4.244481137533203,67.26799647945246,0,1,0.908027895757957
4.481379810818318,3.756350024405616,33.82196177382341,0,1,0.6808242881862513
4.479630379205095,3.806742393075613,21.53376086831227,0,1,0.6082271511719365
4.638131574134884,3.745409587055664,41.821033752026736,0,1,0.7507996434376802
4.60779414124235,3.747246030209553,64.05913752019818,0,1,0.824760106968696
4.433637060018123,3.8748411816123975,47.32848301019538,0,1,0.7793246290178805
4.671004864965214,3.713355760241321,51.24458710053624,0,1,0.8011640711027214
4.566839902098012,3.6996758501070905,16.5408534059751,0,1,0.5654658906192648
4.456441590956953,3.2520987935900565,10.88680206135322,1,0,0.4111478160557915
5.484784241187332,3.810075733944182,72.10819187208081,0,1,0.8959939174663102
4.32220026790258,3.635310469770924,78.74553057206595,0,1,0.7833883907503539
5.007645395761677,3.8487776998673935,73.25084161371642,0,1,0.8894394630590949
5.020314059610759,3.648283886970039,32.04578052532128,0,1,0.6989670179854229
4.688937992857807,3.9113390972817146,30.197341319066915,0,1,0.7048660269519166
4.081105246655121,3.772417813929504,71.68332119993613,0,1,0.7652718787688112
4.51925399482268,3.669338417214557,49.44835639595559,0,1,0.7670546903675737
4.829725615197456,3.531169853737413,47.25525369490831,0,1,0.7601331865135547
4.190860225767919,3.677570041945698,65.48696445624964,0,1,0.7578784541974727
4.671870314725223,4.263587033948999,73.74356836203863,0,1,0.9010277384510513
4.130319999291323,4.021845863085313,66.6759866634792,0,1,0.8007708038382885
5.075562146709737,4.628023682769674,65.25763953829279,0,1,0.9418488804991872
4.2204246142398585,3.592401988088365,15.690417096493883,1,0,0.4928949714225788
4.49349373714505,4.313175441508592,54.04046010914081,0,1,0.8530753500078654
3.8733370681116273,3.158063317203643,79.09937754908451,0,1,0.5941744009228671
4.904580905531827,4.116051892437427,33.264065368572844,0,1,0.7686015416076767
4.8101690145376805,4.146246171013484,67.83766748578779,0,1,0.9015520948036285
3.9183953980892072,3.1487877925300003,66.235410406154,0,1,0.5878559068743118
4.888755087280712,3.3163414721869344,54.48585884874168,0,1,0.7371925960883017
4.287680217703474,3.633122433451701,44.35196901217832,0,1,0.700277908866866
5.557041348516588,4.499748784714318,21.88064954828253,0,1,0.73769073462325
4.494064910766182,3.9253747475178553,60.28165242936949,0,1,0.8337266005977662
4.270910699371298,3.952555052867688,27.08145901082973,0,1,0.6368045723873945
4.482543447502515,3.991276537730371,49.24442881743106,0,1,0.8117560694247811
4.286891554633865,3.85189965727759,57.2295646106092,0,1,0.7923811021970532
4.184409487211309,3.9113390972817146,18.69663265202586,0,1,0.5642860888259661
3.768881893333044,3.425189205424682,33.598684005544875,1,0,0.4741492318179435
4.2204246142398585,3.9253747475178553,14.72976868515212,0,1,0.5454616957684443
4.408686374121833,4.146246171013484,58.43266279186172,0,1,0.8421425200566306
4.527434762366312,4.175079875935688,14.59735375956717,0,1,0.6080960620837921
5.145267148224288,4.53818228613119,57.70355776084959,0,1,0.9307063080069214
4.246165349031479,3.85189965727759,59.15328795114617,0,1,0.7901001520633422
5.056881506427274,3.939109180170508,64.62151985630753,0,1,0.8942111058675476
4.105662053869821,3.8361353134762046,40.09224584461046,0,1,0.6822924859734676
4.003680026722155,3.939109180170508,74.88315257695537,0,1,0.7772534214252006
4.828711083941413,4.408686374121833,24.265180595539675,0,1,0.7228252320276861
4.229120400189496,3.7863693200687583,74.0870669132114,0,1,0.7952650621362278
4.0395102778578655,3.732404785461451,71.22426502262537,0,1,0.7484400398510829
4.211609047862368,3.768881893333044,27.16350542836492,0,1,0.6032195480048241
5.05450761646522,4.452798317361249,67.62365451374981,0,1,0.9369199307849615
5.1754994689945,4.57945363321391,16.941318333553962,0,1,0.7003041266844948
4.394170287925402,3.916990348128608,30.75998707473944,0,1,0.6720413192805831
3.9987474396853946,3.580615282945177,10.289741556162666,1,0,0.41447747889465686
4.191776475029639,3.8166907799158056,42.62099799470941,0,1,0.711158303182843
5.541674463828725,4.246165349031479,58.320231574324026,0,1,0.9240732001468198
4.639497636553209,4.340602915844347,15.431550957498334,0,1,0.6394263541502805
4.363411565730656,4.134338850801623,37.17154757328209,0,1,0.7340464579728384
4.506503464828679,4.268478777509043,65.47431452665634,0,1,0.8717162183419852
3.87634176846632,3.6996758501070905,16.559005465198325,1,0,0.45367311624980333
4.513187598691772,4.057829954385761,16.36449185677729,0,1,0.6084106758953385
4.467843674061907,4.210720775686465,26.81109059618008,0,1,0.6832887630433643
4.679179766028563,4.2660375793807415,74.76153934779418,0,1,0.9031513816789891
4.542431264393468,4.336964475118197,33.397780911568965,0,1,0.7443238424833517
3.585356045363009,2.886950084170784,48.46677936124656,1,1,0.4385978711132085
3.750903183018154,3.167206329842028,79.54103026123202,0,1,0.5675633160295737
4.608749365300274,3.803391600081089,13.482441054293304,0,1,0.5705259294216349
4.0395102778578655,3.3163414721869344,68.28999319122262,0,1,0.646845996539248
4.136338852429229,3.3941151411578083,57.53190976176534,0,1,0.6674269833779037
4.8623336449361885,3.613086014491672,45.814766172513,0,1,0.7731372240574693
4.603958923772872,4.294734790049554,77.78585237074671,0,1,0.8993497981228042
3.95122310649724,2.1093355942427707,31.69085234625105,1,0,0.34825127156415503
3.976067901280972,2.360882850632919,48.38641672280522,1,1,0.46979707409155264
3.6198347589247057,3.341027728050128,71.44670493469053,0,1,0.5679303654763778
3.1201262868487367,2.8727272766285696,28.06526136829848,1,0,0.248780871480258
3.079797987438347,2.812447458990361,16.658944044379307,1,0,0.1640448849037806
3.167206329842028,2.927815026242165,37.12059641391276,1,0,0.3214042263122018
3.368121720899127,3.0477913182705643,21.098271407126024,1,0,0.26086728540716275
3.211059095561552,3.0693059491819144,41.35740259172681,1,0,0.3769597818677573
3.202525635805094,2.886950084170784,42.75970218917658,1,0,0.3558020030412668
3.235997315422917,3.11027993879147,19.92813919930156,1,0,0.2458444759058256
3.1851095951491675,3.079797987438347,47.25443700717416,1,1,0.41264223166063657
3.319926915738084,3.0024626446266525,37.44050684599063,1,0,0.35124010277384504
3.1201262868487367,2.927815026242165,29.30348000239608,1,0,0.26427560169891456
3.965724241788493,3.724853075425512,64.2680607096922,0,1,0.7238739447328405
4.430492090544568,4.398161984856952,17.037722667353147,0,1,0.6269466729589429
3.965724241788493,3.7398684269000704,77.20238442573428,0,1,0.741623407267579
3.993776540909293,3.7653263286324985,78.43444904880896,0,1,0.754050652823659
3.991276537730371,3.768881893333044,71.1690720934365,0,1,0.7457658224529391
3.2520987935900565,3.0693059491819144,75.71152744631883,1,1,0.4756174296051596
4.188103581161467,3.5710270886311823,55.80479435430438,0,1,0.7196528760945938
4.293954777765312,3.806742393075613,26.99630824302446,0,1,0.6203660007340989
4.03834769806497,3.715286380106552,47.04548437476281,0,1,0.6901316134444969
4.675750420917766,3.724853075425512,40.05326883925054,0,1,0.7390540611399508
6.52771003975511,6.279664097299213,41.49080311167958,0,1,0.8882596612657961
4.332570865185602,4.0371830025661,77.20266677893294,0,1,0.8448691730900321
3.663094465249524,3.211059095561552,72.04570573451194,0,1,0.5518850610875151
3.510270037434019,3.231907844639704,24.76954209181467,1,0,0.3350112736615804
3.419093921257479,3.231907844639704,15.116370016673018,1,0,0.2601331865135546
3.732404785461451,3.3779933819075314,22.220854936548093,1,0,0.3800010487127052
4.361307454246373,4.056700210050037,38.04049803595272,0,1,0.7320539038330449
3.0255282039758984,2.796446625578894,69.87366308156875,1,1,0.4077132819464107
5.12853963608747,4.402787714854681,40.76757592429455,0,1,0.8471763410413717
5.285556157609111,4.464264913571809,62.46796308165646,0,1,0.9393844056420745
4.834438945285268,3.8823091776663983,41.3673455542344,0,1,0.7918829636621046
5.0847018950412775,3.905637500552684,45.18511779731344,0,1,0.8340149965916837
5.1327626801135136,4.461867907024505,63.01874751498829,0,1,0.9347176341041372
4.357785155867507,3.952555052867688,71.40303066681605,0,1,0.8312096901053957
4.618694071494053,4.124244004288283,26.717678264102727,0,1,0.6954013947878979
4.266852347154693,3.7653263286324985,49.01415874679398,0,1,0.752162969954381
3.337558884869751,3.0745734686292843,53.65748570460655,1,1,0.45695034345341096
3.29439646516061,3.079797987438347,69.12332635101116,1,1,0.4758796077814482
3.2639145138074874,3.0477913182705643,60.85401328766615,1,1,0.45613759110691626
3.301795391497299,3.0083074341071465,37.75416886160097,1,0,0.35160715222064914
3.488664610282048,3.171729316864807,66.59780006156996,0,1,0.5155209480362855
3.3234923845697346,3.058639035591379,29.454444866698303,1,0,0.30908185202663735
3.3091097568244168,3.11027993879147,55.55063902212612,1,1,0.4622201247968119
4.43863708544967,3.880822533560069,62.48949407550599,0,1,0.8246552356981806
4.567349253497759,4.096164764997646,66.77740053122062,0,1,0.867626238791883
4.730900203209338,4.297069139142062,18.69834275092313,0,1,0.6689738346180064
4.866494699854004,4.271719290761233,76.69968791609266,0,1,0.9264328037334172
5.531597278728977,5.009178942821308,50.5448240227635,0,1,0.9277961302501181
4.728133913011866,4.550845518706449,75.1595945134177,0,1,0.9242829426878507
4.257005999097426,3.991276537730371,33.23919095803235,0,1,0.6794871794871794
5.300303353863291,4.998885194578788,70.45814163567331,0,1,0.958077709611452
4.775081929186741,4.525263428646577,42.48446213599486,0,1,0.8430863614912694
4.880692965166324,4.355662434186871,20.48344572735673,0,1,0.7003827801373813
4.75830264013568,3.992527760025285,38.34352099223215,0,1,0.7763620156258192
4.727341343251132,4.479630379205095,23.280835660985414,0,1,0.7084578679670703
4.65121627381003,4.2133819021816095,11.712842506211151,0,1,0.6070997850138954
4.915312409879418,4.558118324242651,50.69472255967069,0,1,0.9041738765665146
4.996546105680627,4.496344521368654,13.631006406295274,0,1,0.6677415971894499
5.011980937346747,4.487176951904235,15.217641395183962,0,1,0.6784646845996538
5.886308124427448,4.775449851013488,53.95405798934482,0,1,0.9399611976299093
4.92470276632615,4.429861237856723,52.87753650549295,0,1,0.9036757380315663
5.086288017290537,4.497481288985457,29.12445205284896,0,1,0.7730585706045828
4.419040492775577,3.880822533560069,19.631698633335034,0,1,0.5998898851659588
4.419040492775577,4.200867536980562,53.16179709505315,0,1,0.8341460856798281
4.720965200848781,4.105662053869821,22.44587229442584,0,1,0.6785695558701694
4.500314405608402,4.088679299549203,62.020835495215785,0,1,0.8530753500078654
5.167576124217289,4.683440767120957,38.49402531446193,0,1,0.8441350741964239
3.079797987438347,2.7631923926632385,78.58610678628428,1,1,0.41822662681558387
3.1002797353334985,2.780035469986358,31.1508224991622,1,0,0.2554664149756174
4.7316883806488566,4.530678012550188,63.139293328887454,0,1,0.9102564102564102
4.028970240921374,3.7305251952705336,39.86619180589155,0,0,0.6475538776152273
3.3972913263367714,2.490764990790801,17.79822543831937,1,0,0.1787530805935714
3.622068618086158,3.227792074828318,28.75553312770704,1,0,0.3736825546641498
4.676609481449432,3.981177708863833,79.69619301549272,0,1,0.8839861569922919
3.8852721459215935,3.3513228562111674,43.14362106906879,0,0,0.5466152797441141
4.462468000833122,4.146246171013484,65.26047738788411,0,1,0.8574537255518851
5.017800309324905,4.227390669406849,34.452418921201414,0,1,0.7903098946043731
4.817788152141724,3.7653263286324985,51.69470740794721,0,1,0.8292171359656022
4.241099359519376,3.87634176846632,32.9674604152039,0,1,0.6614231031408946
4.436766650606406,3.750903183018154,28.89886719866839,0,1,0.6412091657490431
4.435516650209041,3.687712884979313,56.93901720681836,0,1,0.7805044308111793
4.633097583219076,3.7599556677453,52.949956599458666,0,1,0.8096062083792145
4.437390736467657,3.8823091776663983,29.197208884612014,0,1,0.6642021918095538
4.669704492015309,3.713355760241321,17.999756082306757,0,1,0.5913953122542079
4.875366129029444,4.021845863085313,63.42952427312537,0,1,0.8917466310104346
4.4894811848163485,4.056700210050037,17.219180221610383,0,1,0.6110324576582246
4.657880686685224,4.116051892437427,52.140489395642646,0,1,0.8545959834303393
4.854579890329041,4.008574888058639,56.92148672249082,0,1,0.877379266949819
4.402787714854681,3.9445214745821695,43.1933873341035,0,1,0.7598447905196372
4.51650366828665,4.007354677965467,11.979202496125945,0,1,0.5742750773425621
4.8623336449361885,4.274943478940405,19.07044680639731,0,1,0.6845210004719208
4.873475433415087,4.014641284189548,40.092193938188494,0,1,0.8015049027318967
4.747251457545309,3.721043540368042,19.69390021720734,0,1,0.613182318703791
4.715333486319598,3.9253747475178553,51.74354928301528,0,1,0.8404645797283834
4.653445464499836,3.961801859746015,10.959805143865728,0,1,0.5797283834093651
5.117858480296069,4.487753788356083,37.42651447514737,0,1,0.8300298883120969
4.719762569740125,4.08327842361585,36.407021157795256,0,1,0.7682869277961303
4.789636280106135,3.899884652828887,48.317692435519454,0,1,0.8322584028105501
4.759435049749905,4.032502908584476,34.09679880418803,0,1,0.7533427717476796
4.869677202682406,4.071233585646717,70.29653102615522,0,1,0.9026532431440407
4.483704972322242,4.110878056661453,48.75424602751894,0,1,0.8207749986891092
4.969692737879124,4.103563691334334,35.59729376613024,0,1,0.7874259346651984
4.940243098180309,4.666659973871655,12.79585906724044,0,1,0.6657228252320276
5.020815627034549,4.198153751995675,56.54047742764601,0,1,0.9023648471501232
4.101458426278079,3.667263861103088,12.68468414280056,1,0,0.46924649992134654
4.93453132443682,3.9363857718056185,43.93968389962663,0,1,0.8221645430234387
4.25617859109595,3.691725437308014,29.492434127133933,0,0,0.6076765770017304
4.609703165774873,3.665182558455806,48.518246387570336,0,1,0.7710660164647894
5.334983100286045,3.494134729052262,15.125849171659183,0,1,0.5637355146557601
5.181378261095104,3.9747840492957778,59.2313735596876,0,1,0.895653085837135
4.878191740683278,4.53013861091691,45.7395460703263,0,1,0.8727911488647685
4.788916370018977,3.738010660718975,51.540153622154165,0,1,0.820434167059934
4.025417965381759,3.244098689420949,75.91183593319215,0,1,0.639164175973992
4.5759467751245495,3.784641923608493,31.804048215441323,0,1,0.6834460699491375
4.81156107598917,3.952555052867688,66.4057114768531,0,1,0.8813119395941481
4.702684046815159,3.826486889536718,30.53044868760029,0,1,0.6968958103927428
4.559150582530949,4.023038780485674,32.12037579880083,0,1,0.714016045304389
4.544545221724192,3.87634176846632,19.166404720331403,0,1,0.6105605369409051
4.502571903539902,3.8793324281139294,14.785187030979523,0,1,0.5778407005400871
3.894079624368111,3.68569713528146,72.89828413024637,0,1,0.7084054323318126
3.981177708863833,3.6016775127620075,34.63714280191562,0,0,0.5766084631115306
4.288467910110598,4.095100758102533,53.20383322355986,0,1,0.8091080698442662
4.717753148937137,3.9445214745821695,79.45822999027017,0,1,0.8839075035394054
3.305463023311049,3.0639947153805096,54.46635855073316,1,1,0.4508415919458864
3.330564279729149,3.0639947153805096,44.40259824342306,1,1,0.4118556971317708
3.298106620478579,3.0024626446266525,17.121047497961527,1,0,0.21433065911593516
4.229983515627124,3.9295261134248034,15.272160018286776,0,1,0.5506528236589586
4.888446876342899,4.3244367291184345,23.73246828016288,0,1,0.7201247968119134
4.987631582201091,4.566839902098012,64.95841722779333,0,1,0.9356090399035185
4.779117482827238,4.539247178223794,33.4872984854197,0,1,0.7844371034555083
4.610179533493181,4.238551247327898,48.53319259167392,0,1,0.843374757485187
4.682165442886263,4.105662053869821,53.0911460008341,0,1,0.8591578836977609
4.508181054255799,4.229120400189496,17.80156550046496,0,1,0.6314299197734781
4.255350112015857,4.255350112015857,43.15783557603256,0,1,0.7671857794557181
4.36690311830764,3.959173519296316,64.06590913754546,0,1,0.8249960673273556
4.42542777133988,4.219548501851159,33.403941339426474,0,1,0.7227990142100572
4.771391030837306,4.332570865185602,17.200824668978875,0,1,0.6664569241256358
4.83073854075841,4.225656251001175,69.93697763524197,0,1,0.9110691626029048
4.769537568783129,4.488330105369363,16.346384991959066,0,1,0.6684494782654292
5.187203544030238,3.8733370681116273,12.32761206289735,0,1,0.6172198626186356
3.5710270886311823,3.03675656215248,24.694028874861417,1,0,0.30685333752818417
3.815043417358895,3.2678051032963715,56.779917692728326,0,1,0.5700277908866865
4.788916370018977,4.241099359519376,64.3553824928014,0,1,0.9019453620680614
4.434264203625386,4.179761681744567,65.85064812004246,0,1,0.8568244979287923
4.419682096839337,4.076736629010066,32.04302611525582,0,1,0.7010644433957318
4.647633339329761,4.294734790049554,47.38387210807619,0,1,0.8448167374547743
4.602996517576478,4.239401745791932,78.73982549168822,0,1,0.8955744323842483
4.614923810222221,4.11810977202397,63.44195147752232,0,1,0.8718735252477584
4.460666028737018,4.095100758102533,64.39476352939846,0,1,0.8519217660321955
4.394837302055604,3.6976974868625,12.773275480831808,0,0,0.5195322741335011
4.548227928145474,4.189023782614028,52.75041633394599,0,1,0.846783073776939
4.729716114064915,4.384758353595996,74.68608815476456,0,1,0.9153164490587803
4.741459562812561,4.373140308983168,75.13399902778804,0,1,0.9172041319280583
4.719762569740125,4.222173249207457,33.09829476764656,0,1,0.7561480782339678
4.529598754284308,4.529598754284308,61.883899758784985,0,1,0.8838550679041476
4.820879116024825,4.418398244854143,57.03376565757062,0,1,0.9054585496303288
4.943079982257901,4.003680026722155,44.19587366798629,0,1,0.832074878087148
4.299395004815162,4.055568467933723,24.99256622299088,0,1,0.6378008494572912
4.127289212253989,3.518187664187649,30.459201495009808,0,0,0.5570761889780295
4.701033497866795,4.225656251001175,63.49463175568493,0,1,0.8895181165119815
4.808424668949808,4.505943289738212,15.697871895954233,0,1,0.6690787058885218
4.983127320181167,4.797502300912612,39.94198497174231,0,1,0.8477269152115778
4.82122163677156,4.066796826110305,79.20994170411394,0,1,0.9085522521105344
4.793938817318855,4.437390736467657,27.992010864404424,0,1,0.7441140999423208
2.9724101754504786,2.4775686469810494,44.39256643330032,1,1,0.30913428766189505
4.990266415070383,1.6415675887753836,16.71591827884766,1,1,0.38534948350899273
2.7098281629422463,1.8844409466665213,76.11163179608752,1,1,0.3555660426826071
4.367599148827575,4.2359929494510205,34.142456494428075,0,1,0.7209375491584081
4.704330349973759,3.941821048634837,73.74166569344224,0,1,0.876278118609407
3.9683258713873215,3.4803707577108454,45.39621426219296,0,1,0.6140999423208012
4.667095792751281,4.44729422228052,22.10131743568516,0,1,0.6922814744900635
4.818820133015688,4.344941915514989,53.04642289626727,0,1,0.891694195375177
4.8146821875663175,4.270101085095083,34.60048644101544,0,1,0.7817366682397356
4.57945363321391,4.418398244854143,57.9045476459868,0,1,0.8791358607309526
4.7661877501440255,4.44729422228052,39.38480089705941,0,1,0.8176812962089036
4.634015804323498,4.013432596389312,10.62629149000825,0,1,0.5803576110324576
4.83073854075841,4.591333324644348,40.2660352513678,0,1,0.8364532536311677
4.973212949842672,4.567858199846647,19.85185738448688,0,1,0.7112893922709874
4.919437654364557,4.508739274962798,24.107049499485992,0,1,0.7339940223375807
4.7316883806488566,4.352108843713408,64.86453743265513,0,1,0.9035184311257932
4.717350506583498,4.468438193380089,73.85369306399555,0,1,0.9177284882806355
4.828033835200966,4.437390736467657,52.95600063592418,0,1,0.896963976718578
4.745712070152509,4.545072621836444,71.81315320346192,0,1,0.921975774736511
4.8101690145376805,4.297845367254196,33.9869923520973,0,1,0.7788789261181899
4.697304125060911,4.494064910766182,23.20779089761366,0,1,0.7051019873105764
4.3244367291184345,4.097227005905399,65.53257077847175,0,1,0.8362697289077657
4.724161212484293,3.870318194589618,56.19649358591532,0,1,0.8451837869015782
4.734831419501098,4.241099359519376,33.91548575610951,0,1,0.7653767500393268
4.778019398485796,4.43863708544967,42.72875847558836,0,1,0.8403597084578679
4.680034238785662,4.294734790049554,20.951265525891685,0,1,0.6789366053169733
4.28134353227454,3.829719219639802,14.504775477270485,0,1,0.5414241518535997
4.6413145291858005,4.195428410758826,55.97015980393096,0,1,0.8666299617219863
4.499748784714318,3.9683258713873215,27.702296742061407,0,1,0.6719626658276964
4.633097583219076,3.899884652828887,47.608254754656,0,1,0.8090556342090084
4.513741471508687,4.063448954483071,66.81585826920981,0,1,0.8577159037281737
4.804570291025669,4.292391895425758,20.19270486310052,0,1,0.6875098316816107
4.7213655762137305,4.439259350933792,64.25387022618341,0,1,0.9057731634418751
4.885046723452885,4.286891554633865,54.31993052468573,0,1,0.8966231450894028
4.79322373344558,4.26030497547417,52.615530235919465,0,1,0.881914949399612
4.656110284449774,3.996266816424791,68.15738287704137,0,1,0.8705626343663152
4.551367754557541,4.314688444577315,29.747042340711378,0,1,0.7199674899061402
4.842770226693332,3.7863693200687583,13.529288467877324,0,1,0.5954590739866813
4.5971914891157,2.641366006428859,35.913340658818164,0,1,0.5038015835561848
5.728755818532866,2.6716078527332074,73.86582209413999,0,1,0.69028892035027
4.91294313368906,4.530678012550188,14.509733681410069,0,1,0.6717267054690367
4.761693875624121,4.550322856366255,46.95383589037076,0,1,0.8681243773268313
4.669704492015309,4.342052520088092,31.933004883072304,0,1,0.7504063761732472
4.334771440419543,3.8911572448611778,45.07409057821564,0,1,0.7563840385926275
4.903979401728152,4.240251115525092,41.93746199332888,0,1,0.8351423627497248
4.808075228591687,4.271719290761233,62.92139515045534,0,1,0.9047244507367207
4.222173249207457,3.967026378555077,77.10715103382701,0,1,0.821168265953542
4.732475588620185,3.87783884517235,57.83658798004478,0,1,0.8524985580200304
4.723762582761035,4.290040392474152,56.48323947473025,0,1,0.8852970478737351
4.628949207153673,4.20983126894147,67.94033684912638,0,1,0.8841958995333229
4.460064242138847,4.001218485226168,52.01564515190597,0,1,0.8187037910964291
4.664913724493604,3.981177708863833,47.49756077487938,0,1,0.8213255728593151
5.036172400959376,4.095100758102533,62.08817097917546,0,1,0.9057469456242462
5.268761701421015,4.044139592797718,38.800077662673615,0,1,0.8133815741177705
4.98921378325414,4.5601811785668565,79.91247152008211,0,1,0.9518116511981543
4.99367556060331,4.605879405333984,13.060096769781463,0,1,0.6690262702532642
5.208120438385667,4.067908902845371,78.02607200713213,0,1,0.9269833779036233
4.912646356498487,4.259481824235294,55.88817796216933,0,1,0.8996381941167217
4.711686752806229,4.404759981438622,25.02312073743869,0,1,0.7137538671281002
4.857174926829195,4.458255479747912,19.9998513370546,0,1,0.6999632950553195
4.840115997902006,4.270910699371298,17.88254780361186,0,1,0.6741649625085208
4.7340471056774485,3.9747840492957778,64.68556624718532,0,1,0.8730533270410571
4.403445812599044,4.333305231301747,78.47184860040991,0,1,0.877405484767448
4.251191552875044,3.553894134349836,20.551207693163235,0,0,0.5216034817261811
4.874106286102934,4.632178042831003,57.57316514865292,0,1,0.9205337947669235
4.627560418181948,4.428597663902344,42.14124981148338,0,1,0.818362959467254
4.153091156048204,3.677570041945698,28.740955353253337,0,0,0.5842902836767867
4.648530955185175,4.144276938690618,79.02031634703042,0,1,0.8950500760316712
4.310138662382687,3.839319399645877,72.08138210490533,0,1,0.8131980493943685
4.390153538338689,4.110878056661453,27.6888272937522,0,1,0.6722772796392428
4.542960408698104,3.892620102640926,43.84986977093596,0,1,0.7743694614860259
4.362009593647572,3.896988720285981,22.71549700782216,0,1,0.6147029521262649
3.811735916457492,3.663094465249524,68.32285259840042,0,1,0.6776257144355303
4.328886341479959,3.129823442061922,73.93723501482413,0,1,0.6668764092076974
3.74356785916599,2.886950084170784,18.479928060276123,1,0,0.2697289077657176
3.54891356446692,2.7098281629422463,45.585771683186906,1,1,0.3963085312778564
3.4775820822747137,3.193876855538391,58.65829349237762,0,1,0.5078391274710293
7.050883119311632,6.156287816417512,71.43521913512447,0,1,0.9869697446384563
7.050883119311632,6.156287816417512,11.136657503088545,0,1,0.6981542656389282
1.1467260603059553,1.1467260603059553,31.038589351318464,1,0,0.16656179539615124
7.050883119311632,6.156287816417512,25.87619779592241,0,1,0.7965235173824131
7.050883119311632,6.156287816417512,39.76112400058618,0,1,0.8872896020135285
7.050883119311632,6.156287816417512,22.10902655656936,0,1,0.7718787688112841
7.050883119311632,6.156287816417512,79.36252603669143,0,1,0.9960935451732998
6.614593559018928,5.523648276614292,30.73178085480135,0,1,0.8142729799171518
6.738849741448375,5.50627478852114,25.24582300028945,0,1,0.7816055791515915
6.76071725982548,6.017196422093473,48.63406788589878,0,1,0.9343505846573331
6.800934713595723,5.985233111064355,59.43144711368996,0,1,0.965969272717739
3.327038100010129,2.7546016596506684,30.474321362834853,1,0,0.2735304913219024
3.240060821137259,2.490764990790801,57.71733979706307,1,1,0.38375019663363225
5.851193411243526,2.6716078527332074,24.90552640571292,1,1,0.4908761994651565
3.206806588221604,2.3446794535229736,29.04872304862071,1,0,0.21763410413717163
3.223649665544723,2.17676632426378,68.13722448180904,1,1,0.381154632688375
4.679179766028563,4.2660375793807415,25.38555181933576,0,1,0.7049446804048031
4.951515956770237,4.290825187177028,61.72839448824533,0,1,0.9162865083110482
3.953884232992384,3.701648116691032,37.54302009420622,0,0,0.6102983587646165
4.203569863303665,3.896988720285981,25.872201134307776,0,1,0.6133658434271931
4.406071457307381,3.9799040766027054,66.31687558942592,0,1,0.8358764616433328
4.335503287268873,4.244481137533203,33.51978906854085,0,1,0.7139111740338734
4.316197879239263,4.021845863085313,15.234908214442,0,1,0.5730952755492633
3.488664610282048,3.488664610282048,55.91048851620872,0,1,0.5686120287347282
5.0282923475813375,4.44667972391358,63.62713656390533,0,1,0.9305227832835196
3.608546988373597,3.608546988373597,66.47063059693018,0,1,0.6292276230926538
3.892620102640926,3.892620102640926,23.102045848778392,0,1,0.5335850243825704
3.796636919966727,3.796636919966727,36.34045564533986,0,1,0.5828745215248283
3.637491051096756,3.637491051096756,56.61312986563217,0,1,0.6251900791778092
3.561293060686524,3.561293060686524,24.13202175689514,1,0,0.41602433013475953
3.014099328839894,2.598683526749708,32.52448787330931,1,0,0.24081065492108436
4.738738635543852,4.470810763289093,21.062675039606297,0,1,0.695532483876042
4.439259350933792,1.1467260603059553,65.51832349037485,0,1,0.5574170206072048
4.5774520678608255,3.984983468343978,42.81103417689311,0,1,0.7831262125740652
3.648283886970039,3.460589933734476,39.79360878619257,0,0,0.5054795238844318
3.68569713528146,3.4490059070825607,13.848817560059912,1,0,0.33645325363116774
3.933650724908096,3.488664610282048,55.38765616827308,0,1,0.6481044517854334
3.9363857718056185,3.454824128971361,11.155158164086435,1,0,0.3743904357401289
3.9363857718056185,3.483147334733948,10.886095372778016,1,0,0.38039431597713796
3.681646488848405,3.406726386648581,53.13385829067767,0,1,0.5649939699019454
4.286891554633865,3.793232656621063,23.460133523851177,0,1,0.5944627969167847
5.685618471336631,3.3909231145907435,13.776622200249593,0,1,0.5307535000786535
5.5324994815215565,4.128301070172273,20.49233140459224,0,1,0.7055476902102669
8.39831384153749,6.468140295696887,56.38412408312681,0,1,0.9689581039274291
5.437681953089483,3.3234923845697346,27.871038301937503,0,1,0.6046090923391537
4.177893067278432,3.0693059491819144,15.52566014193167,1,0,0.37148025798332546
5.780971214210837,2.7281151213064425,76.22169548718485,0,1,0.6988359288972785
3.553894134349836,3.058639035591379,27.97549757512871,1,0,0.32908604687745796
6.634437889922329,3.387715087823675,52.43502491612757,0,1,0.7788264904829322
3.717211193587484,3.283135177550767,55.03719460103903,0,1,0.5486602695191652
3.494134729052262,3.283135177550767,44.05450656198212,1,1,0.46982329190918143
3.646139831363459,3.305463023311049,30.28251227242469,1,0,0.4027056787792984
4.196338147941147,3.580615282945177,52.94082084880935,0,1,0.7163494310733575
4.865217254320107,4.449746332559916,57.83851975783792,0,1,0.913664726548162
4.785304622284605,3.953884232992384,71.72078493134543,0,1,0.8841958995333229
4.979661367115468,4.097227005905399,64.51447988320186,0,1,0.9061664307063081
4.328146884436403,3.832935306809513,57.51182920786111,0,1,0.7960778144827225
4.736006090984123,4.066796826110305,37.0381613747558,0,1,0.7720885113523149
4.718155538136184,4.019453336934525,60.73805962223482,0,1,0.8718735252477584
4.960117863845015,4.026604249317325,50.7120392188516,0,1,0.8718997430653873
4.888446876342899,4.266852347154693,77.75200728086156,0,1,0.9284515756908395
4.694805748433409,3.921196277833079,17.686382107082803,0,1,0.6251900791778092
4.536047171557103,3.400451826586744,51.62881417951342,0,1,0.7084316501494415
4.2453237972994415,3.734278871720067,12.466404570945738,0,0,0.504902731896597
4.408033645865356,3.775934306292795,37.153612463801096,0,1,0.6981280478212994
4.891215445909057,3.9183953980892072,66.17918583400403,0,1,0.8845105133448691
4.637675571265575,3.8456404386832608,62.99971665955336,0,1,0.8443972523727125
4.591333324644348,3.965724241788493,25.16644122135849,0,1,0.6665093597608935
4.365508782244137,3.796636919966727,24.630326732229147,0,1,0.6127628336217293
4.60779414124235,4.433009301262544,76.38722590822893,0,1,0.9054585496303288
4.766560819230661,4.221299528935239,71.7331175223784,0,1,0.9062713019768235
4.409989836894186,4.207155306854814,37.15496908306376,0,1,0.7448744166535578
4.071233585646717,3.5734376376202874,15.273780947616295,1,0,0.4609616695506266
4.749553618301052,4.347100433581318,58.70411570853961,0,1,0.8978291647003304
3.219480269691158,2.8581811959389336,48.67300855766298,1,1,0.3900949084998165
3.1851095951491675,3.1201262868487367,29.431464631356125,1,0,0.30446751612395784
3.1762205633663405,3.1201262868487367,42.96555282201351,1,0,0.394132452414661
3.129823442061922,2.9144812106243463,67.4613974748245,1,1,0.4295002883959939
3.167206329842028,3.0024626446266525,52.28347968535686,1,1,0.4177809239158932
3.381250386392313,2.9408767040861377,70.66646100433039,1,1,0.46594305490011007
3.381250386392313,3.0477913182705643,28.901532598072063,1,0,0.3118871585129254
3.3909231145907435,2.7098281629422463,28.28412674447776,1,0,0.26401342352262597
2.812447458990361,2.421881365707687,73.67348248149014,1,1,0.3699334067432227
4.464264913571809,2.5875528114141124,15.72532083131822,1,0,0.34979812280425776
5.833344063805022,2.609623964099661,20.934103457562024,1,1,0.45930994704000844
3.6976974868625,2.8727272766285696,61.510768816767154,1,1,0.4879398038907241
4.592313416719502,2.436263993453005,75.85382146188802,0,1,0.6177966546064706
4.593780746364926,2.6309592730709195,31.6951138369082,1,1,0.47273346966598506
6.820510443380041,2.959982600501933,35.175694551803424,0,1,0.6035603796339992
7.116734522602045,4.316197879239263,50.31041484335525,0,1,0.9327775155996015
4.820879116024825,2.464094465094437,44.30973773399208,0,1,0.5718892559383356
5.206809538146807,2.2934521206119105,14.521692647546947,1,1,0.38770908709559015
4.075639799264315,2.275422759353225,60.32400853408172,0,1,0.5206596402915421
5.7204922541046725,2.907708660652802,60.580044252240086,0,1,0.7030569975355251
5.698528686117572,2.503694723474013,38.87535839945011,0,1,0.5672749200356563
3.7417208160369433,1.6415675887753836,38.30747850970023,1,0,0.34227360914477484
5.610392563361984,2.886950084170784,63.53544442959558,0,1,0.7013790572072781
5.588778142943922,2.6203805198221444,34.20073850175507,0,1,0.5436526663520529
5.571623986429713,4.064566858697433,21.604774342183745,0,1,0.7067799276388235
5.647417268986767,2.5646932385487817,58.589439572909306,0,1,0.6613706675056369
7.107374698410642,2.9473089190323787,37.63512883499772,0,1,0.6260028315243039
5.108090612211245,1.9484943601429907,29.9802094102236,1,1,0.4782916470033034
4.602514771223283,2.436263993453005,30.35627356737896,1,1,0.4510513344869173
6.603696468547293,3.271672184548188,61.5194322677825,0,1,0.7754968276440669
5.544445750743091,2.085181784333749,47.79014688355699,0,1,0.6032719836400818
5.776368533459896,2.275422759353225,28.6708283832068,1,1,0.4882019820670127
6.319430549648289,3.491405513828929,56.86440122407561,0,1,0.8161082271511719
4.968333637771852,3.215283533341617,41.226693544662986,0,1,0.6588275391956374
5.867624507569277,2.8654955612660524,68.55918787279654,0,1,0.7069372345445966
5.52513200442997,3.409840748025332,32.493554085456715,0,1,0.6563892821561533
4.550845518706449,4.550845518706449,15.030818535298271,0,1,0.6355723349588381
5.794209674520986,2.528795979892114,50.80384869823295,0,1,0.6421792250013109
4.552931910122262,4.226524047744302,33.619173917058085,0,1,0.7403649520213937
4.548752303430852,4.221299528935239,30.63909264981947,0,1,0.7177389754076869
4.605399824944364,4.343498848387252,62.19401399682983,0,1,0.884536731162498
4.307087405113264,3.8852721459215935,61.04975999989758,0,1,0.8065911593518956
2.7281151213064425,1.8132565401959784,37.82751530972716,1,0,0.23831996224634264
2.3446794535229736,1.5346529745909572,46.51056030236193,1,1,0.28454197472602377
2.8432968041538027,1.8844409466665213,54.77808797009304,1,1,0.3303707199412721
3.409840748025332,2.310987464092303,57.80755167424745,1,1,0.3973048083477531
2.8727272766285696,2.1093355942427707,51.42810347263814,1,1,0.3255728593151906
3.732404785461451,2.376686122690757,46.076695782831,1,1,0.4018929264328037
3.556369959487704,2.2568707357543434,60.572764835657175,1,1,0.41775470609826443
3.419093921257479,1.9782671701493224,20.584078993500587,1,0,0.1824235750616119
3.271672184548188,2.464094465094437,75.51787202224533,1,1,0.4071627077762047
3.283135177550767,2.7546016596506684,44.18537872769849,1,1,0.35842378480415293
3.719130235505088,2.490764990790801,62.843469865770544,1,1,0.4561375911069163
3.3844908996445024,2.609623964099661,19.89164134811116,1,0,0.19865240417387656
3.5464086689013925,3.0693059491819144,22.696388541659346,1,0,0.29736248754653666
3.244098689420949,2.8654955612660524,41.9992746511334,1,0,0.3526558649258036
2.2568707357543434,1.77445678223346,21.08053122429088,1,0,0.12026112946358346
5.83292134252149,5.334829641467422,56.36444500063731,0,1,0.9464632164018667
